cell,metric,note,pair,target_est,ref_est,n_target,routes_target,n_ref,routes_ref,diff,ci_lo,ci_hi,mde80,effect_over_mde,excludes0,ref_ok
A15_2.5-5,mode_ratio_1.8-3Hz,4,T64-V282,0.2,0.0656,10,2,9,2,0.1344,0.0003,0.641,0.371,0.3623,True,False
A15_2.5-5,mode_ratio_1.8-3Hz,4,T64-V282old,0.2,0.042,10,2,19,3,0.158,-0.03,0.5723,0.384,0.4114,False,True
A15_2.5-5,mode_ratio_1.8-3Hz,4,T64-V282pool,0.2,0.0445,10,2,28,5,0.1555,0.0521,0.6974,0.3682,0.4225,True,True
A15_2.5-5,mode_ratio_1.8-3Hz,4,T64B-V282,0.2402,0.0656,6,1,9,2,0.1746,-0.0181,0.3426,0.2626,0.6647,False,False
A15_2.5-5,mode_ratio_1.8-3Hz,4,T64B-V282old,0.2402,0.042,6,1,19,3,0.1982,-0.0166,0.3559,0.2777,0.7137,False,True
A15_2.5-5,mode_ratio_1.8-3Hz,4,T64B-V282pool,0.2402,0.0445,6,1,28,5,0.1957,0.0151,0.3495,0.2547,0.7685,True,True
A15_2.5-5,mode_ratio_1.8-3Hz,4,T4-V282,0.2541,0.0656,10,1,9,2,0.1885,0.0277,0.3225,0.2028,0.9292,True,False
A15_2.5-5,mode_ratio_1.8-3Hz,4,T4-V282old,0.2541,0.042,10,1,19,3,0.2121,0.0055,0.3441,0.2188,0.9695,True,True
A15_2.5-5,mode_ratio_1.8-3Hz,4,T4-V282pool,0.2541,0.0445,10,1,28,5,0.2096,0.0802,0.3372,0.1905,1.1003,True,True
A15_2.5-5,mode_ratio_1.8-3Hz,4,V282old-V282,0.042,0.0656,19,3,9,2,-0.0236,-0.1007,0.1878,0.1561,0.1512,False,False
A15_2.5-5,hf_ratio_2-10Hz,4,T64-V282,0.277,0.1238,10,2,9,2,0.1531,-0.1497,0.4701,0.4344,0.3524,False,False
A15_2.5-5,hf_ratio_2-10Hz,4,T64-V282old,0.277,0.1327,10,2,19,3,0.1443,-0.0337,0.5091,0.3785,0.3812,False,True
A15_2.5-5,hf_ratio_2-10Hz,4,T64-V282pool,0.277,0.1323,10,2,28,5,0.1447,-0.0202,0.5397,0.3719,0.389,False,True
A15_2.5-5,hf_ratio_2-10Hz,4,T64B-V282,0.3242,0.1238,6,1,9,2,0.2004,-0.2213,0.3191,0.3779,0.5302,False,False
A15_2.5-5,hf_ratio_2-10Hz,4,T64B-V282old,0.3242,0.1327,6,1,19,3,0.1915,-0.1086,0.3259,0.3167,0.6048,False,True
A15_2.5-5,hf_ratio_2-10Hz,4,T64B-V282pool,0.3242,0.1323,6,1,28,5,0.1919,-0.0341,0.3124,0.2906,0.6604,False,True
A15_2.5-5,hf_ratio_2-10Hz,4,T4-V282,0.2473,0.1238,10,1,9,2,0.1235,-0.1081,0.1935,0.2749,0.4491,False,False
A15_2.5-5,hf_ratio_2-10Hz,4,T4-V282old,0.2473,0.1327,10,1,19,3,0.1146,-0.0633,0.2215,0.1867,0.614,False,True
A15_2.5-5,hf_ratio_2-10Hz,4,T4-V282pool,0.2473,0.1323,10,1,28,5,0.115,-0.0318,0.1986,0.1389,0.828,False,True
A15_2.5-5,hf_ratio_2-10Hz,4,V282old-V282,0.1327,0.1238,19,3,9,2,0.0088,-0.2548,0.1867,0.3197,0.0277,False,False
A15_2.5-5,mode_rms_1.8-3Hz,4,T64-V282,8.2796,2.1468,10,2,9,2,6.1328,2.3722,15.4931,9.7007,0.6322,True,False
A15_2.5-5,mode_rms_1.8-3Hz,4,T64-V282old,8.2796,1.5968,10,2,19,3,6.6828,2.7363,16.0101,9.7533,0.6852,True,True
A15_2.5-5,mode_rms_1.8-3Hz,4,T64-V282pool,8.2796,2.0076,10,2,28,5,6.2719,2.6926,15.5993,9.7298,0.6446,True,True
A15_2.5-5,mode_rms_1.8-3Hz,4,T64B-V282,13.5843,2.1468,6,1,9,2,11.4375,6.0648,15.7926,8.1736,1.3993,True,False
A15_2.5-5,mode_rms_1.8-3Hz,4,T64B-V282old,13.5843,1.5968,6,1,19,3,11.9875,6.4289,16.64,8.1843,1.4647,True,True
A15_2.5-5,mode_rms_1.8-3Hz,4,T64B-V282pool,13.5843,2.0076,6,1,28,5,11.5766,6.3741,16.4055,8.0688,1.4347,True,True
A15_2.5-5,mode_rms_1.8-3Hz,4,T4-V282,9.9818,2.1468,10,1,9,2,7.835,5.9026,11.7373,4.5594,1.7184,True,False
A15_2.5-5,mode_rms_1.8-3Hz,4,T4-V282old,9.9818,1.5968,10,1,19,3,8.385,6.4127,12.0493,4.6566,1.8007,True,True
A15_2.5-5,mode_rms_1.8-3Hz,4,T4-V282pool,9.9818,2.0076,10,1,28,5,7.9741,6.3509,11.7672,4.4733,1.7826,True,True
A15_2.5-5,mode_rms_1.8-3Hz,4,V282old-V282,1.5968,2.1468,19,3,9,2,-0.55,-2.1978,1.5287,2.5816,0.2131,False,False
A15_2.5-5,hf_rms_2-10Hz,4,T64-V282,10.2484,4.5581,10,2,9,2,5.6903,1.3865,21.3136,14.0346,0.4054,True,False
A15_2.5-5,hf_rms_2-10Hz,4,T64-V282old,10.2484,3.9766,10,2,19,3,6.2718,2.9428,21.6237,13.7089,0.4575,True,True
A15_2.5-5,hf_rms_2-10Hz,4,T64-V282pool,10.2484,4.2673,10,2,28,5,5.9811,2.8009,21.1369,13.7558,0.4348,True,True
A15_2.5-5,hf_rms_2-10Hz,4,T64B-V282,17.6163,4.5581,6,1,9,2,13.0583,4.7304,19.5489,10.6755,1.2232,True,False
A15_2.5-5,hf_rms_2-10Hz,4,T64B-V282old,17.6163,3.9766,6,1,19,3,13.6398,6.3614,20.8894,10.3977,1.3118,True,True
A15_2.5-5,hf_rms_2-10Hz,4,T64B-V282pool,17.6163,4.2673,6,1,28,5,13.349,6.1683,19.9147,10.2788,1.2987,True,True
A15_2.5-5,hf_rms_2-10Hz,4,T4-V282,11.0043,4.5581,10,1,9,2,6.4462,0.741,10.62,6.9304,0.9301,True,False
A15_2.5-5,hf_rms_2-10Hz,4,T4-V282old,11.0043,3.9766,10,1,19,3,7.0277,2.3737,11.1653,6.2908,1.1172,True,True
A15_2.5-5,hf_rms_2-10Hz,4,T4-V282pool,11.0043,4.2673,10,1,28,5,6.737,2.3742,10.7675,6.0738,1.1092,True,True
A15_2.5-5,hf_rms_2-10Hz,4,V282old-V282,3.9766,4.5581,19,3,9,2,-0.5815,-4.6461,2.1046,4.9232,0.1181,False,False
A15_2.5-5,travel_conc,4,T64-V282,0.2452,0.2078,10,2,9,2,0.0374,-0.2767,0.176,0.3869,0.0966,False,False
A15_2.5-5,travel_conc,4,T64-V282old,0.2452,0.1846,10,2,19,3,0.0606,-0.0066,0.2133,0.154,0.3937,False,True
A15_2.5-5,travel_conc,4,T64-V282pool,0.2452,0.1891,10,2,28,5,0.0561,-0.014,0.1778,0.156,0.3594,False,True
A15_2.5-5,travel_conc,4,T64B-V282,0.1735,0.2078,6,1,9,2,-0.0343,-0.3363,0.0645,0.3606,0.0951,False,False
A15_2.5-5,travel_conc,4,T64B-V282old,0.1735,0.1846,6,1,19,3,-0.0111,-0.0749,0.0744,0.1094,0.1012,False,True
A15_2.5-5,travel_conc,4,T64B-V282pool,0.1735,0.1891,6,1,28,5,-0.0156,-0.0921,0.0635,0.1181,0.132,False,True
A15_2.5-5,travel_conc,4,T4-V282,0.1908,0.2078,10,1,9,2,-0.017,-0.3134,0.0517,0.3571,0.0476,False,False
A15_2.5-5,travel_conc,4,T4-V282old,0.1908,0.1846,10,1,19,3,0.0062,-0.0662,0.0711,0.0898,0.0692,False,True
A15_2.5-5,travel_conc,4,T4-V282pool,0.1908,0.1891,10,1,28,5,0.0017,-0.0727,0.0578,0.096,0.0177,False,True
A15_2.5-5,travel_conc,4,V282old-V282,0.1846,0.2078,19,3,9,2,-0.0232,-0.3507,0.0613,0.3627,0.064,False,False
A15_2.5-5,dwelljump_per100deg,4,T64-V282,0.3643,0.1953,10,2,9,2,0.169,-0.5576,1.5519,1.795,0.0941,False,False
A15_2.5-5,dwelljump_per100deg,4,T64-V282old,0.3643,0.0942,10,2,19,3,0.2701,-0.6705,1.5595,1.8469,0.1463,False,True
A15_2.5-5,dwelljump_per100deg,4,T64-V282pool,0.3643,0.1271,10,2,28,5,0.2372,-0.4534,1.6008,1.7292,0.1372,False,True
A15_2.5-5,dwelljump_per100deg,4,T64B-V282,0.0,0.1953,6,1,9,2,-0.1953,-0.7948,0.0,0.6573,0.2971,False,False
A15_2.5-5,dwelljump_per100deg,4,T64B-V282old,0.0,0.0942,6,1,19,3,-0.0942,-1.0283,0.0,0.8149,0.1156,False,True
A15_2.5-5,dwelljump_per100deg,4,T64B-V282pool,0.0,0.1271,6,1,28,5,-0.1271,-0.6299,0.0,0.4898,0.2594,False,True
A15_2.5-5,dwelljump_per100deg,4,T4-V282,0.0,0.1953,10,1,9,2,-0.1953,-0.7948,0.0,0.6573,0.2971,False,False
A15_2.5-5,dwelljump_per100deg,4,T4-V282old,0.0,0.0942,10,1,19,3,-0.0942,-1.0283,0.0,0.8149,0.1156,False,True
A15_2.5-5,dwelljump_per100deg,4,T4-V282pool,0.0,0.1271,10,1,28,5,-0.1271,-0.6299,0.0,0.4898,0.2594,False,True
A15_2.5-5,dwelljump_per100deg,4,V282old-V282,0.0942,0.1953,19,3,9,2,-0.1012,-0.7389,0.829,1.0494,0.0964,False,False
A15_5-8,mode_ratio_1.8-3Hz,4,T64-V282,0.2323,0.044,15,2,18,3,0.1883,0.0639,0.4462,0.3175,0.5929,True,True
A15_5-8,mode_ratio_1.8-3Hz,4,T64-V282old,0.2323,0.0327,15,2,26,3,0.1996,0.0727,0.4534,0.3174,0.6289,True,True
A15_5-8,mode_ratio_1.8-3Hz,4,T64-V282pool,0.2323,0.0348,15,2,44,6,0.1975,0.0767,0.4464,0.3146,0.6277,True,True
A15_5-8,mode_ratio_1.8-3Hz,4,T64B-V282,0.2273,0.044,14,1,18,3,0.1833,0.0842,0.5202,0.3706,0.4945,True,True
A15_5-8,mode_ratio_1.8-3Hz,4,T64B-V282old,0.2273,0.0327,14,1,26,3,0.1946,0.0819,0.5358,0.3721,0.5231,True,True
A15_5-8,mode_ratio_1.8-3Hz,4,T64B-V282pool,0.2273,0.0348,14,1,44,6,0.1925,0.0866,0.5236,0.3703,0.5198,True,True
A15_5-8,mode_ratio_1.8-3Hz,4,T5-V282,0.3524,0.044,10,1,18,3,0.3084,0.219,0.5725,0.263,1.1725,True,True
A15_5-8,mode_ratio_1.8-3Hz,4,T5-V282old,0.3524,0.0327,10,1,26,3,0.3197,0.2169,0.5792,0.2623,1.219,True,True
A15_5-8,mode_ratio_1.8-3Hz,4,T5-V282pool,0.3524,0.0348,10,1,44,6,0.3176,0.2156,0.577,0.2629,1.2078,True,True
A15_5-8,mode_ratio_1.8-3Hz,4,T4-V282,0.2171,0.044,18,1,18,3,0.1731,0.0782,0.3822,0.207,0.836,True,True
A15_5-8,mode_ratio_1.8-3Hz,4,T4-V282old,0.2171,0.0327,18,1,26,3,0.1844,0.0858,0.379,0.2057,0.8964,True,True
A15_5-8,mode_ratio_1.8-3Hz,4,T4-V282pool,0.2171,0.0348,18,1,44,6,0.1823,0.0822,0.3834,0.206,0.885,True,True
A15_5-8,mode_ratio_1.8-3Hz,4,V282old-V282,0.0327,0.044,26,3,18,3,-0.0114,-0.0455,0.0419,0.0632,0.1796,False,True
A15_5-8,hf_ratio_2-10Hz,4,T64-V282,0.3227,0.1107,15,2,18,3,0.2119,0.0073,0.3992,0.254,0.8344,True,True
A15_5-8,hf_ratio_2-10Hz,4,T64-V282old,0.3227,0.1265,15,2,26,3,0.1962,-0.0451,0.3393,0.2654,0.7393,False,True
A15_5-8,hf_ratio_2-10Hz,4,T64-V282pool,0.3227,0.1243,15,2,44,6,0.1984,-0.0105,0.344,0.2484,0.7988,False,True
A15_5-8,hf_ratio_2-10Hz,4,T64B-V282,0.3549,0.1107,14,1,18,3,0.2442,0.0454,0.4162,0.3117,0.7833,True,True
A15_5-8,hf_ratio_2-10Hz,4,T64B-V282old,0.3549,0.1265,14,1,26,3,0.2284,0.0304,0.4071,0.3201,0.7133,True,True
A15_5-8,hf_ratio_2-10Hz,4,T64B-V282pool,0.3549,0.1243,14,1,44,6,0.2306,0.0339,0.3996,0.3018,0.764,True,True
A15_5-8,hf_ratio_2-10Hz,4,T5-V282,0.4743,0.1107,10,1,18,3,0.3635,0.2019,0.5215,0.2579,1.4099,True,True
A15_5-8,hf_ratio_2-10Hz,4,T5-V282old,0.4743,0.1265,10,1,26,3,0.3478,0.1666,0.5168,0.2765,1.2578,True,True
A15_5-8,hf_ratio_2-10Hz,4,T5-V282pool,0.4743,0.1243,10,1,44,6,0.35,0.1695,0.5244,0.264,1.3258,True,True
A15_5-8,hf_ratio_2-10Hz,4,T4-V282,0.2507,0.1107,18,1,18,3,0.14,-0.015,0.3298,0.2638,0.5308,False,True
A15_5-8,hf_ratio_2-10Hz,4,T4-V282old,0.2507,0.1265,18,1,26,3,0.1243,-0.0557,0.3081,0.278,0.4469,False,True
A15_5-8,hf_ratio_2-10Hz,4,T4-V282pool,0.2507,0.1243,18,1,44,6,0.1265,-0.0288,0.3108,0.2585,0.4893,False,True
A15_5-8,hf_ratio_2-10Hz,4,V282old-V282,0.1265,0.1107,26,3,18,3,0.0158,-0.1095,0.1741,0.2001,0.0788,False,True
A15_5-8,mode_rms_1.8-3Hz,4,T64-V282,8.639,1.1425,15,2,18,3,7.4965,3.2926,12.8349,6.499,1.1535,True,True
A15_5-8,mode_rms_1.8-3Hz,4,T64-V282old,8.639,1.0275,15,2,26,3,7.6115,4.3714,13.0791,6.2749,1.213,True,True
A15_5-8,mode_rms_1.8-3Hz,4,T64-V282pool,8.639,1.0868,15,2,44,6,7.5521,4.3607,13.0448,6.2477,1.2088,True,True
A15_5-8,mode_rms_1.8-3Hz,4,T64B-V282,10.0644,1.1425,14,1,18,3,8.9219,3.664,18.3789,11.5513,0.7724,True,True
A15_5-8,mode_rms_1.8-3Hz,4,T64B-V282old,10.0644,1.0275,14,1,26,3,9.037,4.4088,18.4452,11.3509,0.7961,True,True
A15_5-8,mode_rms_1.8-3Hz,4,T64B-V282pool,10.0644,1.0868,14,1,44,6,8.9776,4.425,18.3358,11.334,0.7921,True,True
A15_5-8,mode_rms_1.8-3Hz,4,T5-V282,12.6746,1.1425,10,1,18,3,11.5321,4.4657,18.7558,11.3846,1.013,True,True
A15_5-8,mode_rms_1.8-3Hz,4,T5-V282old,12.6746,1.0275,10,1,26,3,11.6472,4.7934,19.2675,11.271,1.0334,True,True
A15_5-8,mode_rms_1.8-3Hz,4,T5-V282pool,12.6746,1.0868,10,1,44,6,11.5878,4.6726,19.1422,11.2561,1.0295,True,True
A15_5-8,mode_rms_1.8-3Hz,4,T4-V282,9.8928,1.1425,18,1,18,3,8.7503,4.3502,13.731,7.3048,1.1979,True,True
A15_5-8,mode_rms_1.8-3Hz,4,T4-V282old,9.8928,1.0275,18,1,26,3,8.8653,5.3519,14.0046,7.1384,1.2419,True,True
A15_5-8,mode_rms_1.8-3Hz,4,T4-V282pool,9.8928,1.0868,18,1,44,6,8.806,5.4268,13.9549,7.119,1.237,True,True
A15_5-8,mode_rms_1.8-3Hz,4,V282old-V282,1.0275,1.1425,26,3,18,3,-0.115,-1.8725,0.5356,1.958,0.0588,False,True
A15_5-8,hf_rms_2-10Hz,4,T64-V282,9.0885,3.9694,15,2,18,3,5.1191,-1.277,11.7282,9.2953,0.5507,False,True
A15_5-8,hf_rms_2-10Hz,4,T64-V282old,9.0885,3.1957,15,2,26,3,5.8928,1.8165,12.3319,8.4687,0.6958,True,True
A15_5-8,hf_rms_2-10Hz,4,T64-V282pool,9.0885,3.4606,15,2,44,6,5.6279,1.8781,12.0855,8.4417,0.6667,True,True
A15_5-8,hf_rms_2-10Hz,4,T64B-V282,12.9256,3.9694,14,1,18,3,8.9562,2.6923,16.6178,10.5917,0.8456,True,True
A15_5-8,hf_rms_2-10Hz,4,T64B-V282old,12.9256,3.1957,14,1,26,3,9.7299,5.0208,16.8171,9.7797,0.9949,True,True
A15_5-8,hf_rms_2-10Hz,4,T64B-V282pool,12.9256,3.4606,14,1,44,6,9.465,5.2681,16.602,9.6744,0.9783,True,True
A15_5-8,hf_rms_2-10Hz,4,T5-V282,15.4217,3.9694,10,1,18,3,11.4523,2.3812,16.7277,10.924,1.0484,True,True
A15_5-8,hf_rms_2-10Hz,4,T5-V282old,15.4217,3.1957,10,1,26,3,12.226,4.1362,17.2611,10.2032,1.1983,True,True
A15_5-8,hf_rms_2-10Hz,4,T5-V282pool,15.4217,3.4606,10,1,44,6,11.961,3.9894,16.9639,10.1625,1.177,True,True
A15_5-8,hf_rms_2-10Hz,4,T4-V282,10.2718,3.9694,18,1,18,3,6.3024,1.5456,11.5914,7.0149,0.8984,True,True
A15_5-8,hf_rms_2-10Hz,4,T4-V282old,10.2718,3.1957,18,1,26,3,7.0761,4.8646,12.6898,5.7533,1.2299,True,True
A15_5-8,hf_rms_2-10Hz,4,T4-V282pool,10.2718,3.4606,18,1,44,6,6.8111,4.8405,12.4272,5.6636,1.2026,True,True
A15_5-8,hf_rms_2-10Hz,4,V282old-V282,3.1957,3.9694,26,3,18,3,-0.7737,-4.9581,1.1165,4.611,0.1678,False,True
A15_5-8,travel_conc,4,T64-V282,0.257,0.1913,15,2,18,3,0.0657,-0.0543,0.1308,0.1389,0.4729,False,True
A15_5-8,travel_conc,4,T64-V282old,0.257,0.1936,15,2,26,3,0.0634,-0.0529,0.1117,0.1285,0.4933,False,True
A15_5-8,travel_conc,4,T64-V282pool,0.257,0.1922,15,2,44,6,0.0648,-0.0486,0.1111,0.1211,0.5351,False,True
A15_5-8,travel_conc,4,T64B-V282,0.184,0.1913,14,1,18,3,-0.0073,-0.0419,0.1292,0.1303,0.0563,False,True
A15_5-8,travel_conc,4,T64B-V282old,0.184,0.1936,14,1,26,3,-0.0096,-0.0427,0.1167,0.1176,0.0817,False,True
A15_5-8,travel_conc,4,T64B-V282pool,0.184,0.1922,14,1,44,6,-0.0082,-0.0366,0.1091,0.1101,0.0746,False,True
A15_5-8,travel_conc,4,T5-V282,0.2354,0.1913,10,1,18,3,0.044,-0.0146,0.1139,0.1004,0.4383,False,True
A15_5-8,travel_conc,4,T5-V282old,0.2354,0.1936,10,1,26,3,0.0417,-0.0224,0.095,0.087,0.4797,False,True
A15_5-8,travel_conc,4,T5-V282pool,0.2354,0.1922,10,1,44,6,0.0431,-0.0103,0.0919,0.0764,0.5646,False,True
A15_5-8,travel_conc,4,T4-V282,0.2049,0.1913,18,1,18,3,0.0136,-0.04,0.0864,0.0964,0.141,False,True
A15_5-8,travel_conc,4,T4-V282old,0.2049,0.1936,18,1,26,3,0.0113,-0.0413,0.0721,0.0792,0.1428,False,True
A15_5-8,travel_conc,4,T4-V282pool,0.2049,0.1922,18,1,44,6,0.0127,-0.04,0.0673,0.0711,0.1786,False,True
A15_5-8,travel_conc,4,V282old-V282,0.1936,0.1913,26,3,18,3,0.0023,-0.0558,0.0761,0.1042,0.0218,False,True
A15_5-8,dwelljump_per100deg,4,T64-V282,0.1195,0.0,15,2,18,3,0.1195,0.0,0.4782,0.4151,0.2878,False,True
A15_5-8,dwelljump_per100deg,4,T64-V282old,0.1195,0.0797,15,2,26,3,0.0398,-0.3521,0.4229,0.5258,0.0757,False,True
A15_5-8,dwelljump_per100deg,4,T64-V282pool,0.1195,0.0435,15,2,44,6,0.0759,-0.2013,0.4445,0.4564,0.1664,False,True
A15_5-8,dwelljump_per100deg,4,T64B-V282,0.2157,0.0,14,1,18,3,0.2157,0.0,0.579,0.4334,0.4976,False,True
A15_5-8,dwelljump_per100deg,4,T64B-V282old,0.2157,0.0797,14,1,26,3,0.136,-0.277,0.5287,0.5426,0.2507,False,True
A15_5-8,dwelljump_per100deg,4,T64B-V282pool,0.2157,0.0435,14,1,44,6,0.1721,-0.123,0.5582,0.4768,0.361,False,True
A15_5-8,dwelljump_per100deg,4,T5-V282,0.2282,0.0,10,1,18,3,0.2282,0.0,0.7178,0.5945,0.3838,False,True
A15_5-8,dwelljump_per100deg,4,T5-V282old,0.2282,0.0797,10,1,26,3,0.1485,-0.2999,0.6523,0.6895,0.2154,False,True
A15_5-8,dwelljump_per100deg,4,T5-V282pool,0.2282,0.0435,10,1,44,6,0.1846,-0.1672,0.6895,0.626,0.2949,False,True
A15_5-8,dwelljump_per100deg,4,T4-V282,0.3337,0.0,18,1,18,3,0.3337,0.0749,0.7575,0.5174,0.645,True,True
A15_5-8,dwelljump_per100deg,4,T4-V282old,0.3337,0.0797,18,1,26,3,0.2541,-0.1322,0.6791,0.5972,0.4254,False,True
A15_5-8,dwelljump_per100deg,4,T4-V282pool,0.3337,0.0435,18,1,44,6,0.2902,-0.0403,0.7224,0.5539,0.5239,False,True
A15_5-8,dwelljump_per100deg,4,V282old-V282,0.0797,0.0,26,3,18,3,0.0797,0.0,0.405,0.3126,0.2549,False,True
A15_5-8,turn_gain_hold,3,T5-V282old,0.8794,0.9536,3,1,3,2,-0.0742,-0.5269,0.4202,0.6968,0.1065,False,True
A15_5-8,turn_gain_hold,3,T5-V282pool,0.8794,0.9536,3,1,5,3,-0.0742,-0.5269,0.2825,0.6542,0.1135,False,True
A15_5-8,turn_hf_rms,4,T5-V282,5.0032,4.3816,3,1,3,1,0.6216,-0.3,12.1604,11.5477,0.0538,False,False
A15_5-8,turn_hf_rms,4,T5-V282old,5.0032,2.5603,3,1,3,2,2.4429,0.9661,11.0207,10.8474,0.2252,True,True
A15_5-8,turn_hf_rms,4,T5-V282pool,5.0032,2.9931,3,1,6,3,2.0101,0.0103,11.0207,11.0042,0.1827,True,True
A15_5-8,turn_hf_rms,4,V282old-V282,2.5603,4.3816,3,2,3,1,-1.8213,-2.3961,2.2698,4.4045,0.4135,False,False
A15_5-8,turn_mode_rms,4,T5-V282,3.799,2.3681,3,1,3,1,1.431,1.2414,11.4755,10.237,0.1398,True,False
A15_5-8,turn_mode_rms,4,T5-V282old,3.799,0.7815,3,1,3,2,3.0175,2.9529,11.5347,9.9934,0.3019,True,True
A15_5-8,turn_mode_rms,4,T5-V282pool,3.799,0.7887,3,1,6,3,3.0103,1.3806,11.4755,10.1359,0.297,True,True
A15_5-8,turn_mode_rms,4,V282old-V282,0.7815,2.3681,3,2,3,1,-1.5865,-2.0386,0.2679,2.3656,0.6707,False,False
A15_8-15,mode_ratio_1.8-3Hz,4,T64B-V282,0.6047,0.0568,25,1,35,3,0.5478,0.3101,0.6289,0.2439,2.2465,True,True
A15_8-15,mode_ratio_1.8-3Hz,4,T64B-V282old,0.6047,0.0584,25,1,16,3,0.5463,0.2958,0.6243,0.2503,2.1821,True,False
A15_8-15,mode_ratio_1.8-3Hz,4,T64B-V282pool,0.6047,0.0568,25,1,51,6,0.5478,0.3149,0.6215,0.2409,2.2739,True,True
A15_8-15,mode_ratio_1.8-3Hz,4,T5-V282,0.5343,0.0568,5,1,35,3,0.4775,0.2156,0.5307,0.1877,2.5438,True,True
A15_8-15,mode_ratio_1.8-3Hz,4,T5-V282old,0.5343,0.0584,5,1,16,3,0.476,0.2178,0.5384,0.1948,2.4428,True,False
A15_8-15,mode_ratio_1.8-3Hz,4,T5-V282pool,0.5343,0.0568,5,1,51,6,0.4775,0.2156,0.5258,0.1876,2.546,True,True
A15_8-15,mode_ratio_1.8-3Hz,4,T4-V282,0.4059,0.0568,17,1,35,3,0.3491,0.2034,0.4943,0.2056,1.6985,True,True
A15_8-15,mode_ratio_1.8-3Hz,4,T4-V282old,0.4059,0.0584,17,1,16,3,0.3476,0.1811,0.4881,0.2157,1.611,True,False
A15_8-15,mode_ratio_1.8-3Hz,4,T4-V282pool,0.4059,0.0568,17,1,51,6,0.3491,0.2035,0.489,0.2051,1.7024,True,True
A15_8-15,mode_ratio_1.8-3Hz,4,V282old-V282,0.0584,0.0568,16,3,35,3,0.0016,-0.0473,0.0641,0.0831,0.0187,False,True
A15_8-15,hf_ratio_2-10Hz,4,T64B-V282,0.6173,0.2033,25,1,35,3,0.4139,0.3384,0.6009,0.2089,1.9817,True,True
A15_8-15,hf_ratio_2-10Hz,4,T64B-V282old,0.6173,0.1673,25,1,16,3,0.45,0.325,0.5992,0.1903,2.3649,True,False
A15_8-15,hf_ratio_2-10Hz,4,T64B-V282pool,0.6173,0.1956,25,1,51,6,0.4217,0.3127,0.5779,0.1847,2.2836,True,True
A15_8-15,hf_ratio_2-10Hz,4,T5-V282,0.4501,0.2033,5,1,35,3,0.2468,0.1598,0.5195,0.2934,0.8409,True,True
A15_8-15,hf_ratio_2-10Hz,4,T5-V282old,0.4501,0.1673,5,1,16,3,0.2828,0.1814,0.4993,0.278,1.0172,True,False
A15_8-15,hf_ratio_2-10Hz,4,T5-V282pool,0.4501,0.1956,5,1,51,6,0.2546,0.1654,0.4901,0.2731,0.932,True,True
A15_8-15,hf_ratio_2-10Hz,4,T4-V282,0.4058,0.2033,17,1,35,3,0.2025,0.1084,0.4206,0.2125,0.9529,True,True
A15_8-15,hf_ratio_2-10Hz,4,T4-V282old,0.4058,0.1673,17,1,16,3,0.2385,0.1263,0.3974,0.1819,1.3116,True,False
A15_8-15,hf_ratio_2-10Hz,4,T4-V282pool,0.4058,0.1956,17,1,51,6,0.2103,0.1112,0.3783,0.1832,1.1477,True,True
A15_8-15,hf_ratio_2-10Hz,4,V282old-V282,0.1673,0.2033,16,3,35,3,-0.0361,-0.1085,0.0994,0.1598,0.2257,False,True
A15_8-15,mode_rms_1.8-3Hz,4,T64B-V282,8.5791,0.373,25,1,35,3,8.2061,4.904,11.7325,4.9256,1.666,True,True
A15_8-15,mode_rms_1.8-3Hz,4,T64B-V282old,8.5791,0.6696,25,1,16,3,7.9095,4.7231,11.573,4.8667,1.6252,True,False
A15_8-15,mode_rms_1.8-3Hz,4,T64B-V282pool,8.5791,0.4166,25,1,51,6,8.1625,4.881,11.6878,4.8792,1.6729,True,True
A15_8-15,mode_rms_1.8-3Hz,4,T5-V282,9.2443,0.373,5,1,35,3,8.8713,6.6274,11.8802,2.9706,2.9864,True,True
A15_8-15,mode_rms_1.8-3Hz,4,T5-V282old,9.2443,0.6696,5,1,16,3,8.5746,6.3469,11.6149,2.8627,2.9953,True,False
A15_8-15,mode_rms_1.8-3Hz,4,T5-V282pool,9.2443,0.4166,5,1,51,6,8.8277,6.5683,11.8188,2.8581,3.0887,True,True
A15_8-15,mode_rms_1.8-3Hz,4,T4-V282,10.0312,0.373,17,1,35,3,9.6582,7.4315,11.8072,3.1729,3.0439,True,True
A15_8-15,mode_rms_1.8-3Hz,4,T4-V282old,10.0312,0.6696,17,1,16,3,9.3616,7.464,11.5343,3.0041,3.1163,True,False
A15_8-15,mode_rms_1.8-3Hz,4,T4-V282pool,10.0312,0.4166,17,1,51,6,9.6146,7.5876,11.7686,3.0027,3.202,True,True
A15_8-15,mode_rms_1.8-3Hz,4,V282old-V282,0.6696,0.373,16,3,35,3,0.2967,-0.9828,0.6113,1.1416,0.2599,False,True
A15_8-15,hf_rms_2-10Hz,4,T64B-V282,9.7684,1.3906,25,1,35,3,8.3778,4.4304,12.3769,5.4783,1.5293,True,True
A15_8-15,hf_rms_2-10Hz,4,T64B-V282old,9.7684,2.1926,25,1,16,3,7.5757,3.6087,11.8286,5.0534,1.4991,True,False
A15_8-15,hf_rms_2-10Hz,4,T64B-V282pool,9.7684,1.6607,25,1,51,6,8.1076,4.1666,12.0964,5.0749,1.5976,True,True
A15_8-15,hf_rms_2-10Hz,4,T5-V282,9.3076,1.3906,5,1,35,3,7.917,5.4521,12.6076,4.3732,1.8104,True,True
A15_8-15,hf_rms_2-10Hz,4,T5-V282old,9.3076,2.1926,5,1,16,3,7.115,5.0945,11.9167,3.7461,1.8993,True,False
A15_8-15,hf_rms_2-10Hz,4,T5-V282pool,9.3076,1.6607,5,1,51,6,7.6469,5.4343,12.4461,3.9375,1.9421,True,True
A15_8-15,hf_rms_2-10Hz,4,T4-V282,11.892,1.3906,17,1,35,3,10.5013,5.2329,11.6025,4.4214,2.3751,True,True
A15_8-15,hf_rms_2-10Hz,4,T4-V282old,11.892,2.1926,17,1,16,3,9.6993,4.5767,11.1171,3.7981,2.5537,True,False
A15_8-15,hf_rms_2-10Hz,4,T4-V282pool,11.892,1.6607,17,1,51,6,10.2312,5.103,11.541,3.8773,2.6388,True,True
A15_8-15,hf_rms_2-10Hz,4,V282old-V282,2.1926,1.3906,16,3,35,3,0.802,-1.2816,1.2428,2.3328,0.3438,False,True
A15_8-15,travel_conc,4,T64B-V282,0.3195,0.1938,24,1,35,3,0.1257,0.064,0.256,0.1414,0.8893,True,True
A15_8-15,travel_conc,4,T64B-V282old,0.3195,0.178,24,1,16,3,0.1415,0.0665,0.2366,0.1243,1.1383,True,False
A15_8-15,travel_conc,4,T64B-V282pool,0.3195,0.1897,24,1,51,6,0.1298,0.0691,0.2428,0.1223,1.0616,True,True
A15_8-15,travel_conc,4,T5-V282,0.2694,0.1938,5,1,35,3,0.0756,0.0163,0.3668,0.2427,0.3114,True,True
A15_8-15,travel_conc,4,T5-V282old,0.2694,0.178,5,1,16,3,0.0914,0.0273,0.3789,0.232,0.3938,True,False
A15_8-15,travel_conc,4,T5-V282pool,0.2694,0.1897,5,1,51,6,0.0797,0.0273,0.3742,0.2328,0.3423,True,True
A15_8-15,travel_conc,4,T4-V282,0.2761,0.1938,17,1,35,3,0.0823,0.013,0.2807,0.1805,0.4559,True,True
A15_8-15,travel_conc,4,T4-V282old,0.2761,0.178,17,1,16,3,0.0981,0.0243,0.256,0.1646,0.5959,True,False
A15_8-15,travel_conc,4,T4-V282pool,0.2761,0.1897,17,1,51,6,0.0864,0.0214,0.2492,0.1609,0.5367,True,True
A15_8-15,travel_conc,4,V282old-V282,0.178,0.1938,16,3,35,3,-0.0158,-0.0523,0.0737,0.0972,0.1624,False,True
A15_8-15,dwelljump_per100deg,4,T64B-V282,1.8844,1.1907,25,1,35,3,0.6936,-1.0605,3.1244,2.9953,0.2316,False,True
A15_8-15,dwelljump_per100deg,4,T64B-V282old,1.8844,0.0,25,1,16,3,1.8844,0.7353,3.6425,2.1043,0.8955,True,False
A15_8-15,dwelljump_per100deg,4,T64B-V282pool,1.8844,0.6268,25,1,51,6,1.2576,-0.2675,3.3015,2.5837,0.4867,False,True
A15_8-15,dwelljump_per100deg,4,T5-V282,0.0,1.1907,5,1,35,3,-1.1907,-2.363,0.0,2.2059,0.5398,False,True
A15_8-15,dwelljump_per100deg,4,T5-V282old,0.0,0.0,5,1,16,3,0.0,0.0,0.0,0.0,nan,False,False
A15_8-15,dwelljump_per100deg,4,T5-V282pool,0.0,0.6268,5,1,51,6,-0.6268,-1.6065,0.0,1.4509,0.432,False,True
A15_8-15,dwelljump_per100deg,4,T4-V282,0.1689,1.1907,17,1,35,3,-1.0218,-2.203,0.3826,2.2267,0.4589,False,True
A15_8-15,dwelljump_per100deg,4,T4-V282old,0.1689,0.0,17,1,16,3,0.1689,0.0,0.5466,0.4523,0.3735,False,False
A15_8-15,dwelljump_per100deg,4,T4-V282pool,0.1689,0.6268,17,1,51,6,-0.4579,-1.4467,0.4045,1.5146,0.3023,False,True
A15_8-15,dwelljump_per100deg,4,V282old-V282,0.0,1.1907,16,3,35,3,-1.1907,-2.363,0.0,2.2059,0.5398,False,True
A15_8-15,turn_lag_build_excess,3,T4-V282,-0.0049,0.0214,5,1,3,1,-0.0263,-0.3177,0.667,0.6868,0.0383,False,False
A15_8-15,turn_lag_build_excess,3,T4-V282pool,-0.0049,0.0299,5,1,4,2,-0.0348,-0.3262,0.6585,0.6563,0.0531,False,True
A15_8-15,turn_lag_unwind_excess,3,T64B-V282,0.0056,-0.0056,4,1,4,1,0.0112,-0.2828,0.1944,0.3612,0.0309,False,False
A15_8-15,turn_lag_unwind_excess,3,T64B-V282pool,0.0056,0.0572,4,1,5,2,-0.0516,-0.5986,0.1944,0.6484,0.0796,False,True
A15_8-15,turn_lag_unwind_excess,3,T4-V282,0.0689,-0.0056,5,1,4,1,0.0744,-0.197,0.2001,0.302,0.2465,False,False
A15_8-15,turn_lag_unwind_excess,3,T4-V282pool,0.0689,0.0572,5,1,5,2,0.0117,-0.4748,0.2001,0.615,0.019,False,True
A15_8-15,turn_lag_build,3,T4-V282,0.2747,0.2214,5,1,3,1,0.0533,-0.2381,0.7466,0.6842,0.0779,False,False
A15_8-15,turn_lag_build,3,T4-V282pool,0.2747,0.2299,5,1,4,2,0.0448,-0.2466,0.7466,0.677,0.0661,False,True
A15_8-15,turn_lag_unwind,3,T64B-V282,0.3078,0.1944,4,1,4,1,0.1134,-0.1806,0.2758,0.3645,0.311,False,False
A15_8-15,turn_lag_unwind,3,T64B-V282pool,0.3078,0.2572,4,1,5,2,0.0506,-0.4964,0.2758,0.6431,0.0787,False,True
A15_8-15,turn_lag_unwind,3,T4-V282,0.3484,0.1944,5,1,4,1,0.154,-0.1174,0.2797,0.3148,0.4892,False,False
A15_8-15,turn_lag_unwind,3,T4-V282pool,0.3484,0.2572,5,1,5,2,0.0913,-0.3952,0.2797,0.6199,0.1473,False,True
A15_8-15,turn_gain_build,3,T4-V282,1.152,1.0874,5,1,3,1,0.0646,-0.1237,0.4336,0.3295,0.1961,False,False
A15_8-15,turn_gain_build,3,T4-V282pool,1.152,1.0948,5,1,4,2,0.0572,-0.4245,0.4262,0.594,0.0964,False,True
A15_8-15,turn_gain_hold,3,T64B-V282,0.9431,1.0242,4,1,5,1,-0.0811,-0.167,-0.0498,0.0967,0.838,True,False
A15_8-15,turn_gain_hold,3,T64B-V282pool,0.9431,1.044,4,1,6,2,-0.1009,-0.2007,-0.0499,0.1144,0.8821,True,True
A15_8-15,turn_gain_hold,3,T4-V282,0.9571,1.0242,4,1,5,1,-0.0671,-0.187,0.0473,0.1741,0.3851,False,False
A15_8-15,turn_gain_hold,3,T4-V282pool,0.9571,1.044,4,1,6,2,-0.0869,-0.2083,0.0452,0.1866,0.4655,False,True
A15_8-15,turn_gain_unwind,3,T64B-V282,1.0227,1.0131,4,1,4,1,0.0096,-0.2224,0.1124,0.2392,0.04,False,False
A15_8-15,turn_gain_unwind,3,T64B-V282pool,1.0227,1.0183,4,1,5,2,0.0044,-0.2822,0.086,0.2955,0.0149,False,True
A15_8-15,turn_gain_unwind,3,T4-V282,1.1302,1.0131,5,1,4,1,0.1171,-0.2249,0.4462,0.4969,0.2357,False,False
A15_8-15,turn_gain_unwind,3,T4-V282pool,1.1302,1.0183,5,1,5,2,0.112,-0.23,0.4409,0.5194,0.2156,False,True
A15_8-15,turn_caster_bias,3,T4-V282pool,0.0626,-0.0292,5,1,3,2,0.0918,0.008,0.2701,0.2372,0.3869,True,True
A15_8-15,turn_caster_bias_pose,3,T4-V282pool,0.0303,-0.0577,5,1,3,2,0.088,0.015,0.463,0.408,0.2156,True,True
A15_8-15,turn_ret_overshoot,3,T64B-V282,0.0241,0.0,4,1,5,1,0.0241,-0.0063,0.3388,0.2707,0.0891,False,False
A15_8-15,turn_ret_overshoot,3,T64B-V282pool,0.0241,-0.0136,4,1,6,2,0.0377,-0.0003,0.3659,0.2899,0.13,False,True
A15_8-15,turn_ret_overshoot,3,T4-V282,-0.0149,0.0,5,1,5,1,-0.0149,-0.1383,0.0704,0.1565,0.0955,False,False
A15_8-15,turn_ret_overshoot,3,T4-V282pool,-0.0149,-0.0136,5,1,6,2,-0.0014,-0.1248,0.1294,0.1887,0.0072,False,True
A15_8-15,turn_settle_s,3,T64B-V282,0.06,0.0,4,1,5,1,0.06,-2.74,2.92,3.4316,0.0175,False,False
A15_8-15,turn_settle_s,3,T64B-V282pool,0.06,0.0,4,1,6,2,0.06,-2.83,2.92,3.8548,0.0156,False,True
A15_8-15,turn_settle_s,3,T4-V282,1.94,0.0,5,1,5,1,1.94,-0.89,3.28,3.7577,0.5163,False,False
A15_8-15,turn_settle_s,3,T4-V282pool,1.94,0.0,5,1,6,2,1.94,-2.09,2.64,4.1737,0.4648,False,True
A15_8-15,turn_hf_rms,4,T64B-V282,15.1346,1.2892,4,1,5,1,13.8454,5.3114,26.4159,14.5344,0.9526,True,False
A15_8-15,turn_hf_rms,4,T64B-V282pool,15.1346,1.3124,4,1,6,2,13.8222,5.2876,26.3927,14.6235,0.9452,True,True
A15_8-15,turn_hf_rms,4,T4-V282,7.0657,1.2892,5,1,5,1,5.7766,3.4241,12.7067,5.6042,1.0308,True,False
A15_8-15,turn_hf_rms,4,T4-V282pool,7.0657,1.3124,5,1,6,2,5.7533,3.4009,12.6834,5.6406,1.02,True,True
A15_8-15,turn_mode_rms,4,T64B-V282,12.45,0.4258,4,1,5,1,12.0242,5.5689,30.3967,17.3692,0.6923,True,False
A15_8-15,turn_mode_rms,4,T64B-V282pool,12.45,0.4434,4,1,6,2,12.0065,5.5508,30.3791,17.358,0.6917,True,True
A15_8-15,turn_mode_rms,4,T4-V282,7.673,0.4258,5,1,5,1,7.2472,4.0788,11.1561,4.0793,1.7766,True,False
A15_8-15,turn_mode_rms,4,T4-V282pool,7.673,0.4434,5,1,6,2,7.2296,4.0612,11.1293,4.201,1.7209,True,True
A45_2.5-5,mode_ratio_1.8-3Hz,4,T64-V282old,0.1359,0.042,5,2,11,2,0.0939,-0.0456,0.3572,0.2561,0.3667,False,False
A45_2.5-5,mode_ratio_1.8-3Hz,4,T64-V282pool,0.1359,0.042,5,2,15,3,0.0939,0.0244,0.3339,0.2147,0.4375,True,True
A45_2.5-5,mode_ratio_1.8-3Hz,4,T64B-V282old,0.1925,0.042,5,1,11,2,0.1505,-0.0507,0.3427,0.2805,0.5363,False,False
A45_2.5-5,mode_ratio_1.8-3Hz,4,T64B-V282pool,0.1925,0.042,5,1,15,3,0.1505,0.0033,0.3395,0.2498,0.6024,True,True
A45_2.5-5,mode_ratio_1.8-3Hz,4,T4-V282old,0.1989,0.042,8,1,11,2,0.1569,-0.0144,0.2511,0.2199,0.7137,False,False
A45_2.5-5,mode_ratio_1.8-3Hz,4,T4-V282pool,0.1989,0.042,8,1,15,3,0.1569,0.0766,0.251,0.1734,0.905,True,True
A45_2.5-5,hf_ratio_2-10Hz,4,T64-V282old,0.2202,0.1327,5,2,11,2,0.0875,-0.1893,0.3399,0.3433,0.2548,False,False
A45_2.5-5,hf_ratio_2-10Hz,4,T64-V282pool,0.2202,0.1327,5,2,15,3,0.0875,-0.0831,0.3418,0.3042,0.2875,False,True
A45_2.5-5,hf_ratio_2-10Hz,4,T64B-V282old,0.2952,0.1327,5,1,11,2,0.1625,-0.2017,0.3024,0.3754,0.433,False,False
A45_2.5-5,hf_ratio_2-10Hz,4,T64B-V282pool,0.2952,0.1327,5,1,15,3,0.1625,-0.0607,0.2905,0.3252,0.4997,False,True
A45_2.5-5,hf_ratio_2-10Hz,4,T4-V282old,0.2349,0.1327,8,1,11,2,0.1022,-0.1005,0.1811,0.2267,0.4508,False,False
A45_2.5-5,hf_ratio_2-10Hz,4,T4-V282pool,0.2349,0.1327,8,1,15,3,0.1022,-0.0684,0.1753,0.1486,0.6878,False,True
A45_2.5-5,mode_rms_1.8-3Hz,4,T64-V282old,8.6657,2.6242,5,2,11,2,6.0415,0.6299,16.5065,12.1458,0.4974,True,False
A45_2.5-5,mode_rms_1.8-3Hz,4,T64-V282pool,8.6657,2.7498,5,2,15,3,5.9159,0.5043,16.3553,12.2167,0.4842,True,True
A45_2.5-5,mode_rms_1.8-3Hz,4,T64B-V282old,15.7164,2.6242,5,1,11,2,13.0922,5.0239,16.7862,8.5302,1.5348,True,False
A45_2.5-5,mode_rms_1.8-3Hz,4,T64B-V282pool,15.7164,2.7498,5,1,15,3,12.9666,4.8983,16.6603,8.4651,1.5318,True,True
A45_2.5-5,mode_rms_1.8-3Hz,4,T4-V282old,10.5486,2.6242,8,1,11,2,7.9243,5.9839,13.4428,5.7814,1.3707,True,False
A45_2.5-5,mode_rms_1.8-3Hz,4,T4-V282pool,10.5486,2.7498,8,1,15,3,7.7988,5.6037,13.3073,5.707,1.3665,True,True
A45_2.5-5,hf_rms_2-10Hz,4,T64-V282old,11.8162,5.6147,5,2,11,2,6.2016,-3.5117,29.1315,21.557,0.2877,False,False
A45_2.5-5,hf_rms_2-10Hz,4,T64-V282pool,11.8162,5.6147,5,2,15,3,6.2016,-3.32,28.8683,21.3494,0.2905,False,True
A45_2.5-5,hf_rms_2-10Hz,4,T64B-V282old,19.0922,5.6147,5,1,11,2,13.4775,5.3657,19.3679,10.7304,1.256,True,False
A45_2.5-5,hf_rms_2-10Hz,4,T64B-V282pool,19.0922,5.6147,5,1,15,3,13.4775,5.6182,19.082,10.6177,1.2693,True,True
A45_2.5-5,hf_rms_2-10Hz,4,T4-V282old,12.2384,5.6147,8,1,11,2,6.6237,3.3599,11.1076,5.8492,1.1324,True,False
A45_2.5-5,hf_rms_2-10Hz,4,T4-V282pool,12.2384,5.6147,8,1,15,3,6.6237,3.3602,10.7763,5.3547,1.237,True,True
A45_2.5-5,travel_conc,4,T64-V282old,0.2586,0.1844,5,2,11,2,0.0742,-0.0473,0.1807,0.168,0.4418,False,False
A45_2.5-5,travel_conc,4,T64-V282pool,0.2586,0.1844,5,2,15,3,0.0742,-0.0433,0.176,0.1639,0.4529,False,True
A45_2.5-5,travel_conc,4,T64B-V282old,0.1707,0.1844,5,1,11,2,-0.0137,-0.0783,0.0746,0.1101,0.1241,False,False
A45_2.5-5,travel_conc,4,T64B-V282pool,0.1707,0.1844,5,1,15,3,-0.0137,-0.0844,0.0746,0.1053,0.1297,False,True
A45_2.5-5,travel_conc,4,T4-V282old,0.1876,0.1844,8,1,11,2,0.0033,-0.0605,0.0558,0.0895,0.0364,False,False
A45_2.5-5,travel_conc,4,T4-V282pool,0.1876,0.1844,8,1,15,3,0.0033,-0.0687,0.0572,0.0875,0.0372,False,True
A45_2.5-5,dwelljump_per100deg,4,T64-V282old,0.2575,0.0,5,2,11,2,0.2575,0.0,1.2306,1.2297,0.2094,False,False
A45_2.5-5,dwelljump_per100deg,4,T64-V282pool,0.2575,0.0,5,2,15,3,0.2575,0.0,1.2306,1.2297,0.2094,False,True
A45_2.5-5,dwelljump_per100deg,4,T64B-V282old,0.0,0.0,5,1,11,2,0.0,0.0,0.0,0.0,nan,False,False
A45_2.5-5,dwelljump_per100deg,4,T64B-V282pool,0.0,0.0,5,1,15,3,0.0,0.0,0.0,0.0,nan,False,True
A45_2.5-5,dwelljump_per100deg,4,T4-V282old,0.0,0.0,8,1,11,2,0.0,0.0,0.0,0.0,nan,False,False
A45_2.5-5,dwelljump_per100deg,4,T4-V282pool,0.0,0.0,8,1,15,3,0.0,0.0,0.0,0.0,nan,False,True
A45_5-8,mode_ratio_1.8-3Hz,4,T64-V282,0.3588,0.0249,7,2,7,2,0.3339,0.0379,0.465,0.3475,0.9609,True,False
A45_5-8,mode_ratio_1.8-3Hz,4,T64-V282old,0.3588,0.0245,7,2,11,3,0.3343,0.0349,0.4644,0.3489,0.958,True,False
A45_5-8,mode_ratio_1.8-3Hz,4,T64-V282pool,0.3588,0.0247,7,2,18,5,0.3341,0.0481,0.4647,0.3466,0.9639,True,True
A45_5-8,mode_ratio_1.8-3Hz,4,T64B-V282,0.188,0.0249,11,1,7,2,0.1631,0.0606,0.5349,0.355,0.4595,True,False
A45_5-8,mode_ratio_1.8-3Hz,4,T64B-V282old,0.188,0.0245,11,1,11,3,0.1635,0.0511,0.5353,0.3583,0.4563,True,False
A45_5-8,mode_ratio_1.8-3Hz,4,T64B-V282pool,0.188,0.0247,11,1,18,5,0.1633,0.074,0.5353,0.3529,0.4627,True,True
A45_5-8,mode_ratio_1.8-3Hz,4,T5-V282,0.4125,0.0249,8,1,7,2,0.3876,0.2626,0.7089,0.4091,0.9475,True,False
A45_5-8,mode_ratio_1.8-3Hz,4,T5-V282old,0.4125,0.0245,8,1,11,3,0.388,0.2583,0.7093,0.4126,0.9404,True,False
A45_5-8,mode_ratio_1.8-3Hz,4,T5-V282pool,0.4125,0.0247,8,1,18,5,0.3878,0.2637,0.7098,0.4106,0.9445,True,True
A45_5-8,mode_ratio_1.8-3Hz,4,T4-V282,0.2518,0.0249,10,1,7,2,0.2269,0.1055,0.4703,0.2929,0.7746,True,False
A45_5-8,mode_ratio_1.8-3Hz,4,T4-V282old,0.2518,0.0245,10,1,11,3,0.2273,0.0961,0.4695,0.2921,0.7781,True,False
A45_5-8,mode_ratio_1.8-3Hz,4,T4-V282pool,0.2518,0.0247,10,1,18,5,0.2271,0.1056,0.4696,0.2873,0.7904,True,True
A45_5-8,mode_ratio_1.8-3Hz,4,V282old-V282,0.0245,0.0249,11,3,7,2,-0.0004,-0.0583,0.0572,0.0715,0.0056,False,False
A45_5-8,hf_ratio_2-10Hz,4,T64-V282,0.3544,0.0839,7,2,7,2,0.2705,0.0062,0.4322,0.2979,0.9082,True,False
A45_5-8,hf_ratio_2-10Hz,4,T64-V282old,0.3544,0.0683,7,2,11,3,0.2861,-0.01,0.4486,0.3092,0.9254,False,False
A45_5-8,hf_ratio_2-10Hz,4,T64-V282pool,0.3544,0.0793,7,2,18,5,0.2751,0.0063,0.4374,0.2959,0.9298,True,True
A45_5-8,hf_ratio_2-10Hz,4,T64B-V282,0.3357,0.0839,11,1,7,2,0.2518,0.0451,0.3939,0.3175,0.7931,True,False
A45_5-8,hf_ratio_2-10Hz,4,T64B-V282old,0.3357,0.0683,11,1,11,3,0.2674,0.0505,0.4049,0.3291,0.8125,True,False
A45_5-8,hf_ratio_2-10Hz,4,T64B-V282pool,0.3357,0.0793,11,1,18,5,0.2564,0.0597,0.3992,0.3136,0.8175,True,True
A45_5-8,hf_ratio_2-10Hz,4,T5-V282,0.5104,0.0839,8,1,7,2,0.4266,0.2538,0.7071,0.3777,1.1293,True,False
A45_5-8,hf_ratio_2-10Hz,4,T5-V282old,0.5104,0.0683,8,1,11,3,0.4422,0.2539,0.7191,0.3863,1.1446,True,False
A45_5-8,hf_ratio_2-10Hz,4,T5-V282pool,0.5104,0.0793,8,1,18,5,0.4312,0.2561,0.7074,0.3766,1.1448,True,True
A45_5-8,hf_ratio_2-10Hz,4,T4-V282,0.3193,0.0839,10,1,7,2,0.2354,0.0528,0.4947,0.3208,0.734,True,False
A45_5-8,hf_ratio_2-10Hz,4,T4-V282old,0.3193,0.0683,10,1,11,3,0.2511,0.0365,0.5225,0.3304,0.7599,True,False
A45_5-8,hf_ratio_2-10Hz,4,T4-V282pool,0.3193,0.0793,10,1,18,5,0.2401,0.0498,0.4948,0.3171,0.757,True,True
A45_5-8,hf_ratio_2-10Hz,4,V282old-V282,0.0683,0.0839,11,3,7,2,-0.0156,-0.0962,0.0604,0.1191,0.131,False,False
A45_5-8,mode_rms_1.8-3Hz,4,T64-V282,16.1625,2.5367,7,2,7,2,13.6258,6.0604,19.4388,10.2767,1.3259,True,False
A45_5-8,mode_rms_1.8-3Hz,4,T64-V282old,16.1625,1.5775,7,2,11,3,14.585,6.9079,20.3863,10.2355,1.4249,True,False
A45_5-8,mode_rms_1.8-3Hz,4,T64-V282pool,16.1625,1.6871,7,2,18,5,14.4754,6.2877,20.2452,10.293,1.4063,True,True
A45_5-8,mode_rms_1.8-3Hz,4,T64B-V282,11.4938,2.5367,11,1,7,2,8.9571,2.6563,18.4852,11.9434,0.75,True,False
A45_5-8,mode_rms_1.8-3Hz,4,T64B-V282old,11.4938,1.5775,11,1,11,3,9.9163,3.6885,19.5957,11.8431,0.8373,True,False
A45_5-8,mode_rms_1.8-3Hz,4,T64B-V282pool,11.4938,1.6871,11,1,18,5,9.8066,3.4693,19.4444,11.8427,0.8281,True,True
A45_5-8,mode_rms_1.8-3Hz,4,T5-V282,15.9796,2.5367,8,1,7,2,13.4429,5.8666,18.8547,10.1463,1.3249,True,False
A45_5-8,mode_rms_1.8-3Hz,4,T5-V282old,15.9796,1.5775,8,1,11,3,14.4022,6.5133,19.4231,10.1669,1.4166,True,False
A45_5-8,mode_rms_1.8-3Hz,4,T5-V282pool,15.9796,1.6871,8,1,18,5,14.2925,6.5136,19.3685,10.0634,1.4203,True,True
A45_5-8,mode_rms_1.8-3Hz,4,T4-V282,13.1724,2.5367,10,1,7,2,10.6357,6.2162,23.4199,10.4141,1.0213,True,False
A45_5-8,mode_rms_1.8-3Hz,4,T4-V282old,13.1724,1.5775,10,1,11,3,11.5949,6.9195,24.0617,10.4995,1.1043,True,False
A45_5-8,mode_rms_1.8-3Hz,4,T4-V282pool,13.1724,1.6871,10,1,18,5,11.4852,6.8767,23.9146,10.4411,1.1,True,True
A45_5-8,mode_rms_1.8-3Hz,4,V282old-V282,1.5775,2.5367,11,3,7,2,-0.9592,-1.8966,1.3612,2.3401,0.4099,False,False
A45_5-8,hf_rms_2-10Hz,4,T64-V282,15.3783,5.4504,7,2,7,2,9.9279,1.2377,14.5143,8.2275,1.2067,True,False
A45_5-8,hf_rms_2-10Hz,4,T64-V282old,15.3783,3.3594,7,2,11,3,12.0189,4.7573,16.9674,8.1518,1.4744,True,False
A45_5-8,hf_rms_2-10Hz,4,T64-V282pool,15.3783,4.5101,7,2,18,5,10.8682,3.7834,16.46,7.7367,1.4048,True,True
A45_5-8,hf_rms_2-10Hz,4,T64B-V282,11.6598,5.4504,11,1,7,2,6.2094,2.1911,13.3735,9.5877,0.6476,True,False
A45_5-8,hf_rms_2-10Hz,4,T64B-V282old,11.6598,3.3594,11,1,11,3,8.3004,4.1818,15.8265,9.4413,0.8792,True,False
A45_5-8,hf_rms_2-10Hz,4,T64B-V282pool,11.6598,4.5101,11,1,18,5,7.1497,3.5178,15.452,9.6304,0.7424,True,True
A45_5-8,hf_rms_2-10Hz,4,T5-V282,17.9679,5.4504,8,1,7,2,12.5175,4.3701,15.7316,8.1648,1.5331,True,False
A45_5-8,hf_rms_2-10Hz,4,T5-V282old,17.9679,3.3594,8,1,11,3,14.6085,7.7717,18.4062,7.8737,1.8554,True,False
A45_5-8,hf_rms_2-10Hz,4,T5-V282pool,17.9679,4.5101,8,1,18,5,13.4578,6.7378,17.5912,8.164,1.6484,True,True
A45_5-8,hf_rms_2-10Hz,4,T4-V282,12.7241,5.4504,10,1,7,2,7.2737,2.4209,15.9741,11.2182,0.6484,True,False
A45_5-8,hf_rms_2-10Hz,4,T4-V282old,12.7241,3.3594,10,1,11,3,9.3647,3.7811,18.498,11.1391,0.8407,True,False
A45_5-8,hf_rms_2-10Hz,4,T4-V282pool,12.7241,4.5101,10,1,18,5,8.214,3.9996,17.6182,11.0389,0.7441,True,True
A45_5-8,hf_rms_2-10Hz,4,V282old-V282,3.3594,5.4504,11,3,7,2,-2.091,-5.0378,1.2258,5.0346,0.4153,False,False
A45_5-8,travel_conc,4,T64-V282,0.1553,0.1592,7,2,7,2,-0.0039,-0.1099,0.119,0.1496,0.0262,False,False
A45_5-8,travel_conc,4,T64-V282old,0.1553,0.1637,7,2,11,3,-0.0084,-0.1188,0.102,0.1767,0.0474,False,False
A45_5-8,travel_conc,4,T64-V282pool,0.1553,0.1635,7,2,18,5,-0.0082,-0.1086,0.1061,0.1455,0.0565,False,True
A45_5-8,travel_conc,4,T64B-V282,0.1769,0.1592,11,1,7,2,0.0177,-0.0898,0.1196,0.1257,0.1412,False,False
A45_5-8,travel_conc,4,T64B-V282old,0.1769,0.1637,11,1,11,3,0.0133,-0.1042,0.1045,0.1471,0.0902,False,False
A45_5-8,travel_conc,4,T64B-V282pool,0.1769,0.1635,11,1,18,5,0.0134,-0.0873,0.1045,0.1185,0.1135,False,True
A45_5-8,travel_conc,4,T5-V282,0.2427,0.1592,8,1,7,2,0.0835,-0.026,0.1098,0.1228,0.6801,False,False
A45_5-8,travel_conc,4,T5-V282old,0.2427,0.1637,8,1,11,3,0.0791,-0.0528,0.1269,0.1481,0.5339,False,False
A45_5-8,travel_conc,4,T5-V282pool,0.2427,0.1635,8,1,18,5,0.0792,-0.0282,0.1108,0.1133,0.6996,False,True
A45_5-8,travel_conc,4,T4-V282,0.2049,0.1592,10,1,7,2,0.0457,-0.0653,0.082,0.1121,0.408,False,False
A45_5-8,travel_conc,4,T4-V282old,0.2049,0.1637,10,1,11,3,0.0413,-0.09,0.0897,0.1393,0.2961,False,False
A45_5-8,travel_conc,4,T4-V282pool,0.2049,0.1635,10,1,18,5,0.0414,-0.0643,0.082,0.1068,0.3878,False,True
A45_5-8,travel_conc,4,V282old-V282,0.1637,0.1592,11,3,7,2,0.0045,-0.1015,0.1187,0.1585,0.0282,False,False
A45_5-8,dwelljump_per100deg,4,T64-V282,0.0,0.0,7,2,7,2,0.0,0.0,0.0,0.0,nan,False,False
A45_5-8,dwelljump_per100deg,4,T64-V282old,0.0,0.0,7,2,11,3,0.0,0.0,0.0,0.0,nan,False,False
A45_5-8,dwelljump_per100deg,4,T64-V282pool,0.0,0.0,7,2,18,5,0.0,0.0,0.0,0.0,nan,False,True
A45_5-8,dwelljump_per100deg,4,T64B-V282,0.2514,0.0,11,1,7,2,0.2514,0.0,0.6991,0.5337,0.471,False,False
A45_5-8,dwelljump_per100deg,4,T64B-V282old,0.2514,0.0,11,1,11,3,0.2514,0.0,0.6991,0.5337,0.471,False,False
A45_5-8,dwelljump_per100deg,4,T64B-V282pool,0.2514,0.0,11,1,18,5,0.2514,0.0,0.6991,0.5337,0.471,False,True
A45_5-8,dwelljump_per100deg,4,T5-V282,0.2687,0.0,8,1,7,2,0.2687,0.0,0.8676,0.7213,0.3725,False,False
A45_5-8,dwelljump_per100deg,4,T5-V282old,0.2687,0.0,8,1,11,3,0.2687,0.0,0.8676,0.7213,0.3725,False,False
A45_5-8,dwelljump_per100deg,4,T5-V282pool,0.2687,0.0,8,1,18,5,0.2687,0.0,0.8676,0.7213,0.3725,False,True
A45_5-8,dwelljump_per100deg,4,T4-V282,0.2876,0.0,10,1,7,2,0.2876,0.0,0.8253,0.5898,0.4877,False,False
A45_5-8,dwelljump_per100deg,4,T4-V282old,0.2876,0.0,10,1,11,3,0.2876,0.0,0.8253,0.5898,0.4877,False,False
A45_5-8,dwelljump_per100deg,4,T4-V282pool,0.2876,0.0,10,1,18,5,0.2876,0.0,0.8253,0.5898,0.4877,False,True
A45_5-8,dwelljump_per100deg,4,V282old-V282,0.0,0.0,11,3,7,2,0.0,0.0,0.0,0.0,nan,False,False
A45_8-15,mode_ratio_1.8-3Hz,4,T64B-V282old,0.6525,0.0833,10,1,7,3,0.5692,0.4076,0.7665,0.2433,2.3394,True,False
A45_8-15,mode_ratio_1.8-3Hz,4,T64B-V282pool,0.6525,0.0815,10,1,8,4,0.5709,0.4124,0.7295,0.2192,2.6046,True,False
A45_8-15,mode_ratio_1.8-3Hz,4,T4-V282old,0.4288,0.0833,8,1,7,3,0.3455,0.2019,0.4822,0.1714,2.0161,True,False
A45_8-15,mode_ratio_1.8-3Hz,4,T4-V282pool,0.4288,0.0815,8,1,8,4,0.3472,0.255,0.4661,0.1385,2.5061,True,False
A45_8-15,hf_ratio_2-10Hz,4,T64B-V282old,0.7589,0.1621,10,1,7,3,0.5968,0.4136,0.7792,0.3008,1.984,True,False
A45_8-15,hf_ratio_2-10Hz,4,T64B-V282pool,0.7589,0.1673,10,1,8,4,0.5916,0.375,0.7629,0.2981,1.9845,True,False
A45_8-15,hf_ratio_2-10Hz,4,T4-V282old,0.417,0.1621,8,1,7,3,0.2549,0.1492,0.4754,0.225,1.133,True,False
A45_8-15,hf_ratio_2-10Hz,4,T4-V282pool,0.417,0.1673,8,1,8,4,0.2497,0.1319,0.4306,0.2139,1.1675,True,False
A45_8-15,mode_rms_1.8-3Hz,4,T64B-V282old,14.2978,0.6618,10,1,7,3,13.636,10.0708,15.7688,4.7774,2.8543,True,False
A45_8-15,mode_rms_1.8-3Hz,4,T64B-V282pool,14.2978,0.609,10,1,8,4,13.6888,10.0644,15.7104,4.7206,2.8998,True,False
A45_8-15,mode_rms_1.8-3Hz,4,T4-V282old,11.8269,0.6618,8,1,7,3,11.165,8.7535,12.4964,2.9424,3.7945,True,False
A45_8-15,mode_rms_1.8-3Hz,4,T4-V282pool,11.8269,0.609,8,1,8,4,11.2178,8.9677,12.4964,2.8392,3.9511,True,False
A45_8-15,hf_rms_2-10Hz,4,T64B-V282old,16.6836,2.3088,10,1,7,3,14.3749,8.4447,20.181,6.9448,2.0699,True,False
A45_8-15,hf_rms_2-10Hz,4,T64B-V282pool,16.6836,2.1936,10,1,8,4,14.49,8.5695,20.1791,6.839,2.1187,True,False
A45_8-15,hf_rms_2-10Hz,4,T4-V282old,12.8932,2.3088,8,1,7,3,10.5844,9.3182,12.4993,2.3477,4.5084,True,False
A45_8-15,hf_rms_2-10Hz,4,T4-V282pool,12.8932,2.1936,8,1,8,4,10.6996,9.5394,12.4527,2.3109,4.6301,True,False
A45_8-15,travel_conc,4,T64B-V282old,0.278,0.1813,10,1,7,3,0.0967,0.0211,0.1737,0.1025,0.9435,True,False
A45_8-15,travel_conc,4,T64B-V282pool,0.278,0.1955,10,1,8,4,0.0825,-0.0266,0.1705,0.1262,0.6535,False,False
A45_8-15,travel_conc,4,T4-V282old,0.2693,0.1813,8,1,7,3,0.0879,0.0168,0.2651,0.1925,0.4569,True,False
A45_8-15,travel_conc,4,T4-V282pool,0.2693,0.1955,8,1,8,4,0.0737,-0.0266,0.2581,0.209,0.3528,False,False
A45_8-15,dwelljump_per100deg,4,T64B-V282old,1.7223,0.0,10,1,7,3,1.7223,0.241,4.2403,2.9035,0.5932,True,False
A45_8-15,dwelljump_per100deg,4,T64B-V282pool,1.7223,0.0,10,1,8,4,1.7223,0.241,4.2403,2.9035,0.5932,True,False
A45_8-15,dwelljump_per100deg,4,T4-V282old,0.3226,0.0,8,1,7,3,0.3226,0.0,1.0912,0.8984,0.3591,False,False
A45_8-15,dwelljump_per100deg,4,T4-V282pool,0.3226,0.0,8,1,8,4,0.3226,0.0,1.0912,0.8984,0.3591,False,False
A90_2.5-5,mode_ratio_1.8-3Hz,4,T64B-V282old,0.1925,0.0619,5,1,8,2,0.1306,-0.184,0.3018,0.3228,0.4047,False,False
A90_2.5-5,mode_ratio_1.8-3Hz,4,T64B-V282pool,0.1925,0.06,5,1,10,3,0.1325,-0.0511,0.3163,0.2689,0.4925,False,False
A90_2.5-5,mode_ratio_1.8-3Hz,4,T4-V282old,0.1989,0.0619,8,1,8,2,0.1371,-0.1434,0.2508,0.269,0.5096,False,False
A90_2.5-5,mode_ratio_1.8-3Hz,4,T4-V282pool,0.1989,0.06,8,1,10,3,0.1389,-0.0093,0.2493,0.2084,0.6664,False,False
A90_2.5-5,hf_ratio_2-10Hz,4,T64B-V282old,0.2952,0.218,5,1,8,2,0.0772,-0.2175,0.2905,0.3919,0.197,False,False
A90_2.5-5,hf_ratio_2-10Hz,4,T64B-V282pool,0.2952,0.1248,5,1,10,3,0.1704,-0.1981,0.3088,0.3782,0.4505,False,False
A90_2.5-5,hf_ratio_2-10Hz,4,T4-V282old,0.2349,0.218,8,1,8,2,0.0169,-0.1272,0.1833,0.2549,0.0663,False,False
A90_2.5-5,hf_ratio_2-10Hz,4,T4-V282pool,0.2349,0.1248,8,1,10,3,0.11,-0.0986,0.1999,0.2394,0.4596,False,False
A90_2.5-5,mode_rms_1.8-3Hz,4,T64B-V282old,15.7164,2.7633,5,1,8,2,12.9531,4.8848,16.6468,8.3067,1.5594,True,False
A90_2.5-5,mode_rms_1.8-3Hz,4,T64B-V282pool,15.7164,2.7832,5,1,10,3,12.9332,4.848,16.6269,8.404,1.5389,True,False
A90_2.5-5,mode_rms_1.8-3Hz,4,T4-V282old,10.5486,2.7633,8,1,8,2,7.7852,5.0032,13.2811,5.9675,1.3046,True,False
A90_2.5-5,mode_rms_1.8-3Hz,4,T4-V282pool,10.5486,2.7832,8,1,10,3,7.7654,4.7416,11.8702,6.0,1.2942,True,False
A90_2.5-5,hf_rms_2-10Hz,4,T64B-V282old,19.0922,6.2002,5,1,8,2,12.892,5.0682,19.082,10.5552,1.2214,True,False
A90_2.5-5,hf_rms_2-10Hz,4,T64B-V282pool,19.0922,6.2002,5,1,10,3,12.892,4.5225,18.8664,10.5189,1.2256,True,False
A90_2.5-5,hf_rms_2-10Hz,4,T4-V282old,12.2384,6.2002,8,1,8,2,6.0381,2.5551,10.4165,6.1648,0.9795,True,False
A90_2.5-5,hf_rms_2-10Hz,4,T4-V282pool,12.2384,6.2002,8,1,10,3,6.0381,2.2773,10.5256,6.0219,1.0027,True,False
A90_2.5-5,travel_conc,4,T64B-V282old,0.1707,0.1943,5,1,8,2,-0.0236,-0.1578,0.0647,0.1252,0.1881,False,False
A90_2.5-5,travel_conc,4,T64B-V282pool,0.1707,0.1943,5,1,10,3,-0.0236,-0.1108,0.0647,0.1099,0.2145,False,False
A90_2.5-5,travel_conc,4,T4-V282old,0.1876,0.1943,8,1,8,2,-0.0066,-0.1216,0.0447,0.108,0.0615,False,False
A90_2.5-5,travel_conc,4,T4-V282pool,0.1876,0.1943,8,1,10,3,-0.0066,-0.0761,0.0578,0.087,0.0764,False,False
A90_2.5-5,dwelljump_per100deg,4,T64B-V282old,0.0,0.0,5,1,8,2,0.0,0.0,0.0,0.0,nan,False,False
A90_2.5-5,dwelljump_per100deg,4,T64B-V282pool,0.0,0.0,5,1,10,3,0.0,0.0,0.0,0.0,nan,False,False
A90_2.5-5,dwelljump_per100deg,4,T4-V282old,0.0,0.0,8,1,8,2,0.0,0.0,0.0,0.0,nan,False,False
A90_2.5-5,dwelljump_per100deg,4,T4-V282pool,0.0,0.0,8,1,10,3,0.0,0.0,0.0,0.0,nan,False,False
A90_5-8,mode_ratio_1.8-3Hz,4,T64-V282old,0.3762,0.0245,5,2,7,3,0.3517,0.0349,0.4703,0.4305,0.8171,True,False
A90_5-8,mode_ratio_1.8-3Hz,4,T64-V282pool,0.3762,0.0245,5,2,11,5,0.3517,0.0438,0.4703,0.4318,0.8145,True,False
A90_5-8,mode_ratio_1.8-3Hz,4,T64B-V282old,0.2665,0.0245,7,1,7,3,0.242,0.1129,0.5434,0.636,0.3806,True,False
A90_5-8,mode_ratio_1.8-3Hz,4,T64B-V282pool,0.2665,0.0245,7,1,11,5,0.242,0.1184,0.539,0.6357,0.3807,True,False
A90_5-8,mode_ratio_1.8-3Hz,4,T4-V282old,0.2876,0.0245,9,1,7,3,0.2631,0.1165,0.6657,0.3343,0.787,True,False
A90_5-8,mode_ratio_1.8-3Hz,4,T4-V282pool,0.2876,0.0245,9,1,11,5,0.2631,0.122,0.6657,0.3322,0.7919,True,False
A90_5-8,hf_ratio_2-10Hz,4,T64-V282old,0.3544,0.0683,5,2,7,3,0.2861,-0.01,0.4486,0.3191,0.8966,False,False
A90_5-8,hf_ratio_2-10Hz,4,T64-V282pool,0.3544,0.074,5,2,11,5,0.2804,0.0059,0.4431,0.3023,0.9276,True,False
A90_5-8,hf_ratio_2-10Hz,4,T64B-V282old,0.3429,0.0683,7,1,7,3,0.2747,0.0511,0.427,0.3448,0.7967,True,False
A90_5-8,hf_ratio_2-10Hz,4,T64B-V282pool,0.3429,0.074,7,1,11,5,0.269,0.0829,0.4106,0.3285,0.8187,True,False
A90_5-8,hf_ratio_2-10Hz,4,T4-V282old,0.3467,0.0683,9,1,7,3,0.2784,0.0325,0.5226,0.3642,0.7644,True,False
A90_5-8,hf_ratio_2-10Hz,4,T4-V282pool,0.3467,0.074,9,1,11,5,0.2727,0.0497,0.5225,0.3454,0.7894,True,False
A90_5-8,mode_rms_1.8-3Hz,4,T64-V282old,16.1625,1.5775,5,2,7,3,14.585,3.9871,20.0938,12.64,1.1539,True,False
A90_5-8,mode_rms_1.8-3Hz,4,T64-V282pool,16.1625,1.7968,5,2,11,5,14.3657,3.7727,19.8745,12.6161,1.1387,True,False
A90_5-8,mode_rms_1.8-3Hz,4,T64B-V282old,14.517,1.5775,7,1,7,3,12.9395,6.6386,19.7369,10.3201,1.2538,True,False
A90_5-8,mode_rms_1.8-3Hz,4,T64B-V282pool,14.517,1.7968,7,1,11,5,12.7202,6.0984,19.5906,10.3347,1.2308,True,False
A90_5-8,mode_rms_1.8-3Hz,4,T4-V282old,14.7754,1.5775,9,1,7,3,13.1979,7.9439,34.6872,14.0698,0.938,True,False
A90_5-8,mode_rms_1.8-3Hz,4,T4-V282pool,14.7754,1.7968,9,1,11,5,12.9786,7.6199,34.4875,14.1772,0.9155,True,False
A90_5-8,hf_rms_2-10Hz,4,T64-V282old,15.2246,3.3594,5,2,7,3,11.8653,4.2406,16.5929,8.1233,1.4606,True,False
A90_5-8,hf_rms_2-10Hz,4,T64-V282pool,15.2246,5.4504,5,2,11,5,9.7743,2.5773,15.1304,7.4481,1.3123,True,False
A90_5-8,hf_rms_2-10Hz,4,T64B-V282old,14.1914,3.3594,7,1,7,3,10.832,3.2986,15.6033,10.2005,1.0619,True,False
A90_5-8,hf_rms_2-10Hz,4,T64B-V282pool,14.1914,5.4504,7,1,11,5,8.741,3.809,15.3192,9.6842,0.9026,True,False
A90_5-8,hf_rms_2-10Hz,4,T4-V282old,14.6621,3.3594,9,1,7,3,11.3027,3.9612,19.7989,13.2697,0.8518,True,False
A90_5-8,hf_rms_2-10Hz,4,T4-V282pool,14.6621,5.4504,9,1,11,5,9.2117,2.9352,18.1235,12.9015,0.714,True,False
A90_5-8,travel_conc,4,T64-V282old,0.1553,0.1637,5,2,7,3,-0.0084,-0.1189,0.102,0.1937,0.0433,False,False
A90_5-8,travel_conc,4,T64-V282pool,0.1553,0.1633,5,2,11,5,-0.008,-0.1089,0.1061,0.1631,0.0493,False,False
A90_5-8,travel_conc,4,T64B-V282old,0.191,0.1637,7,1,7,3,0.0273,-0.0889,0.1342,0.1702,0.1606,False,False
A90_5-8,travel_conc,4,T64B-V282pool,0.191,0.1633,7,1,11,5,0.0277,-0.079,0.1382,0.1401,0.1975,False,False
A90_5-8,travel_conc,4,T4-V282old,0.21,0.1637,9,1,7,3,0.0463,-0.0951,0.0883,0.1468,0.3152,False,False
A90_5-8,travel_conc,4,T4-V282pool,0.21,0.1633,9,1,11,5,0.0466,-0.0683,0.0787,0.1161,0.4017,False,False
A90_5-8,dwelljump_per100deg,4,T64-V282old,0.0,0.0,5,2,7,3,0.0,0.0,0.0,0.0,nan,False,False
A90_5-8,dwelljump_per100deg,4,T64-V282pool,0.0,0.0,5,2,11,5,0.0,0.0,0.0,0.0,nan,False,False
A90_5-8,dwelljump_per100deg,4,T64B-V282old,0.4656,0.0,7,1,7,3,0.4656,0.0,1.3012,0.9844,0.473,False,False
A90_5-8,dwelljump_per100deg,4,T64B-V282pool,0.4656,0.0,7,1,11,5,0.4656,0.0,1.3012,0.9844,0.473,False,False
A90_5-8,dwelljump_per100deg,4,T4-V282old,0.3238,0.0,9,1,7,3,0.3238,0.0,0.9055,0.663,0.4884,False,False
A90_5-8,dwelljump_per100deg,4,T4-V282pool,0.3238,0.0,9,1,11,5,0.3238,0.0,0.9055,0.663,0.4884,False,False
R10_2.5-5,mode_ratio_1.8-3Hz,4,T64-V282,0.3721,0.0979,10,2,44,3,0.2742,0.0764,0.5196,0.3492,0.7853,True,True
R10_2.5-5,mode_ratio_1.8-3Hz,4,T64-V282old,0.3721,0.0881,10,2,31,3,0.2841,0.0792,0.5264,0.3551,0.8001,True,False
R10_2.5-5,mode_ratio_1.8-3Hz,4,T64-V282pool,0.3721,0.0932,10,2,75,6,0.2789,0.0805,0.5197,0.3479,0.8018,True,True
R10_2.5-5,mode_ratio_1.8-3Hz,4,T64-V282_LOO,0.3721,0.1037,10,2,14,2,0.2685,0.0652,0.5197,0.3513,0.7641,True,False
R10_2.5-5,mode_ratio_1.8-3Hz,4,T64B-V282,0.392,0.0979,7,1,44,3,0.2941,0.1676,0.4289,0.234,1.2568,True,True
R10_2.5-5,mode_ratio_1.8-3Hz,4,T64B-V282old,0.392,0.0881,7,1,31,3,0.304,0.1601,0.4457,0.2457,1.2373,True,False
R10_2.5-5,mode_ratio_1.8-3Hz,4,T64B-V282pool,0.392,0.0932,7,1,75,6,0.2988,0.1721,0.4307,0.2352,1.2703,True,True
R10_2.5-5,mode_ratio_1.8-3Hz,4,T64B-V282_LOO,0.392,0.1037,7,1,14,2,0.2883,0.1559,0.4215,0.237,1.2167,True,False
R10_2.5-5,mode_ratio_1.8-3Hz,4,T5-V282,0.1577,0.0979,6,1,44,3,0.0599,-0.0331,0.4561,0.4003,0.1495,False,True
R10_2.5-5,mode_ratio_1.8-3Hz,4,T5-V282old,0.1577,0.0881,6,1,31,3,0.0697,-0.0515,0.4663,0.4045,0.1723,False,False
R10_2.5-5,mode_ratio_1.8-3Hz,4,T5-V282pool,0.1577,0.0932,6,1,75,6,0.0645,-0.0292,0.4573,0.3971,0.1625,False,True
R10_2.5-5,mode_ratio_1.8-3Hz,4,T5-V282_LOO,0.1577,0.1037,6,1,14,2,0.0541,-0.0532,0.454,0.4034,0.134,False,False
R10_2.5-5,mode_ratio_1.8-3Hz,4,T4-V282,0.2983,0.0979,13,1,44,3,0.2004,0.0555,0.2945,0.229,0.875,True,True
R10_2.5-5,mode_ratio_1.8-3Hz,4,T4-V282old,0.2983,0.0881,13,1,31,3,0.2102,0.0338,0.3112,0.2331,0.902,True,False
R10_2.5-5,mode_ratio_1.8-3Hz,4,T4-V282pool,0.2983,0.0932,13,1,75,6,0.2051,0.0625,0.2946,0.2253,0.9101,True,True
R10_2.5-5,mode_ratio_1.8-3Hz,4,T4-V282_LOO,0.2983,0.1037,13,1,14,2,0.1946,0.0286,0.3003,0.2333,0.8342,True,False
R10_2.5-5,mode_ratio_1.8-3Hz,4,V282old-V282,0.0881,0.0979,31,3,44,3,-0.0098,-0.0503,0.0692,0.0771,0.1276,False,True
R10_2.5-5,hf_ratio_2-10Hz,4,T64-V282,0.3805,0.2127,10,2,44,3,0.1678,-0.002,0.5537,0.4115,0.4078,False,True
R10_2.5-5,hf_ratio_2-10Hz,4,T64-V282old,0.3805,0.247,10,2,31,3,0.1335,-0.0404,0.517,0.4158,0.3209,False,False
R10_2.5-5,hf_ratio_2-10Hz,4,T64-V282pool,0.3805,0.2266,10,2,75,6,0.1539,-0.0224,0.5306,0.4087,0.3765,False,True
R10_2.5-5,hf_ratio_2-10Hz,4,T64-V282_LOO,0.3805,0.2602,10,2,14,2,0.1203,-0.0598,0.5291,0.426,0.2824,False,False
R10_2.5-5,hf_ratio_2-10Hz,4,T64B-V282,0.449,0.2127,7,1,44,3,0.2363,0.0915,0.4025,0.2478,0.9534,True,True
R10_2.5-5,hf_ratio_2-10Hz,4,T64B-V282old,0.449,0.247,7,1,31,3,0.2019,0.0535,0.3632,0.2407,0.839,True,False
R10_2.5-5,hf_ratio_2-10Hz,4,T64B-V282pool,0.449,0.2266,7,1,75,6,0.2223,0.0897,0.3843,0.2329,0.9546,True,True
R10_2.5-5,hf_ratio_2-10Hz,4,T64B-V282_LOO,0.449,0.2602,7,1,14,2,0.1888,0.0498,0.4098,0.2631,0.7174,True,False
R10_2.5-5,hf_ratio_2-10Hz,4,T5-V282,0.2004,0.2127,6,1,44,3,-0.0123,-0.1508,0.3751,0.3763,0.0327,False,True
R10_2.5-5,hf_ratio_2-10Hz,4,T5-V282old,0.2004,0.247,6,1,31,3,-0.0467,-0.1934,0.3441,0.3805,0.1226,False,False
R10_2.5-5,hf_ratio_2-10Hz,4,T5-V282pool,0.2004,0.2266,6,1,75,6,-0.0262,-0.1499,0.3543,0.3659,0.0717,False,True
R10_2.5-5,hf_ratio_2-10Hz,4,T5-V282_LOO,0.2004,0.2602,6,1,14,2,-0.0598,-0.1906,0.3447,0.3909,0.153,False,False
R10_2.5-5,hf_ratio_2-10Hz,4,T4-V282,0.3562,0.2127,13,1,44,3,0.1435,-0.0032,0.2237,0.1705,0.8414,False,True
R10_2.5-5,hf_ratio_2-10Hz,4,T4-V282old,0.3562,0.247,13,1,31,3,0.1091,-0.0444,0.1866,0.1796,0.6075,False,False
R10_2.5-5,hf_ratio_2-10Hz,4,T4-V282pool,0.3562,0.2266,13,1,75,6,0.1295,-0.0032,0.1964,0.1606,0.8067,False,True
R10_2.5-5,hf_ratio_2-10Hz,4,T4-V282_LOO,0.3562,0.2602,13,1,14,2,0.0959,-0.0358,0.25,0.2076,0.4623,False,False
R10_2.5-5,hf_ratio_2-10Hz,4,V282old-V282,0.247,0.2127,31,3,44,3,0.0344,-0.0803,0.1354,0.1517,0.2266,False,True
R10_2.5-5,mode_rms_1.8-3Hz,4,T64-V282,3.0762,0.825,10,2,44,3,2.2512,0.7543,8.7295,5.0115,0.4492,True,True
R10_2.5-5,mode_rms_1.8-3Hz,4,T64-V282old,3.0762,0.616,10,2,31,3,2.4602,1.0154,8.8713,4.9687,0.4951,True,False
R10_2.5-5,mode_rms_1.8-3Hz,4,T64-V282pool,3.0762,0.6682,10,2,75,6,2.408,0.9538,8.8238,4.9763,0.4839,True,True
R10_2.5-5,mode_rms_1.8-3Hz,4,T64-V282_LOO,3.0762,1.0346,10,2,14,2,2.0416,0.4051,8.4849,5.0397,0.4051,True,False
R10_2.5-5,mode_rms_1.8-3Hz,4,T64B-V282,2.1865,0.825,7,1,44,3,1.3615,0.3389,2.8181,2.8785,0.473,True,True
R10_2.5-5,mode_rms_1.8-3Hz,4,T64B-V282old,2.1865,0.616,7,1,31,3,1.5705,0.6324,3.0227,2.8239,0.5562,True,False
R10_2.5-5,mode_rms_1.8-3Hz,4,T64B-V282pool,2.1865,0.6682,7,1,75,6,1.5183,0.4299,2.891,2.8255,0.5373,True,True
R10_2.5-5,mode_rms_1.8-3Hz,4,T64B-V282_LOO,2.1865,1.0346,7,1,14,2,1.1518,0.0066,2.8698,3.0146,0.3821,True,False
R10_2.5-5,mode_rms_1.8-3Hz,4,T5-V282,0.616,0.825,6,1,44,3,-0.209,-0.9858,1.5458,1.872,0.1117,False,True
R10_2.5-5,mode_rms_1.8-3Hz,4,T5-V282old,0.616,0.616,6,1,31,3,0.0001,-0.5359,1.8694,1.8298,0.0,False,False
R10_2.5-5,mode_rms_1.8-3Hz,4,T5-V282pool,0.616,0.6682,6,1,75,6,-0.0522,-0.6062,1.7008,1.8363,0.0284,False,True
R10_2.5-5,mode_rms_1.8-3Hz,4,T5-V282_LOO,0.616,1.0346,6,1,14,2,-0.4186,-1.2756,1.5678,2.0929,0.2,False,False
R10_2.5-5,mode_rms_1.8-3Hz,4,T4-V282,1.6689,0.825,13,1,44,3,0.8439,-0.2776,2.4421,2.6517,0.3182,False,True
R10_2.5-5,mode_rms_1.8-3Hz,4,T4-V282old,1.6689,0.616,13,1,31,3,1.0529,-0.0171,2.6436,2.6119,0.4031,False,False
R10_2.5-5,mode_rms_1.8-3Hz,4,T4-V282pool,1.6689,0.6682,13,1,75,6,1.0007,-0.1752,2.5029,2.5732,0.3889,False,True
R10_2.5-5,mode_rms_1.8-3Hz,4,T4-V282_LOO,1.6689,1.0346,13,1,14,2,0.6342,-0.6444,2.4705,2.793,0.2271,False,False
R10_2.5-5,mode_rms_1.8-3Hz,4,V282old-V282,0.616,0.825,31,3,44,3,-0.2091,-0.9156,0.2523,0.779,0.2684,False,True
R10_2.5-5,hf_rms_2-10Hz,4,T64-V282,4.8813,1.7007,10,2,44,3,3.1805,-0.189,7.9901,5.7691,0.5513,False,True
R10_2.5-5,hf_rms_2-10Hz,4,T64-V282old,4.8813,1.8472,10,2,31,3,3.034,-0.3365,8.1459,5.7803,0.5249,False,False
R10_2.5-5,hf_rms_2-10Hz,4,T64-V282pool,4.8813,1.7735,10,2,75,6,3.1078,-0.1557,8.2067,5.7246,0.5429,False,True
R10_2.5-5,hf_rms_2-10Hz,4,T64-V282_LOO,4.8813,1.952,10,2,14,2,2.9292,-0.6469,7.374,5.7881,0.5061,False,False
R10_2.5-5,hf_rms_2-10Hz,4,T64B-V282,2.2889,1.7007,7,1,44,3,0.5881,-0.332,3.3429,2.833,0.2076,False,True
R10_2.5-5,hf_rms_2-10Hz,4,T64B-V282old,2.2889,1.8472,7,1,31,3,0.4416,-0.3521,3.1967,2.8734,0.1537,False,False
R10_2.5-5,hf_rms_2-10Hz,4,T64B-V282pool,2.2889,1.7735,7,1,75,6,0.5154,-0.0441,3.3061,2.7949,0.1844,False,True
R10_2.5-5,hf_rms_2-10Hz,4,T64B-V282_LOO,2.2889,1.952,7,1,14,2,0.3368,-0.7808,3.1799,2.9783,0.1131,False,False
R10_2.5-5,hf_rms_2-10Hz,4,T5-V282,0.7651,1.7007,6,1,44,3,-0.9356,-1.8574,0.9935,1.8774,0.4983,False,True
R10_2.5-5,hf_rms_2-10Hz,4,T5-V282old,0.7651,1.8472,6,1,31,3,-1.0821,-1.8079,0.8989,1.8749,0.5772,False,False
R10_2.5-5,hf_rms_2-10Hz,4,T5-V282pool,0.7651,1.7735,6,1,75,6,-1.0084,-1.5908,1.0702,1.7591,0.5732,False,True
R10_2.5-5,hf_rms_2-10Hz,4,T5-V282_LOO,0.7651,1.952,6,1,14,2,-1.1869,-2.3062,0.6698,2.0916,0.5675,False,False
R10_2.5-5,hf_rms_2-10Hz,4,T4-V282,2.8737,1.7007,13,1,44,3,1.1729,-0.6881,2.1303,2.444,0.4799,False,True
R10_2.5-5,hf_rms_2-10Hz,4,T4-V282old,2.8737,1.8472,13,1,31,3,1.0264,-0.8919,2.7173,2.5,0.4106,False,False
R10_2.5-5,hf_rms_2-10Hz,4,T4-V282pool,2.8737,1.7735,13,1,75,6,1.1002,-0.7547,2.0683,2.3706,0.4641,False,True
R10_2.5-5,hf_rms_2-10Hz,4,T4-V282_LOO,2.8737,1.952,13,1,14,2,0.9216,-1.1367,2.0856,2.6731,0.3448,False,False
R10_2.5-5,hf_rms_2-10Hz,4,V282old-V282,1.8472,1.7007,31,3,44,3,0.1465,-0.9074,0.8827,1.221,0.12,False,True
R10_2.5-5,travel_conc,4,T64-V282,0.3719,0.2444,10,2,44,3,0.1274,-0.0317,0.2837,0.2498,0.5101,False,True
R10_2.5-5,travel_conc,4,T64-V282old,0.3719,0.2547,10,2,31,3,0.1172,-0.0301,0.282,0.2436,0.481,False,False
R10_2.5-5,travel_conc,4,T64-V282pool,0.3719,0.2465,10,2,75,6,0.1254,-0.0247,0.2885,0.2433,0.5153,False,True
R10_2.5-5,travel_conc,4,T64-V282_LOO,0.3719,0.256,10,2,14,2,0.1159,-0.073,0.2841,0.2641,0.4388,False,False
R10_2.5-5,travel_conc,4,T64B-V282,0.3889,0.2444,7,1,44,3,0.1444,-0.0164,0.3743,0.2996,0.4821,False,True
R10_2.5-5,travel_conc,4,T64B-V282old,0.3889,0.2547,7,1,31,3,0.1342,0.0025,0.3888,0.2921,0.4594,True,False
R10_2.5-5,travel_conc,4,T64B-V282pool,0.3889,0.2465,7,1,75,6,0.1424,0.0065,0.3757,0.2918,0.488,True,True
R10_2.5-5,travel_conc,4,T64B-V282_LOO,0.3889,0.256,7,1,14,2,0.1329,-0.0503,0.3681,0.3098,0.4289,False,False
R10_2.5-5,travel_conc,4,T5-V282,0.3779,0.2444,5,1,44,3,0.1335,-0.0238,0.3119,0.2892,0.4616,False,True
R10_2.5-5,travel_conc,4,T5-V282old,0.3779,0.2547,5,1,31,3,0.1232,-0.0221,0.3279,0.284,0.4339,False,False
R10_2.5-5,travel_conc,4,T5-V282pool,0.3779,0.2465,5,1,75,6,0.1315,-0.0221,0.3131,0.2814,0.4671,False,True
R10_2.5-5,travel_conc,4,T5-V282_LOO,0.3779,0.256,5,1,14,2,0.122,-0.0515,0.3419,0.3078,0.3962,False,False
R10_2.5-5,travel_conc,4,T4-V282,0.4577,0.2444,13,1,44,3,0.2132,0.0347,0.3359,0.2546,0.8375,True,True
R10_2.5-5,travel_conc,4,T4-V282old,0.4577,0.2547,13,1,31,3,0.203,0.0477,0.344,0.2536,0.8004,True,False
R10_2.5-5,travel_conc,4,T4-V282pool,0.4577,0.2465,13,1,75,6,0.2112,0.0478,0.3312,0.2493,0.8469,True,True
R10_2.5-5,travel_conc,4,T4-V282_LOO,0.4577,0.256,13,1,14,2,0.2017,-0.0055,0.3375,0.2762,0.73,False,False
R10_2.5-5,travel_conc,4,V282old-V282,0.2547,0.2444,31,3,44,3,0.0103,-0.0791,0.0376,0.0863,0.1189,False,True
R10_2.5-5,dwelljump_per100deg,4,T64-V282,2.301,1.4181,10,2,44,3,0.8829,-2.3153,10.9305,9.4941,0.093,False,True
R10_2.5-5,dwelljump_per100deg,4,T64-V282old,2.301,2.8548,10,2,31,3,-0.5538,-6.8053,8.5844,10.6568,0.052,False,False
R10_2.5-5,dwelljump_per100deg,4,T64-V282pool,2.301,1.9905,10,2,75,6,0.3105,-2.9157,9.7433,9.3578,0.0332,False,True
R10_2.5-5,dwelljump_per100deg,4,T64-V282_LOO,2.301,0.6381,10,2,14,2,1.6629,-1.7596,11.4295,9.3466,0.1779,False,False
R10_2.5-5,dwelljump_per100deg,4,T64B-V282,1.8745,1.4181,7,1,44,3,0.4564,-2.3319,10.6569,9.3574,0.0488,False,True
R10_2.5-5,dwelljump_per100deg,4,T64B-V282old,1.8745,2.8548,7,1,31,3,-0.9803,-7.1178,8.9567,10.5421,0.093,False,False
R10_2.5-5,dwelljump_per100deg,4,T64B-V282pool,1.8745,1.9905,7,1,75,6,-0.116,-3.0605,10.2811,9.4212,0.0123,False,True
R10_2.5-5,dwelljump_per100deg,4,T64B-V282_LOO,1.8745,0.6381,7,1,14,2,1.2364,-1.7727,11.4675,9.2303,0.1339,False,False
R10_2.5-5,dwelljump_per100deg,4,T5-V282,26.6289,1.4181,6,1,44,3,25.2108,8.8251,38.169,20.3203,1.2407,True,True
R10_2.5-5,dwelljump_per100deg,4,T5-V282old,26.6289,2.8548,6,1,31,3,23.7741,6.5582,35.9352,20.7104,1.1479,True,False
R10_2.5-5,dwelljump_per100deg,4,T5-V282pool,26.6289,1.9905,6,1,75,6,24.6384,7.8389,37.079,20.249,1.2168,True,True
R10_2.5-5,dwelljump_per100deg,4,T5-V282_LOO,26.6289,0.6381,6,1,14,2,25.9908,9.4602,38.2553,20.1627,1.2891,True,False
R10_2.5-5,dwelljump_per100deg,4,T4-V282,2.7698,1.4181,13,1,44,3,1.3517,-1.5087,9.7995,7.7527,0.1744,False,True
R10_2.5-5,dwelljump_per100deg,4,T4-V282old,2.7698,2.8548,13,1,31,3,-0.0849,-5.7649,7.3505,8.8033,0.0096,False,False
R10_2.5-5,dwelljump_per100deg,4,T4-V282pool,2.7698,1.9905,13,1,75,6,0.7793,-2.3044,8.2908,7.7007,0.1012,False,True
R10_2.5-5,dwelljump_per100deg,4,T4-V282_LOO,2.7698,0.6381,13,1,14,2,2.1317,-0.782,9.9645,7.6207,0.2797,False,False
R10_2.5-5,dwelljump_per100deg,4,V282old-V282,2.8548,1.4181,31,3,44,3,1.4367,-0.6574,7.1907,5.6011,0.2565,False,True
R10_2.5-5,rate_lag_excess,5,T4-V282,0.2654,0.06,8,1,23,3,0.2054,0.1404,0.2654,0.0795,2.5854,True,True
R10_2.5-5,rate_lag_excess,5,T4-V282old,0.2654,0.09,8,1,11,2,0.1754,0.1054,0.2204,0.0817,2.1467,True,False
R10_2.5-5,rate_lag_excess,5,T4-V282pool,0.2654,0.08,8,1,34,5,0.1854,0.1154,0.2504,0.0814,2.2775,True,True
R10_2.5-5,rate_lag_excess,5,T4-V282_LOO,0.2654,0.045,8,1,6,2,0.2204,0.1454,0.2704,0.0845,2.6084,True,False
R10_2.5-5,rate_lag_excess,5,V282old-V282,0.09,0.06,11,2,23,3,0.03,0.01,0.08,0.0534,0.5618,True,True
R10_2.5-5,rate_lag,5,T4-V282,0.545,0.26,8,1,23,3,0.285,0.225,0.34,0.0749,3.8046,True,True
R10_2.5-5,rate_lag,5,T4-V282old,0.545,0.29,8,1,11,2,0.255,0.185,0.3,0.0778,3.2781,True,False
R10_2.5-5,rate_lag,5,T4-V282pool,0.545,0.28,8,1,34,5,0.265,0.2,0.325,0.0766,3.4604,True,True
R10_2.5-5,rate_lag,5,T4-V282_LOO,0.545,0.245,8,1,6,2,0.3,0.225,0.35,0.0819,3.6627,True,False
R10_2.5-5,rate_lag,5,V282old-V282,0.29,0.26,11,2,23,3,0.03,0.01,0.08,0.0528,0.5677,True,True
R10_2.5-5,rate_gain,5,T4-V282,0.2864,0.6525,8,1,23,3,-0.3661,-0.6597,0.2826,0.6246,0.586,False,True
R10_2.5-5,rate_gain,5,T4-V282old,0.2864,0.7199,8,1,11,2,-0.4335,-0.636,0.2566,0.5776,0.7504,False,False
R10_2.5-5,rate_gain,5,T4-V282pool,0.2864,0.6809,8,1,34,5,-0.3945,-0.6267,0.2281,0.581,0.6789,False,True
R10_2.5-5,rate_gain,5,T4-V282_LOO,0.2864,0.6518,8,1,6,2,-0.3654,-0.6843,0.2319,0.671,0.5446,False,False
R10_2.5-5,rate_gain,5,V282old-V282,0.7199,0.6525,11,2,23,3,0.0674,-0.1362,0.2381,0.2663,0.2532,False,True
R10_2.5-5,rate_peak_ratio,5,T4-V282,0.5643,0.8669,8,1,23,3,-0.3027,-0.6453,0.3204,0.7171,0.422,False,True
R10_2.5-5,rate_peak_ratio,5,T4-V282old,0.5643,0.8967,8,1,11,2,-0.3324,-0.663,0.2907,0.7668,0.4335,False,False
R10_2.5-5,rate_peak_ratio,5,T4-V282pool,0.5643,0.8787,8,1,34,5,-0.3144,-0.6607,0.2948,0.7199,0.4367,False,True
R10_2.5-5,rate_peak_ratio,5,T4-V282_LOO,0.5643,0.8624,8,1,6,2,-0.2981,-0.6283,0.325,0.707,0.4217,False,False
R10_2.5-5,rate_peak_ratio,5,V282old-V282,0.8967,0.8669,11,2,23,3,0.0297,-0.3165,0.1938,0.3746,0.0794,False,True
R10_2.5-5,rate_overrun,5,T4-V282,0.3762,0.2004,8,1,23,3,0.1757,-0.0911,0.6096,0.5298,0.3316,False,True
R10_2.5-5,rate_overrun,5,T4-V282old,0.3762,0.2635,8,1,11,2,0.1127,-0.1368,0.4982,0.5019,0.2245,False,False
R10_2.5-5,rate_overrun,5,T4-V282pool,0.3762,0.2357,8,1,34,5,0.1405,-0.107,0.5537,0.5115,0.2746,False,True
R10_2.5-5,rate_overrun,5,T4-V282_LOO,0.3762,0.1047,8,1,6,2,0.2715,-0.0217,0.7037,0.5257,0.5165,False,False
R10_2.5-5,rate_overrun,5,V282old-V282,0.2635,0.2004,11,2,23,3,0.063,-0.0505,0.2333,0.2151,0.2931,False,True
R10_2.5-5,rate_rough,5,T4-V282,0.2897,0.1219,8,1,23,3,0.1677,0.0018,0.3004,0.2152,0.7793,True,True
R10_2.5-5,rate_rough,5,T4-V282old,0.2897,0.1352,8,1,11,2,0.1545,0.0002,0.2711,0.2076,0.744,True,False
R10_2.5-5,rate_rough,5,T4-V282pool,0.2897,0.1252,8,1,34,5,0.1644,0.0045,0.2716,0.2036,0.8077,True,True
R10_2.5-5,rate_rough,5,T4-V282_LOO,0.2897,0.1579,8,1,6,2,0.1317,-0.0288,0.3448,0.2623,0.5023,False,False
R10_2.5-5,rate_rough,5,V282old-V282,0.1352,0.1219,11,2,23,3,0.0133,-0.0661,0.098,0.108,0.123,False,True
R10_2.5-5,rate_travel_ratio,5,T4-V282,0.4639,0.9545,5,1,11,3,-0.4905,-1.0203,0.6903,1.4036,0.3495,False,True
R10_2.5-5,rate_travel_ratio,5,T4-V282old,0.4639,1.013,5,1,6,1,-0.549,-0.999,0.6593,1.3405,0.4096,False,False
R10_2.5-5,rate_travel_ratio,5,T4-V282pool,0.4639,0.9854,5,1,17,4,-0.5215,-0.9399,0.6903,1.3398,0.3892,False,True
R10_2.5-5,rate_travel_ratio,5,T4-V282_LOO,0.4639,0.9885,5,1,4,2,-0.5245,-1.142,0.6563,1.4789,0.3547,False,False
R10_2.5-5,rate_travel_ratio,5,V282old-V282,1.013,0.9545,6,1,11,3,0.0585,-0.4014,0.4028,0.5738,0.1019,False,True
R10_2.5-5,rate_conc,5,T4-V282,0.476,0.2731,8,1,23,3,0.2029,0.0207,0.2747,0.1928,1.0523,True,True
R10_2.5-5,rate_conc,5,T4-V282old,0.476,0.2345,8,1,11,2,0.2415,0.0675,0.3196,0.1947,1.2405,True,False
R10_2.5-5,rate_conc,5,T4-V282pool,0.476,0.2706,8,1,34,5,0.2054,0.0554,0.287,0.1871,1.0978,True,True
R10_2.5-5,rate_conc,5,T4-V282_LOO,0.476,0.2924,8,1,6,2,0.1836,-0.0103,0.2666,0.2022,0.9078,False,False
R10_2.5-5,rate_conc,5,V282old-V282,0.2345,0.2731,11,2,23,3,-0.0386,-0.1082,0.0137,0.0893,0.4325,False,True
R10_2.5-5,rate_hf_per_peak,5,T4-V282,0.1158,0.0996,8,1,23,3,0.0161,-0.0557,0.143,0.1518,0.1062,False,True
R10_2.5-5,rate_hf_per_peak,5,T4-V282old,0.1158,0.1194,8,1,11,2,-0.0036,-0.0472,0.123,0.1419,0.0253,False,False
R10_2.5-5,rate_hf_per_peak,5,T4-V282pool,0.1158,0.1044,8,1,34,5,0.0113,-0.0446,0.1424,0.1448,0.0782,False,True
R10_2.5-5,rate_hf_per_peak,5,T4-V282_LOO,0.1158,0.119,8,1,6,2,-0.0032,-0.0826,0.1773,0.1875,0.017,False,False
R10_2.5-5,rate_hf_per_peak,5,V282old-V282,0.1194,0.0996,11,2,23,3,0.0197,-0.0451,0.0767,0.0702,0.2809,False,True
R10_2.5-5,rate_mode_per_peak,5,T4-V282,0.0732,0.0459,8,1,23,3,0.0273,-0.0001,0.1032,0.0689,0.3969,False,True
R10_2.5-5,rate_mode_per_peak,5,T4-V282old,0.0732,0.0334,8,1,11,2,0.0398,0.0101,0.1141,0.0622,0.6397,True,False
R10_2.5-5,rate_mode_per_peak,5,T4-V282pool,0.0732,0.0375,8,1,34,5,0.0357,0.0036,0.1089,0.064,0.5577,True,True
R10_2.5-5,rate_mode_per_peak,5,T4-V282_LOO,0.0732,0.0372,8,1,6,2,0.036,-0.0022,0.1038,0.0776,0.4641,False,False
R10_2.5-5,rate_mode_per_peak,5,V282old-V282,0.0334,0.0459,11,2,23,3,-0.0124,-0.0238,0.0205,0.032,0.3883,False,True
R10_5-8,mode_ratio_1.8-3Hz,4,T64-V282,0.4311,0.0625,18,2,33,3,0.3686,0.1697,0.4298,0.1835,2.0089,True,False
R10_5-8,mode_ratio_1.8-3Hz,4,T64-V282old,0.4311,0.0687,18,2,50,3,0.3624,0.1586,0.438,0.1836,1.9737,True,True
R10_5-8,mode_ratio_1.8-3Hz,4,T64-V282pool,0.4311,0.0657,18,2,83,6,0.3655,0.1698,0.4314,0.1774,2.0597,True,True
R10_5-8,mode_ratio_1.8-3Hz,4,T64-V282_LOO,0.4311,0.0594,18,2,12,2,0.3717,0.1685,0.4371,0.1898,1.9579,True,False
R10_5-8,mode_ratio_1.8-3Hz,4,T64B-V282,0.3565,0.0625,24,1,33,3,0.294,0.2258,0.366,0.0868,3.3861,True,False
R10_5-8,mode_ratio_1.8-3Hz,4,T64B-V282old,0.3565,0.0687,24,1,50,3,0.2878,0.2511,0.3687,0.0858,3.3521,True,True
R10_5-8,mode_ratio_1.8-3Hz,4,T64B-V282pool,0.3565,0.0657,24,1,83,6,0.2908,0.2503,0.3608,0.0793,3.6689,True,True
R10_5-8,mode_ratio_1.8-3Hz,4,T64B-V282_LOO,0.3565,0.0594,24,1,12,2,0.297,0.2074,0.3681,0.0966,3.0748,True,False
R10_5-8,mode_ratio_1.8-3Hz,4,T5-V282,0.2831,0.0625,10,1,33,3,0.2206,0.1164,0.3143,0.1338,1.6483,True,False
R10_5-8,mode_ratio_1.8-3Hz,4,T5-V282old,0.2831,0.0687,10,1,50,3,0.2144,0.1174,0.3214,0.1364,1.5718,True,True
R10_5-8,mode_ratio_1.8-3Hz,4,T5-V282pool,0.2831,0.0657,10,1,83,6,0.2174,0.1132,0.3184,0.1323,1.6441,True,True
R10_5-8,mode_ratio_1.8-3Hz,4,T5-V282_LOO,0.2831,0.0594,10,1,12,2,0.2237,0.1154,0.3231,0.1491,1.5004,True,False
R10_5-8,mode_ratio_1.8-3Hz,4,T4-V282,0.4147,0.0625,30,1,33,3,0.3522,0.2728,0.4978,0.1471,2.394,True,False
R10_5-8,mode_ratio_1.8-3Hz,4,T4-V282old,0.4147,0.0687,30,1,50,3,0.346,0.2843,0.4997,0.1474,2.3472,True,True
R10_5-8,mode_ratio_1.8-3Hz,4,T4-V282pool,0.4147,0.0657,30,1,83,6,0.3491,0.2835,0.4983,0.1433,2.4359,True,True
R10_5-8,mode_ratio_1.8-3Hz,4,T4-V282_LOO,0.4147,0.0594,30,1,12,2,0.3553,0.2615,0.4983,0.1566,2.2685,True,False
R10_5-8,mode_ratio_1.8-3Hz,4,V282old-V282,0.0687,0.0625,50,3,33,3,0.0062,-0.0538,0.034,0.0604,0.1022,False,False
R10_5-8,hf_ratio_2-10Hz,4,T64-V282,0.4669,0.1863,18,2,33,3,0.2806,0.0595,0.3593,0.2112,1.3284,True,False
R10_5-8,hf_ratio_2-10Hz,4,T64-V282old,0.4669,0.1772,18,2,50,3,0.2897,0.0802,0.3758,0.194,1.4934,True,True
R10_5-8,hf_ratio_2-10Hz,4,T64-V282pool,0.4669,0.1806,18,2,83,6,0.2863,0.0601,0.3562,0.1937,1.4782,True,True
R10_5-8,hf_ratio_2-10Hz,4,T64-V282_LOO,0.4669,0.1751,18,2,12,2,0.2918,0.0704,0.3931,0.2412,1.21,True,False
R10_5-8,hf_ratio_2-10Hz,4,T64B-V282,0.4856,0.1863,24,1,33,3,0.2993,0.1525,0.4278,0.1831,1.6344,True,False
R10_5-8,hf_ratio_2-10Hz,4,T64B-V282old,0.4856,0.1772,24,1,50,3,0.3084,0.1843,0.4458,0.1663,1.855,True,True
R10_5-8,hf_ratio_2-10Hz,4,T64B-V282pool,0.4856,0.1806,24,1,83,6,0.305,0.1887,0.4336,0.1604,1.9015,True,True
R10_5-8,hf_ratio_2-10Hz,4,T64B-V282_LOO,0.4856,0.1751,24,1,12,2,0.3106,0.1231,0.4308,0.2174,1.4285,True,False
R10_5-8,hf_ratio_2-10Hz,4,T5-V282,0.4068,0.1863,10,1,33,3,0.2205,0.0623,0.319,0.1678,1.3138,True,False
R10_5-8,hf_ratio_2-10Hz,4,T5-V282old,0.4068,0.1772,10,1,50,3,0.2296,0.0872,0.3414,0.1538,1.493,True,True
R10_5-8,hf_ratio_2-10Hz,4,T5-V282pool,0.4068,0.1806,10,1,83,6,0.2261,0.0824,0.3122,0.1455,1.554,True,True
R10_5-8,hf_ratio_2-10Hz,4,T5-V282_LOO,0.4068,0.1751,10,1,12,2,0.2317,0.0479,0.3393,0.2128,1.0891,True,False
R10_5-8,hf_ratio_2-10Hz,4,T4-V282,0.5078,0.1863,30,1,33,3,0.3214,0.1751,0.4152,0.1629,1.9727,True,False
R10_5-8,hf_ratio_2-10Hz,4,T4-V282old,0.5078,0.1772,30,1,50,3,0.3305,0.2077,0.4323,0.1488,2.2216,True,True
R10_5-8,hf_ratio_2-10Hz,4,T4-V282pool,0.5078,0.1806,30,1,83,6,0.3271,0.2072,0.407,0.1379,2.3719,True,True
R10_5-8,hf_ratio_2-10Hz,4,T4-V282_LOO,0.5078,0.1751,30,1,12,2,0.3327,0.1336,0.4348,0.2115,1.5733,True,False
R10_5-8,hf_ratio_2-10Hz,4,V282old-V282,0.1772,0.1863,50,3,33,3,-0.0091,-0.1237,0.0503,0.118,0.0771,False,False
R10_5-8,mode_rms_1.8-3Hz,4,T64-V282,5.0472,0.7632,18,2,33,3,4.284,1.5611,7.926,4.2698,1.0033,True,False
R10_5-8,mode_rms_1.8-3Hz,4,T64-V282old,5.0472,0.6756,18,2,50,3,4.3717,1.7143,8.007,4.2648,1.0251,True,True
R10_5-8,mode_rms_1.8-3Hz,4,T64-V282pool,5.0472,0.6966,18,2,83,6,4.3506,1.6734,7.8734,4.247,1.0244,True,True
R10_5-8,mode_rms_1.8-3Hz,4,T64-V282_LOO,5.0472,0.7769,18,2,12,2,4.2703,1.4466,7.8495,4.2918,0.995,True,False
R10_5-8,mode_rms_1.8-3Hz,4,T64B-V282,2.7849,0.7632,24,1,33,3,2.0216,1.0779,3.0366,1.2233,1.6526,True,False
R10_5-8,mode_rms_1.8-3Hz,4,T64B-V282old,2.7849,0.6756,24,1,50,3,2.1093,1.0912,3.0894,1.1883,1.7751,True,True
R10_5-8,mode_rms_1.8-3Hz,4,T64B-V282pool,2.7849,0.6966,24,1,83,6,2.0883,0.9866,3.0671,1.1848,1.7625,True,True
R10_5-8,mode_rms_1.8-3Hz,4,T64B-V282_LOO,2.7849,0.7769,24,1,12,2,2.0079,1.087,3.0535,1.2936,1.5522,True,False
R10_5-8,mode_rms_1.8-3Hz,4,T5-V282,3.0427,0.7632,10,1,33,3,2.2795,0.7093,3.9839,2.2596,1.0088,True,False
R10_5-8,mode_rms_1.8-3Hz,4,T5-V282old,3.0427,0.6756,10,1,50,3,2.3671,0.8637,4.0529,2.2282,1.0624,True,True
R10_5-8,mode_rms_1.8-3Hz,4,T5-V282pool,3.0427,0.6966,10,1,83,6,2.3461,0.8061,3.908,2.2422,1.0463,True,True
R10_5-8,mode_rms_1.8-3Hz,4,T5-V282_LOO,3.0427,0.7769,10,1,12,2,2.2657,0.6819,4.1361,2.3253,0.9744,True,False
R10_5-8,mode_rms_1.8-3Hz,4,T4-V282,4.4598,0.7632,30,1,33,3,3.6966,1.761,4.7084,2.3748,1.5566,True,False
R10_5-8,mode_rms_1.8-3Hz,4,T4-V282old,4.4598,0.6756,30,1,50,3,3.7843,1.9266,4.8218,2.3562,1.6061,True,True
R10_5-8,mode_rms_1.8-3Hz,4,T4-V282pool,4.4598,0.6966,30,1,83,6,3.7632,1.8328,4.778,2.3743,1.585,True,True
R10_5-8,mode_rms_1.8-3Hz,4,T4-V282_LOO,4.4598,0.7769,30,1,12,2,3.6829,1.6994,4.8213,2.4301,1.5155,True,False
R10_5-8,mode_rms_1.8-3Hz,4,V282old-V282,0.6756,0.7632,50,3,33,3,-0.0877,-0.4489,0.2108,0.4744,0.1848,False,False
R10_5-8,hf_rms_2-10Hz,4,T64-V282,4.8968,2.0853,18,2,33,3,2.8115,1.0344,5.0379,2.8948,0.9712,True,False
R10_5-8,hf_rms_2-10Hz,4,T64-V282old,4.8968,1.5903,18,2,50,3,3.3065,1.2941,5.4656,2.9342,1.1269,True,True
R10_5-8,hf_rms_2-10Hz,4,T64-V282pool,4.8968,1.8366,18,2,83,6,3.0601,1.2147,5.3362,2.8786,1.0631,True,True
R10_5-8,hf_rms_2-10Hz,4,T64-V282_LOO,4.8968,2.1979,18,2,12,2,2.6989,0.874,4.9296,2.9057,0.9288,True,False
R10_5-8,hf_rms_2-10Hz,4,T64B-V282,3.9679,2.0853,24,1,33,3,1.8826,0.9393,2.6396,1.0735,1.7536,True,False
R10_5-8,hf_rms_2-10Hz,4,T64B-V282old,3.9679,1.5903,24,1,50,3,2.3777,1.243,3.2786,1.2544,1.8955,True,True
R10_5-8,hf_rms_2-10Hz,4,T64B-V282pool,3.9679,1.8366,24,1,83,6,2.1313,1.1888,2.9373,1.1303,1.8856,True,True
R10_5-8,hf_rms_2-10Hz,4,T64B-V282_LOO,3.9679,2.1979,24,1,12,2,1.7701,0.8267,2.6317,1.1384,1.5549,True,False
R10_5-8,hf_rms_2-10Hz,4,T5-V282,3.7094,2.0853,10,1,33,3,1.6241,0.4307,4.0742,2.2811,0.712,True,False
R10_5-8,hf_rms_2-10Hz,4,T5-V282old,3.7094,1.5903,10,1,50,3,2.1191,0.8618,4.5844,2.3744,0.8925,True,True
R10_5-8,hf_rms_2-10Hz,4,T5-V282pool,3.7094,1.8366,10,1,83,6,1.8728,0.7907,4.3457,2.2694,0.8252,True,True
R10_5-8,hf_rms_2-10Hz,4,T5-V282_LOO,3.7094,2.1979,10,1,12,2,1.5115,0.3339,4.0037,2.3116,0.6539,True,False
R10_5-8,hf_rms_2-10Hz,4,T4-V282,4.9593,2.0853,30,1,33,3,2.874,0.9893,3.5134,1.9948,1.4408,True,False
R10_5-8,hf_rms_2-10Hz,4,T4-V282old,4.9593,1.5903,30,1,50,3,3.3691,1.5049,4.0942,2.0912,1.6111,True,True
R10_5-8,hf_rms_2-10Hz,4,T4-V282pool,4.9593,1.8366,30,1,83,6,3.1227,1.3735,3.826,2.0081,1.5551,True,True
R10_5-8,hf_rms_2-10Hz,4,T4-V282_LOO,4.9593,2.1979,30,1,12,2,2.7615,0.9417,3.4597,1.9955,1.3839,True,False
R10_5-8,hf_rms_2-10Hz,4,V282old-V282,1.5903,2.0853,50,3,33,3,-0.495,-1.016,0.0147,0.8826,0.5609,False,False
R10_5-8,travel_conc,4,T64-V282,0.361,0.2355,18,2,33,3,0.1254,0.0185,0.2006,0.1219,1.0289,True,False
R10_5-8,travel_conc,4,T64-V282old,0.361,0.2044,18,2,50,3,0.1565,0.0381,0.2018,0.1415,1.1064,True,True
R10_5-8,travel_conc,4,T64-V282pool,0.361,0.2171,18,2,83,6,0.1439,0.0341,0.1834,0.1134,1.2692,True,True
R10_5-8,travel_conc,4,T64-V282_LOO,0.361,0.218,18,2,12,2,0.143,0.0377,0.2134,0.1282,1.115,True,False
R10_5-8,travel_conc,4,T64B-V282,0.3907,0.2355,24,1,33,3,0.1552,0.0749,0.2424,0.1142,1.3589,True,False
R10_5-8,travel_conc,4,T64B-V282old,0.3907,0.2044,24,1,50,3,0.1863,0.069,0.257,0.1341,1.389,True,True
R10_5-8,travel_conc,4,T64B-V282pool,0.3907,0.2171,24,1,83,6,0.1737,0.0954,0.2453,0.1014,1.7124,True,True
R10_5-8,travel_conc,4,T64B-V282_LOO,0.3907,0.218,24,1,12,2,0.1727,0.0925,0.2606,0.1179,1.4647,True,False
R10_5-8,travel_conc,4,T5-V282,0.2395,0.2355,10,1,33,3,0.004,-0.0283,0.0792,0.0738,0.0536,False,False
R10_5-8,travel_conc,4,T5-V282old,0.2395,0.2044,10,1,50,3,0.035,-0.0637,0.0766,0.0989,0.3544,False,True
R10_5-8,travel_conc,4,T5-V282pool,0.2395,0.2171,10,1,83,6,0.0224,-0.0163,0.0635,0.0554,0.4043,False,True
R10_5-8,travel_conc,4,T5-V282_LOO,0.2395,0.218,10,1,12,2,0.0215,-0.0207,0.0949,0.0843,0.2547,False,False
R10_5-8,travel_conc,4,T4-V282,0.3799,0.2355,30,1,33,3,0.1444,0.0867,0.2363,0.1084,1.3312,True,False
R10_5-8,travel_conc,4,T4-V282old,0.3799,0.2044,30,1,50,3,0.1755,0.0691,0.2494,0.1254,1.3994,True,True
R10_5-8,travel_conc,4,T4-V282pool,0.3799,0.2171,30,1,83,6,0.1628,0.1013,0.2346,0.094,1.7318,True,True
R10_5-8,travel_conc,4,T4-V282_LOO,0.3799,0.218,30,1,12,2,0.1619,0.1017,0.2609,0.1122,1.4425,True,False
R10_5-8,travel_conc,4,V282old-V282,0.2044,0.2355,50,3,33,3,-0.0311,-0.068,0.0678,0.115,0.2703,False,False
R10_5-8,dwelljump_per100deg,4,T64-V282,1.763,1.1869,18,2,33,3,0.576,-1.222,4.4788,4.0947,0.1407,False,False
R10_5-8,dwelljump_per100deg,4,T64-V282old,1.763,1.0151,18,2,50,3,0.7478,-2.6215,4.5843,4.8528,0.1541,False,True
R10_5-8,dwelljump_per100deg,4,T64-V282pool,1.763,1.0866,18,2,83,6,0.6763,-1.3221,4.5174,3.9463,0.1714,False,True
R10_5-8,dwelljump_per100deg,4,T64-V282_LOO,1.763,0.6634,18,2,12,2,1.0996,-0.9659,5.0216,4.149,0.265,False,False
R10_5-8,dwelljump_per100deg,4,T64B-V282,2.3483,1.1869,24,1,33,3,1.1614,-0.8767,3.4203,3.083,0.3767,False,False
R10_5-8,dwelljump_per100deg,4,T64B-V282old,2.3483,1.0151,24,1,50,3,1.3332,-2.1304,3.4918,4.0461,0.3295,False,True
R10_5-8,dwelljump_per100deg,4,T64B-V282pool,2.3483,1.0866,24,1,83,6,1.2617,-0.9058,3.3722,3.0597,0.4124,False,True
R10_5-8,dwelljump_per100deg,4,T64B-V282_LOO,2.3483,0.6634,24,1,12,2,1.6849,-0.7651,3.9404,3.3123,0.5087,False,False
R10_5-8,dwelljump_per100deg,4,T5-V282,0.0,1.1869,10,1,33,3,-1.1869,-2.3001,0.0,1.7859,0.6646,False,False
R10_5-8,dwelljump_per100deg,4,T5-V282old,0.0,1.0151,10,1,50,3,-1.0151,-4.1539,0.0,3.0189,0.3363,False,True
R10_5-8,dwelljump_per100deg,4,T5-V282pool,0.0,1.0866,10,1,83,6,-1.0866,-2.4299,-0.3052,1.4729,0.7377,True,True
R10_5-8,dwelljump_per100deg,4,T5-V282_LOO,0.0,0.6634,10,1,12,2,-0.6634,-2.2217,0.0,1.8958,0.3499,False,False
R10_5-8,dwelljump_per100deg,4,T4-V282,3.5712,1.1869,30,1,33,3,2.3843,-0.1134,6.8353,4.8056,0.4962,False,False
R10_5-8,dwelljump_per100deg,4,T4-V282old,3.5712,1.0151,30,1,50,3,2.5561,-1.2067,6.6696,5.4923,0.4654,False,True
R10_5-8,dwelljump_per100deg,4,T4-V282pool,3.5712,1.0866,30,1,83,6,2.4846,-0.1061,6.5926,4.782,0.5196,False,True
R10_5-8,dwelljump_per100deg,4,T4-V282_LOO,3.5712,0.6634,30,1,12,2,2.9078,0.2676,7.1408,4.9137,0.5918,True,False
R10_5-8,dwelljump_per100deg,4,V282old-V282,1.0151,1.1869,50,3,33,3,-0.1718,-1.642,3.2892,3.4635,0.0496,False,False
R10_5-8,rate_lag_excess,5,T64-V282,0.001,0.06,7,2,14,3,-0.059,-0.174,0.371,0.4242,0.1391,False,False
R10_5-8,rate_lag_excess,5,T64-V282old,0.001,0.11,7,2,31,3,-0.109,-0.229,0.311,0.4252,0.2564,False,True
R10_5-8,rate_lag_excess,5,T64-V282pool,0.001,0.09,7,2,45,6,-0.089,-0.1993,0.331,0.4232,0.2103,False,True
R10_5-8,rate_lag_excess,5,T64-V282_LOO,0.001,0.07,7,2,5,2,-0.069,-0.179,0.3412,0.4214,0.1638,False,False
R10_5-8,rate_lag_excess,5,T64B-V282,0.0578,0.06,19,1,14,3,-0.0022,-0.1122,0.0278,0.1241,0.0178,False,False
R10_5-8,rate_lag_excess,5,T64B-V282old,0.0578,0.11,19,1,31,3,-0.0522,-0.1622,-0.0022,0.1388,0.3761,True,True
R10_5-8,rate_lag_excess,5,T64B-V282pool,0.0578,0.09,19,1,45,6,-0.0322,-0.1472,0.0078,0.1324,0.2433,False,True
R10_5-8,rate_lag_excess,5,T64B-V282_LOO,0.0578,0.07,19,1,5,2,-0.0122,-0.1222,0.018,0.1272,0.096,False,False
R10_5-8,rate_lag_excess,5,T5-V282,0.2242,0.06,4,1,14,3,0.1642,0.0942,0.3342,0.1607,1.0219,True,False
R10_5-8,rate_lag_excess,5,T5-V282old,0.2242,0.11,4,1,31,3,0.1142,0.0442,0.2893,0.1723,0.6627,True,True
R10_5-8,rate_lag_excess,5,T5-V282pool,0.2242,0.09,4,1,45,6,0.1342,0.0642,0.3042,0.1648,0.8145,True,True
R10_5-8,rate_lag_excess,5,T5-V282_LOO,0.2242,0.07,4,1,5,2,0.1542,0.0892,0.3242,0.163,0.9459,True,False
R10_5-8,rate_lag_excess,5,T4-V282,0.1804,0.06,22,1,14,3,0.1204,0.0754,0.1754,0.0705,1.7083,True,False
R10_5-8,rate_lag_excess,5,T4-V282old,0.1804,0.11,22,1,31,3,0.0704,0.0054,0.1404,0.0918,0.7673,True,True
R10_5-8,rate_lag_excess,5,T4-V282pool,0.1804,0.09,22,1,45,6,0.0904,0.0454,0.1554,0.0805,1.1237,True,True
R10_5-8,rate_lag_excess,5,T4-V282_LOO,0.1804,0.07,22,1,5,2,0.1104,0.0704,0.1704,0.0734,1.5037,True,False
R10_5-8,rate_lag_excess,5,V282old-V282,0.11,0.06,31,3,14,3,0.05,-0.01,0.11,0.08,0.6247,False,False
R10_5-8,rate_lag,5,T64-V282,0.3,0.26,7,2,14,3,0.04,-0.07,0.47,0.4242,0.0943,False,False
R10_5-8,rate_lag,5,T64-V282old,0.3,0.31,7,2,31,3,-0.01,-0.11,0.43,0.4242,0.0236,False,True
R10_5-8,rate_lag,5,T64-V282pool,0.3,0.29,7,2,45,6,0.01,-0.09,0.44,0.4245,0.0236,False,True
R10_5-8,rate_lag,5,T64-V282_LOO,0.3,0.27,7,2,5,2,0.03,-0.0702,0.45,0.4236,0.0708,False,False
R10_5-8,rate_lag,5,T64B-V282,0.36,0.26,19,1,14,3,0.1,-0.01,0.13,0.1174,0.8518,False,False
R10_5-8,rate_lag,5,T64B-V282old,0.36,0.31,19,1,31,3,0.05,-0.06,0.1,0.134,0.3731,False,True
R10_5-8,rate_lag,5,T64B-V282pool,0.36,0.29,19,1,45,6,0.07,-0.04,0.115,0.1253,0.5589,False,True
R10_5-8,rate_lag,5,T64B-V282_LOO,0.36,0.27,19,1,5,2,0.09,-0.02,0.13,0.1217,0.7397,False,False
R10_5-8,rate_lag,5,T5-V282,0.51,0.26,4,1,14,3,0.25,0.18,0.42,0.1598,1.5649,True,False
R10_5-8,rate_lag,5,T5-V282old,0.51,0.31,4,1,31,3,0.2,0.13,0.3702,0.1686,1.1866,True,True
R10_5-8,rate_lag,5,T5-V282pool,0.51,0.29,4,1,45,6,0.22,0.15,0.39,0.1639,1.3424,True,True
R10_5-8,rate_lag,5,T5-V282_LOO,0.51,0.27,4,1,5,2,0.24,0.17,0.41,0.1605,1.4955,True,False
R10_5-8,rate_lag,5,T4-V282,0.46,0.26,22,1,14,3,0.2,0.16,0.255,0.0684,2.9228,True,False
R10_5-8,rate_lag,5,T4-V282old,0.46,0.31,22,1,31,3,0.15,0.1,0.225,0.0875,1.714,True,True
R10_5-8,rate_lag,5,T4-V282pool,0.46,0.29,22,1,45,6,0.17,0.13,0.235,0.0771,2.2052,True,True
R10_5-8,rate_lag,5,T4-V282_LOO,0.46,0.27,22,1,5,2,0.19,0.15,0.25,0.0738,2.5731,True,False
R10_5-8,rate_lag,5,V282old-V282,0.31,0.26,31,3,14,3,0.05,0.0,0.09,0.071,0.704,False,False
R10_5-8,rate_gain,5,T64-V282,0.8139,0.738,7,2,14,3,0.076,-0.2075,0.7519,0.8865,0.0857,False,False
R10_5-8,rate_gain,5,T64-V282old,0.8139,0.7323,7,2,31,3,0.0816,-0.2691,0.8717,0.9371,0.0871,False,True
R10_5-8,rate_gain,5,T64-V282pool,0.8139,0.7323,7,2,45,6,0.0816,-0.2297,0.7902,0.9063,0.0901,False,True
R10_5-8,rate_gain,5,T64-V282_LOO,0.8139,0.7535,7,2,5,2,0.0604,-0.2075,0.7785,0.8917,0.0677,False,False
R10_5-8,rate_gain,5,T64B-V282,0.7628,0.738,19,1,14,3,0.0248,-0.3492,0.1279,0.3417,0.0726,False,False
R10_5-8,rate_gain,5,T64B-V282old,0.7628,0.7323,19,1,31,3,0.0304,-0.3436,0.3182,0.4861,0.0626,False,True
R10_5-8,rate_gain,5,T64B-V282pool,0.7628,0.7323,19,1,45,6,0.0304,-0.3544,0.2275,0.3858,0.0789,False,True
R10_5-8,rate_gain,5,T64B-V282_LOO,0.7628,0.7535,19,1,5,2,0.0092,-0.3499,0.2049,0.3591,0.0257,False,False
R10_5-8,rate_gain,5,T5-V282,0.8964,0.738,4,1,14,3,0.1585,-0.3993,0.4803,0.6706,0.2363,False,False
R10_5-8,rate_gain,5,T5-V282old,0.8964,0.7323,4,1,31,3,0.1641,-0.3937,0.6393,0.7512,0.2185,False,True
R10_5-8,rate_gain,5,T5-V282pool,0.8964,0.7323,4,1,45,6,0.1641,-0.383,0.5267,0.6853,0.2395,False,True
R10_5-8,rate_gain,5,T5-V282_LOO,0.8964,0.7535,4,1,5,2,0.1429,-0.4149,0.4799,0.6759,0.2114,False,False
R10_5-8,rate_gain,5,T4-V282,0.5481,0.738,22,1,14,3,-0.1899,-0.3414,0.0323,0.2911,0.6524,False,False
R10_5-8,rate_gain,5,T4-V282old,0.5481,0.7323,22,1,31,3,-0.1843,-0.3906,0.183,0.4339,0.4247,False,True
R10_5-8,rate_gain,5,T4-V282pool,0.5481,0.7323,22,1,45,6,-0.1843,-0.359,0.0933,0.328,0.5618,False,True
R10_5-8,rate_gain,5,T4-V282_LOO,0.5481,0.7535,22,1,5,2,-0.2055,-0.3396,0.0541,0.2924,0.7028,False,False
R10_5-8,rate_gain,5,V282old-V282,0.7323,0.738,31,3,14,3,-0.0056,-0.284,0.1453,0.3527,0.016,False,False
R10_5-8,rate_peak_ratio,5,T64-V282,1.4095,0.8594,7,2,14,3,0.5502,-0.105,6.3302,4.1012,0.1341,False,False
R10_5-8,rate_peak_ratio,5,T64-V282old,1.4095,0.8694,7,2,31,3,0.5402,-0.0996,6.2906,4.1168,0.1312,False,True
R10_5-8,rate_peak_ratio,5,T64-V282pool,1.4095,0.8666,7,2,45,6,0.543,-0.0766,6.3137,4.1073,0.1322,False,True
R10_5-8,rate_peak_ratio,5,T64-V282_LOO,1.4095,0.8519,7,2,5,2,0.5577,-0.0983,6.3637,4.0993,0.136,False,False
R10_5-8,rate_peak_ratio,5,T64B-V282,1.2106,0.8594,19,1,14,3,0.3513,0.0599,0.8759,0.5363,0.655,True,False
R10_5-8,rate_peak_ratio,5,T64B-V282old,1.2106,0.8694,19,1,31,3,0.3413,0.0504,1.0228,0.708,0.482,True,True
R10_5-8,rate_peak_ratio,5,T64B-V282pool,1.2106,0.8666,19,1,45,6,0.3441,0.0597,0.9153,0.5648,0.6092,True,True
R10_5-8,rate_peak_ratio,5,T64B-V282_LOO,1.2106,0.8519,19,1,5,2,0.3588,0.0958,0.8841,0.5304,0.6764,True,False
R10_5-8,rate_peak_ratio,5,T5-V282,1.4593,0.8594,4,1,14,3,0.5999,0.1755,1.1478,0.8065,0.7439,True,False
R10_5-8,rate_peak_ratio,5,T5-V282old,1.4593,0.8694,4,1,31,3,0.59,0.1579,1.3444,0.9329,0.6324,True,True
R10_5-8,rate_peak_ratio,5,T5-V282pool,1.4593,0.8666,4,1,45,6,0.5928,0.1838,1.1624,0.8252,0.7183,True,True
R10_5-8,rate_peak_ratio,5,T5-V282_LOO,1.4593,0.8519,4,1,5,2,0.6074,0.2095,1.1624,0.8012,0.7582,True,False
R10_5-8,rate_peak_ratio,5,T4-V282,1.2046,0.8594,22,1,14,3,0.3453,0.0144,1.0057,0.7009,0.4926,True,False
R10_5-8,rate_peak_ratio,5,T4-V282old,1.2046,0.8694,22,1,31,3,0.3353,-0.0133,1.1268,0.8232,0.4073,False,True
R10_5-8,rate_peak_ratio,5,T4-V282pool,1.2046,0.8666,22,1,45,6,0.3381,-0.0113,1.0187,0.7359,0.4594,False,True
R10_5-8,rate_peak_ratio,5,T4-V282_LOO,1.2046,0.8519,22,1,5,2,0.3528,0.0308,1.0059,0.6994,0.5044,True,False
R10_5-8,rate_peak_ratio,5,V282old-V282,0.8694,0.8594,31,3,14,3,0.01,-0.4221,0.122,0.4664,0.0214,False,False
R10_5-8,rate_overrun,5,T64-V282,0.5017,0.2088,6,2,14,3,0.2929,-0.2598,0.5034,0.5583,0.5246,False,False
R10_5-8,rate_overrun,5,T64-V282old,0.5017,0.2655,6,2,28,3,0.2362,-0.3104,0.4613,0.5454,0.433,False,True
R10_5-8,rate_overrun,5,T64-V282pool,0.5017,0.2508,6,2,42,6,0.2508,-0.2745,0.4774,0.5237,0.479,False,True
R10_5-8,rate_overrun,5,T64-V282_LOO,0.5017,0.13,6,2,5,2,0.3717,-0.3528,0.5386,0.5988,0.6207,False,False
R10_5-8,rate_overrun,5,T64B-V282,0.4402,0.2088,18,1,14,3,0.2314,-0.075,0.5078,0.3909,0.592,False,False
R10_5-8,rate_overrun,5,T64B-V282old,0.4402,0.2655,18,1,28,3,0.1747,-0.1055,0.428,0.3677,0.475,False,True
R10_5-8,rate_overrun,5,T64B-V282pool,0.4402,0.2508,18,1,42,6,0.1894,-0.0701,0.4576,0.3498,0.5413,False,True
R10_5-8,rate_overrun,5,T64B-V282_LOO,0.4402,0.13,18,1,5,2,0.3102,-0.1331,0.5409,0.4509,0.688,False,False
R10_5-8,rate_overrun,5,T5-V282,0.4237,0.2088,4,1,14,3,0.2149,-0.0169,0.5184,0.3724,0.5771,False,False
R10_5-8,rate_overrun,5,T5-V282old,0.4237,0.2655,4,1,28,3,0.1581,-0.049,0.43,0.3495,0.4524,False,True
R10_5-8,rate_overrun,5,T5-V282pool,0.4237,0.2508,4,1,42,6,0.1728,0.0043,0.4562,0.337,0.5128,True,True
R10_5-8,rate_overrun,5,T5-V282_LOO,0.4237,0.13,4,1,5,2,0.2937,-0.0688,0.5444,0.4343,0.6762,False,False
R10_5-8,rate_overrun,5,T4-V282,0.3695,0.2088,22,1,14,3,0.1607,-0.0948,0.3106,0.3075,0.5226,False,False
R10_5-8,rate_overrun,5,T4-V282old,0.3695,0.2655,22,1,28,3,0.104,-0.1049,0.2645,0.2787,0.373,False,True
R10_5-8,rate_overrun,5,T4-V282pool,0.3695,0.2508,22,1,42,6,0.1186,-0.0764,0.2893,0.2694,0.4404,False,True
R10_5-8,rate_overrun,5,T4-V282_LOO,0.3695,0.13,22,1,5,2,0.2395,-0.1377,0.3279,0.3818,0.6273,False,False
R10_5-8,rate_overrun,5,V282old-V282,0.2655,0.2088,28,3,14,3,0.0567,-0.1986,0.2758,0.3645,0.1557,False,False
R10_5-8,rate_rough,5,T64-V282,0.3254,0.1075,7,2,14,3,0.2179,0.0835,0.5212,0.3447,0.6321,True,False
R10_5-8,rate_rough,5,T64-V282old,0.3254,0.1377,7,2,31,3,0.1877,0.0561,0.4664,0.3388,0.5539,True,True
R10_5-8,rate_rough,5,T64-V282pool,0.3254,0.1243,7,2,45,6,0.2011,0.0685,0.4887,0.3405,0.5904,True,True
R10_5-8,rate_rough,5,T64-V282_LOO,0.3254,0.1083,7,2,5,2,0.2171,0.0249,0.5481,0.3739,0.5807,True,False
R10_5-8,rate_rough,5,T64B-V282,0.2626,0.1075,19,1,14,3,0.1551,0.0687,0.2212,0.097,1.5994,True,False
R10_5-8,rate_rough,5,T64B-V282old,0.2626,0.1377,19,1,31,3,0.1249,0.0767,0.1638,0.0626,1.9956,True,True
R10_5-8,rate_rough,5,T64B-V282pool,0.2626,0.1243,19,1,45,6,0.1383,0.0821,0.1793,0.0691,2.0027,True,True
R10_5-8,rate_rough,5,T64B-V282_LOO,0.2626,0.1083,19,1,5,2,0.1543,0.0006,0.2368,0.1693,0.9119,True,False
R10_5-8,rate_rough,5,T5-V282,0.3458,0.1075,4,1,14,3,0.2383,0.1303,0.3952,0.2016,1.1821,True,False
R10_5-8,rate_rough,5,T5-V282old,0.3458,0.1377,4,1,31,3,0.2081,0.0993,0.3641,0.1915,1.0864,True,True
R10_5-8,rate_rough,5,T5-V282pool,0.3458,0.1243,4,1,45,6,0.2215,0.1104,0.3753,0.1902,1.1646,True,True
R10_5-8,rate_rough,5,T5-V282_LOO,0.3458,0.1083,4,1,5,2,0.2375,0.0596,0.3999,0.2468,0.9621,True,False
R10_5-8,rate_rough,5,T4-V282,0.314,0.1075,22,1,14,3,0.2065,0.0746,0.2944,0.1673,1.2342,True,False
R10_5-8,rate_rough,5,T4-V282old,0.314,0.1377,22,1,31,3,0.1763,0.0481,0.2448,0.1524,1.1564,True,True
R10_5-8,rate_rough,5,T4-V282pool,0.314,0.1243,22,1,45,6,0.1897,0.0625,0.2578,0.1532,1.2384,True,True
R10_5-8,rate_rough,5,T4-V282_LOO,0.314,0.1083,22,1,5,2,0.2057,0.0186,0.3067,0.2149,0.9571,True,False
R10_5-8,rate_rough,5,V282old-V282,0.1377,0.1075,31,3,14,3,0.0302,-0.0496,0.1025,0.0949,0.3185,False,False
R10_5-8,rate_travel_ratio,5,T64-V282,1.2213,1.1798,4,2,9,3,0.0415,-0.8053,0.9155,1.1481,0.0361,False,False
R10_5-8,rate_travel_ratio,5,T64-V282old,1.2213,0.8818,4,2,17,3,0.3394,-0.4502,1.0925,1.0136,0.3349,False,True
R10_5-8,rate_travel_ratio,5,T64-V282pool,1.2213,0.9401,4,2,26,6,0.2812,-0.5152,1.0914,1.0396,0.2705,False,True
R10_5-8,rate_travel_ratio,5,T64-V282_LOO,1.2213,0.9929,4,2,4,2,0.2284,-0.5714,0.9803,1.112,0.2054,False,False
R10_5-8,rate_travel_ratio,5,T64B-V282,0.9216,1.1798,16,1,9,3,-0.2582,-0.8413,0.2633,0.8168,0.3161,False,False
R10_5-8,rate_travel_ratio,5,T64B-V282old,0.9216,0.8818,16,1,17,3,0.0397,-0.5805,0.2348,0.5883,0.0675,False,True
R10_5-8,rate_travel_ratio,5,T64B-V282pool,0.9216,0.9401,16,1,26,6,-0.0185,-0.6329,0.2098,0.6378,0.029,False,True
R10_5-8,rate_travel_ratio,5,T64B-V282_LOO,0.9216,0.9929,16,1,4,2,-0.0714,-0.7245,0.2779,0.7517,0.0949,False,False
R10_5-8,rate_travel_ratio,5,T5-V282,0.8109,1.1798,4,1,9,3,-0.3689,-0.5643,0.2831,0.7037,0.5242,False,False
R10_5-8,rate_travel_ratio,5,T5-V282old,0.8109,0.8818,4,1,17,3,-0.0709,-0.2572,0.4215,0.4603,0.1541,False,True
R10_5-8,rate_travel_ratio,5,T5-V282pool,0.8109,0.9401,4,1,26,6,-0.1292,-0.4389,0.3428,0.5126,0.252,False,True
R10_5-8,rate_travel_ratio,5,T5-V282_LOO,0.8109,0.9929,4,1,4,2,-0.182,-0.5699,0.3104,0.6472,0.2812,False,False
R10_5-8,rate_travel_ratio,5,T4-V282,0.5741,1.1798,14,1,9,3,-0.6057,-0.9585,0.0698,0.7587,0.7984,False,False
R10_5-8,rate_travel_ratio,5,T4-V282old,0.5741,0.8818,14,1,17,3,-0.3077,-0.6487,-0.0021,0.5231,0.5882,True,True
R10_5-8,rate_travel_ratio,5,T4-V282pool,0.5741,0.9401,14,1,26,6,-0.366,-0.722,-0.0048,0.5596,0.654,True,True
R10_5-8,rate_travel_ratio,5,T4-V282_LOO,0.5741,0.9929,14,1,4,2,-0.4188,-0.8943,0.0839,0.7073,0.5921,False,False
R10_5-8,rate_travel_ratio,5,V282old-V282,0.8818,1.1798,17,3,9,3,-0.298,-0.4555,0.1925,0.6062,0.4915,False,False
R10_5-8,rate_conc,5,T64-V282,0.3843,0.2354,7,2,14,3,0.1489,0.0795,0.2883,0.1577,0.9441,True,False
R10_5-8,rate_conc,5,T64-V282old,0.3843,0.2642,7,2,31,3,0.1202,0.0364,0.2635,0.1648,0.729,True,True
R10_5-8,rate_conc,5,T64-V282pool,0.3843,0.256,7,2,45,6,0.1284,0.0609,0.2778,0.1601,0.8019,True,True
R10_5-8,rate_conc,5,T64-V282_LOO,0.3843,0.2327,7,2,5,2,0.1516,0.0815,0.2924,0.1578,0.9606,True,False
R10_5-8,rate_conc,5,T64B-V282,0.3835,0.2354,19,1,14,3,0.1481,0.1019,0.1955,0.0779,1.9016,True,False
R10_5-8,rate_conc,5,T64B-V282old,0.3835,0.2642,19,1,31,3,0.1194,0.0613,0.1747,0.0916,1.3038,True,True
R10_5-8,rate_conc,5,T64B-V282pool,0.3835,0.256,19,1,45,6,0.1276,0.0775,0.1839,0.0815,1.5654,True,True
R10_5-8,rate_conc,5,T64B-V282_LOO,0.3835,0.2327,19,1,5,2,0.1508,0.1032,0.1953,0.0794,1.9003,True,False
R10_5-8,rate_conc,5,T5-V282,0.3036,0.2354,4,1,14,3,0.0682,-0.0083,0.1156,0.103,0.6622,False,False
R10_5-8,rate_conc,5,T5-V282old,0.3036,0.2642,4,1,31,3,0.0394,-0.0491,0.0988,0.1124,0.3509,False,True
R10_5-8,rate_conc,5,T5-V282pool,0.3036,0.256,4,1,45,6,0.0476,-0.0341,0.1047,0.1064,0.4476,False,True
R10_5-8,rate_conc,5,T5-V282_LOO,0.3036,0.2327,4,1,5,2,0.0709,-0.0083,0.1178,0.102,0.6945,False,False
R10_5-8,rate_conc,5,T4-V282,0.4566,0.2354,22,1,14,3,0.2212,0.1719,0.2703,0.0715,3.0931,True,False
R10_5-8,rate_conc,5,T4-V282old,0.4566,0.2642,22,1,31,3,0.1924,0.1371,0.2526,0.0851,2.2613,True,True
R10_5-8,rate_conc,5,T4-V282pool,0.4566,0.256,22,1,45,6,0.2006,0.145,0.2596,0.0782,2.5656,True,True
R10_5-8,rate_conc,5,T4-V282_LOO,0.4566,0.2327,22,1,5,2,0.2238,0.1776,0.2744,0.0729,3.0706,True,False
R10_5-8,rate_conc,5,V282old-V282,0.2642,0.2354,31,3,14,3,0.0288,-0.02,0.0776,0.072,0.3994,False,False
R10_5-8,rate_hf_per_peak,5,T64-V282,0.3224,0.1097,7,2,14,3,0.2128,0.0521,0.4854,0.3018,0.7051,True,False
R10_5-8,rate_hf_per_peak,5,T64-V282old,0.3224,0.1016,7,2,31,3,0.2208,0.0647,0.4921,0.2967,0.744,True,True
R10_5-8,rate_hf_per_peak,5,T64-V282pool,0.3224,0.1016,7,2,45,6,0.2208,0.0578,0.4829,0.2954,0.7475,True,True
R10_5-8,rate_hf_per_peak,5,T64-V282_LOO,0.3224,0.1354,7,2,5,2,0.187,0.0307,0.503,0.3164,0.5911,True,False
R10_5-8,rate_hf_per_peak,5,T64B-V282,0.2375,0.1097,19,1,14,3,0.1278,0.0381,0.1911,0.1094,1.1688,True,False
R10_5-8,rate_hf_per_peak,5,T64B-V282old,0.2375,0.1016,19,1,31,3,0.1358,0.0563,0.1762,0.0877,1.5494,True,True
R10_5-8,rate_hf_per_peak,5,T64B-V282pool,0.2375,0.1016,19,1,45,6,0.1358,0.0536,0.1701,0.0861,1.5785,True,True
R10_5-8,rate_hf_per_peak,5,T64B-V282_LOO,0.2375,0.1354,19,1,5,2,0.1021,0.0209,0.1989,0.1332,0.7663,True,False
R10_5-8,rate_hf_per_peak,5,T5-V282,0.32,0.1097,4,1,14,3,0.2104,0.1221,0.3332,0.1582,1.3298,True,False
R10_5-8,rate_hf_per_peak,5,T5-V282old,0.32,0.1016,4,1,31,3,0.2184,0.1436,0.3525,0.15,1.4556,True,True
R10_5-8,rate_hf_per_peak,5,T5-V282pool,0.32,0.1016,4,1,45,6,0.2184,0.1442,0.3538,0.1477,1.4785,True,True
R10_5-8,rate_hf_per_peak,5,T5-V282_LOO,0.32,0.1354,4,1,5,2,0.1846,0.1141,0.3525,0.1735,1.0642,True,False
R10_5-8,rate_hf_per_peak,5,T4-V282,0.2285,0.1097,22,1,14,3,0.1188,0.023,0.1968,0.1264,0.9403,True,False
R10_5-8,rate_hf_per_peak,5,T4-V282old,0.2285,0.1016,22,1,31,3,0.1268,0.0457,0.1963,0.1095,1.1587,True,True
R10_5-8,rate_hf_per_peak,5,T4-V282pool,0.2285,0.1016,22,1,45,6,0.1268,0.0471,0.1919,0.1064,1.192,True,True
R10_5-8,rate_hf_per_peak,5,T4-V282_LOO,0.2285,0.1354,22,1,5,2,0.0931,0.0071,0.2041,0.1476,0.6305,True,False
R10_5-8,rate_hf_per_peak,5,V282old-V282,0.1016,0.1097,31,3,14,3,-0.008,-0.0716,0.056,0.0889,0.0901,False,False
R10_5-8,rate_mode_per_peak,5,T64-V282,0.3112,0.0303,7,2,14,3,0.2809,0.0539,0.4621,0.3171,0.8857,True,False
R10_5-8,rate_mode_per_peak,5,T64-V282old,0.3112,0.0461,7,2,31,3,0.2651,0.0484,0.4395,0.3164,0.8378,True,True
R10_5-8,rate_mode_per_peak,5,T64-V282pool,0.3112,0.0443,7,2,45,6,0.2669,0.0513,0.4545,0.3144,0.8488,True,True
R10_5-8,rate_mode_per_peak,5,T64-V282_LOO,0.3112,0.0443,7,2,5,2,0.2669,0.0132,0.4621,0.322,0.8289,True,False
R10_5-8,rate_mode_per_peak,5,T64B-V282,0.1402,0.0303,19,1,14,3,0.1098,0.0419,0.1819,0.0908,1.2101,True,False
R10_5-8,rate_mode_per_peak,5,T64B-V282old,0.1402,0.0461,19,1,31,3,0.0941,0.0723,0.1703,0.0768,1.2258,True,True
R10_5-8,rate_mode_per_peak,5,T64B-V282pool,0.1402,0.0443,19,1,45,6,0.0959,0.0763,0.1712,0.0742,1.2932,True,True
R10_5-8,rate_mode_per_peak,5,T64B-V282_LOO,0.1402,0.0443,19,1,5,2,0.0959,0.0374,0.1712,0.1055,0.9086,True,False
R10_5-8,rate_mode_per_peak,5,T5-V282,0.2155,0.0303,4,1,14,3,0.1852,0.0506,0.3411,0.1913,0.9683,True,False
R10_5-8,rate_mode_per_peak,5,T5-V282old,0.2155,0.0461,4,1,31,3,0.1694,0.0348,0.323,0.1873,0.9048,True,True
R10_5-8,rate_mode_per_peak,5,T5-V282pool,0.2155,0.0443,4,1,45,6,0.1712,0.0412,0.3285,0.1872,0.9145,True,True
R10_5-8,rate_mode_per_peak,5,T5-V282_LOO,0.2155,0.0443,4,1,5,2,0.1712,0.0339,0.3239,0.1989,0.8607,True,False
R10_5-8,rate_mode_per_peak,5,T4-V282,0.1691,0.0303,22,1,14,3,0.1388,0.0704,0.2358,0.0998,1.3904,True,False
R10_5-8,rate_mode_per_peak,5,T4-V282old,0.1691,0.0461,22,1,31,3,0.123,0.0892,0.2217,0.0874,1.4067,True,True
R10_5-8,rate_mode_per_peak,5,T4-V282pool,0.1691,0.0443,22,1,45,6,0.1248,0.0948,0.2233,0.086,1.4512,True,True
R10_5-8,rate_mode_per_peak,5,T4-V282_LOO,0.1691,0.0443,22,1,5,2,0.1248,0.0548,0.2202,0.1146,1.0888,True,False
R10_5-8,rate_mode_per_peak,5,V282old-V282,0.0461,0.0303,31,3,14,3,0.0157,-0.0454,0.0342,0.0587,0.2684,False,False
R10_8-15,mode_ratio_1.8-3Hz,4,T64-V282,0.3179,0.054,20,2,58,3,0.2639,0.1448,0.4391,0.1842,1.4328,True,True
R10_8-15,mode_ratio_1.8-3Hz,4,T64-V282old,0.3179,0.0474,20,2,44,3,0.2705,0.1618,0.4505,0.1839,1.471,True,True
R10_8-15,mode_ratio_1.8-3Hz,4,T64-V282pool,0.3179,0.0511,20,2,102,6,0.2669,0.1508,0.4399,0.1815,1.4706,True,True
R10_8-15,mode_ratio_1.8-3Hz,4,T64-V282_LOO,0.3179,0.0628,20,2,21,2,0.2551,0.1562,0.4273,0.1871,1.3633,True,False
R10_8-15,mode_ratio_1.8-3Hz,4,T64B-V282,0.415,0.054,37,1,58,3,0.361,0.2551,0.5241,0.2157,1.6738,True,True
R10_8-15,mode_ratio_1.8-3Hz,4,T64B-V282old,0.415,0.0474,37,1,44,3,0.3676,0.2751,0.5345,0.2155,1.7055,True,True
R10_8-15,mode_ratio_1.8-3Hz,4,T64B-V282pool,0.415,0.0511,37,1,102,6,0.3639,0.2649,0.532,0.2162,1.6833,True,True
R10_8-15,mode_ratio_1.8-3Hz,4,T64B-V282_LOO,0.415,0.0628,37,1,21,2,0.3522,0.2479,0.5281,0.2207,1.5959,True,False
R10_8-15,mode_ratio_1.8-3Hz,4,T5-V282,0.3106,0.054,18,1,58,3,0.2566,0.1661,0.4032,0.1662,1.5436,True,True
R10_8-15,mode_ratio_1.8-3Hz,4,T5-V282old,0.3106,0.0474,18,1,44,3,0.2632,0.1729,0.4123,0.1661,1.5841,True,True
R10_8-15,mode_ratio_1.8-3Hz,4,T5-V282pool,0.3106,0.0511,18,1,102,6,0.2595,0.1729,0.4057,0.1658,1.5655,True,True
R10_8-15,mode_ratio_1.8-3Hz,4,T5-V282_LOO,0.3106,0.0628,18,1,21,2,0.2478,0.1551,0.397,0.1715,1.445,True,False
R10_8-15,mode_ratio_1.8-3Hz,4,T4-V282,0.4321,0.054,38,1,58,3,0.3781,0.24,0.4283,0.1386,2.7274,True,True
R10_8-15,mode_ratio_1.8-3Hz,4,T4-V282old,0.4321,0.0474,38,1,44,3,0.3847,0.2464,0.44,0.1388,2.771,True,True
R10_8-15,mode_ratio_1.8-3Hz,4,T4-V282pool,0.4321,0.0511,38,1,102,6,0.381,0.247,0.4305,0.1374,2.7739,True,True
R10_8-15,mode_ratio_1.8-3Hz,4,T4-V282_LOO,0.4321,0.0628,38,1,21,2,0.3693,0.2293,0.4312,0.1484,2.488,True,False
R10_8-15,mode_ratio_1.8-3Hz,4,V282old-V282,0.0474,0.054,44,3,58,3,-0.0066,-0.043,0.0135,0.0379,0.173,False,True
R10_8-15,hf_ratio_2-10Hz,4,T64-V282,0.5541,0.1578,20,2,58,3,0.3963,0.3214,0.6012,0.2018,1.9641,True,True
R10_8-15,hf_ratio_2-10Hz,4,T64-V282old,0.5541,0.1456,20,2,44,3,0.4085,0.3288,0.6116,0.2058,1.985,True,True
R10_8-15,hf_ratio_2-10Hz,4,T64-V282pool,0.5541,0.1507,20,2,102,6,0.4035,0.323,0.6069,0.2017,2.0001,True,True
R10_8-15,hf_ratio_2-10Hz,4,T64-V282_LOO,0.5541,0.1423,20,2,21,2,0.4118,0.3325,0.61,0.202,2.0385,True,False
R10_8-15,hf_ratio_2-10Hz,4,T64B-V282,0.5761,0.1578,37,1,58,3,0.4182,0.311,0.534,0.1498,2.7925,True,True
R10_8-15,hf_ratio_2-10Hz,4,T64B-V282old,0.5761,0.1456,37,1,44,3,0.4305,0.3254,0.5484,0.151,2.8515,True,True
R10_8-15,hf_ratio_2-10Hz,4,T64B-V282pool,0.5761,0.1507,37,1,102,6,0.4254,0.3177,0.5401,0.1469,2.8947,True,True
R10_8-15,hf_ratio_2-10Hz,4,T64B-V282_LOO,0.5761,0.1423,37,1,21,2,0.4337,0.3208,0.5397,0.1467,2.9562,True,False
R10_8-15,hf_ratio_2-10Hz,4,T5-V282,0.4301,0.1578,18,1,58,3,0.2723,0.1925,0.4459,0.1627,1.674,True,True
R10_8-15,hf_ratio_2-10Hz,4,T5-V282old,0.4301,0.1456,18,1,44,3,0.2845,0.2013,0.4579,0.1657,1.7172,True,True
R10_8-15,hf_ratio_2-10Hz,4,T5-V282pool,0.4301,0.1507,18,1,102,6,0.2795,0.203,0.4448,0.1608,1.7383,True,True
R10_8-15,hf_ratio_2-10Hz,4,T5-V282_LOO,0.4301,0.1423,18,1,21,2,0.2878,0.2063,0.456,0.1597,1.8028,True,False
R10_8-15,hf_ratio_2-10Hz,4,T4-V282,0.4809,0.1578,38,1,58,3,0.3231,0.2311,0.443,0.1679,1.9248,True,True
R10_8-15,hf_ratio_2-10Hz,4,T4-V282old,0.4809,0.1456,38,1,44,3,0.3353,0.2431,0.4556,0.1671,2.0069,True,True
R10_8-15,hf_ratio_2-10Hz,4,T4-V282pool,0.4809,0.1507,38,1,102,6,0.3302,0.2435,0.4448,0.1649,2.002,True,True
R10_8-15,hf_ratio_2-10Hz,4,T4-V282_LOO,0.4809,0.1423,38,1,21,2,0.3386,0.2403,0.4461,0.1638,2.0677,True,False
R10_8-15,hf_ratio_2-10Hz,4,V282old-V282,0.1456,0.1578,44,3,58,3,-0.0122,-0.0581,0.0298,0.0614,0.1989,False,True
R10_8-15,mode_rms_1.8-3Hz,4,T64-V282,3.6646,0.4704,20,2,58,3,3.1942,2.5177,4.2293,1.3102,2.438,True,True
R10_8-15,mode_rms_1.8-3Hz,4,T64-V282old,3.6646,0.4807,20,2,44,3,3.1839,2.5415,4.2546,1.3008,2.4476,True,True
R10_8-15,mode_rms_1.8-3Hz,4,T64-V282pool,3.6646,0.4753,20,2,102,6,3.1893,2.5051,4.2519,1.3069,2.4404,True,True
R10_8-15,mode_rms_1.8-3Hz,4,T64-V282_LOO,3.6646,0.5403,20,2,21,2,3.1244,2.4722,4.1335,1.3089,2.387,True,False
R10_8-15,mode_rms_1.8-3Hz,4,T64B-V282,5.3101,0.4704,37,1,58,3,4.8397,2.9261,7.8859,3.5547,1.3615,True,True
R10_8-15,mode_rms_1.8-3Hz,4,T64B-V282old,5.3101,0.4807,37,1,44,3,4.8294,2.9325,7.8736,3.5463,1.3618,True,True
R10_8-15,mode_rms_1.8-3Hz,4,T64B-V282pool,5.3101,0.4753,37,1,102,6,4.8348,2.9277,7.8843,3.5544,1.3602,True,True
R10_8-15,mode_rms_1.8-3Hz,4,T64B-V282_LOO,5.3101,0.5403,37,1,21,2,4.7699,2.872,7.8098,3.5537,1.3422,True,False
R10_8-15,mode_rms_1.8-3Hz,4,T5-V282,3.8781,0.4704,18,1,58,3,3.4077,2.1239,7.2577,3.1798,1.0717,True,True
R10_8-15,mode_rms_1.8-3Hz,4,T5-V282old,3.8781,0.4807,18,1,44,3,3.3974,2.1377,7.2399,3.1827,1.0675,True,True
R10_8-15,mode_rms_1.8-3Hz,4,T5-V282pool,3.8781,0.4753,18,1,102,6,3.4028,2.1264,7.2225,3.1848,1.0684,True,True
R10_8-15,mode_rms_1.8-3Hz,4,T5-V282_LOO,3.8781,0.5403,18,1,21,2,3.3379,2.063,7.1919,3.1744,1.0515,True,False
R10_8-15,mode_rms_1.8-3Hz,4,T4-V282,4.3122,0.4704,38,1,58,3,3.8418,3.0078,5.3106,1.8486,2.0782,True,True
R10_8-15,mode_rms_1.8-3Hz,4,T4-V282old,4.3122,0.4807,38,1,44,3,3.8315,3.0206,5.3312,1.8446,2.0771,True,True
R10_8-15,mode_rms_1.8-3Hz,4,T4-V282pool,4.3122,0.4753,38,1,102,6,3.8369,3.0321,5.3099,1.8414,2.0837,True,True
R10_8-15,mode_rms_1.8-3Hz,4,T4-V282_LOO,4.3122,0.5403,38,1,21,2,3.7719,2.9527,5.2581,1.8461,2.0432,True,False
R10_8-15,mode_rms_1.8-3Hz,4,V282old-V282,0.4807,0.4704,44,3,58,3,0.0103,-0.1957,0.1453,0.2392,0.0432,False,True
R10_8-15,hf_rms_2-10Hz,4,T64-V282,6.5053,1.5763,20,2,58,3,4.929,2.9028,6.5793,3.2416,1.5205,True,True
R10_8-15,hf_rms_2-10Hz,4,T64-V282old,6.5053,1.6607,20,2,44,3,4.8446,2.8105,6.4202,3.2028,1.5126,True,True
R10_8-15,hf_rms_2-10Hz,4,T64-V282pool,6.5053,1.6278,20,2,102,6,4.8774,2.8881,6.4076,3.2056,1.5215,True,True
R10_8-15,hf_rms_2-10Hz,4,T64-V282_LOO,6.5053,1.3945,20,2,21,2,5.1108,2.852,6.6306,3.2759,1.5601,True,False
R10_8-15,hf_rms_2-10Hz,4,T64B-V282,7.4683,1.5763,37,1,58,3,5.892,3.6792,8.1077,3.1338,1.8801,True,True
R10_8-15,hf_rms_2-10Hz,4,T64B-V282old,7.4683,1.6607,37,1,44,3,5.8076,3.581,8.0435,3.1043,1.8708,True,True
R10_8-15,hf_rms_2-10Hz,4,T64B-V282pool,7.4683,1.6278,37,1,102,6,5.8404,3.6444,8.0716,3.0923,1.8887,True,True
R10_8-15,hf_rms_2-10Hz,4,T64B-V282_LOO,7.4683,1.3945,37,1,21,2,6.0738,3.7007,8.1198,3.1589,1.9228,True,False
R10_8-15,hf_rms_2-10Hz,4,T5-V282,6.8785,1.5763,18,1,58,3,5.3022,2.1529,6.8844,3.4229,1.5491,True,True
R10_8-15,hf_rms_2-10Hz,4,T5-V282old,6.8785,1.6607,18,1,44,3,5.2178,2.0143,6.8714,3.4695,1.5039,True,True
R10_8-15,hf_rms_2-10Hz,4,T5-V282pool,6.8785,1.6278,18,1,102,6,5.2507,2.1318,6.8837,3.426,1.5326,True,True
R10_8-15,hf_rms_2-10Hz,4,T5-V282_LOO,6.8785,1.3945,18,1,21,2,5.4841,2.2613,7.1839,3.4469,1.591,True,False
R10_8-15,hf_rms_2-10Hz,4,T4-V282,6.1502,1.5763,38,1,58,3,4.5739,2.8384,5.5498,2.0969,2.1812,True,True
R10_8-15,hf_rms_2-10Hz,4,T4-V282old,6.1502,1.6607,38,1,44,3,4.4895,2.7892,5.5367,2.0853,2.1529,True,True
R10_8-15,hf_rms_2-10Hz,4,T4-V282pool,6.1502,1.6278,38,1,102,6,4.5223,2.8788,5.5319,2.0399,2.2169,True,True
R10_8-15,hf_rms_2-10Hz,4,T4-V282_LOO,6.1502,1.3945,38,1,21,2,4.7557,2.8545,5.8046,2.1807,2.1808,True,False
R10_8-15,hf_rms_2-10Hz,4,V282old-V282,1.6607,1.5763,44,3,58,3,0.0844,-0.3733,0.5846,0.6879,0.1228,False,True
R10_8-15,travel_conc,4,T64-V282,0.3556,0.1949,20,2,58,3,0.1607,0.0448,0.2504,0.158,1.0173,True,True
R10_8-15,travel_conc,4,T64-V282old,0.3556,0.1893,20,2,44,3,0.1662,0.0525,0.255,0.1572,1.0578,True,True
R10_8-15,travel_conc,4,T64-V282pool,0.3556,0.1949,20,2,102,6,0.1607,0.0515,0.2506,0.1548,1.038,True,True
R10_8-15,travel_conc,4,T64-V282_LOO,0.3556,0.2072,20,2,21,2,0.1484,0.0326,0.2352,0.1601,0.9268,True,False
R10_8-15,travel_conc,4,T64B-V282,0.3398,0.1949,37,1,58,3,0.1449,0.0932,0.1925,0.0816,1.7762,True,True
R10_8-15,travel_conc,4,T64B-V282old,0.3398,0.1893,37,1,44,3,0.1504,0.0975,0.1979,0.0803,1.8727,True,True
R10_8-15,travel_conc,4,T64B-V282pool,0.3398,0.1949,37,1,102,6,0.1449,0.0982,0.1969,0.0751,1.9285,True,True
R10_8-15,travel_conc,4,T64B-V282_LOO,0.3398,0.2072,37,1,21,2,0.1325,0.0683,0.1785,0.083,1.5961,True,False
R10_8-15,travel_conc,4,T5-V282,0.2984,0.1949,18,1,58,3,0.1036,0.0556,0.1662,0.0762,1.3583,True,True
R10_8-15,travel_conc,4,T5-V282old,0.2984,0.1893,18,1,44,3,0.1091,0.0695,0.1766,0.078,1.398,True,True
R10_8-15,travel_conc,4,T5-V282pool,0.2984,0.1949,18,1,102,6,0.1036,0.0731,0.1738,0.073,1.4184,True,True
R10_8-15,travel_conc,4,T5-V282_LOO,0.2984,0.2072,18,1,21,2,0.0912,0.0427,0.1528,0.0779,1.1707,True,False
R10_8-15,travel_conc,4,T4-V282,0.3322,0.1949,38,1,58,3,0.1373,0.0655,0.2174,0.0965,1.4232,True,True
R10_8-15,travel_conc,4,T4-V282old,0.3322,0.1893,38,1,44,3,0.1429,0.074,0.2279,0.097,1.4734,True,True
R10_8-15,travel_conc,4,T4-V282pool,0.3322,0.1949,38,1,102,6,0.1373,0.0715,0.2183,0.0934,1.4707,True,True
R10_8-15,travel_conc,4,T4-V282_LOO,0.3322,0.2072,38,1,21,2,0.125,0.0528,0.2111,0.1018,1.2278,True,False
R10_8-15,travel_conc,4,V282old-V282,0.1893,0.1949,44,3,58,3,-0.0055,-0.0523,0.0274,0.0531,0.1038,False,True
R10_8-15,dwelljump_per100deg,4,T64-V282,1.116,0.4361,20,2,58,3,0.6799,-0.9341,2.646,2.7191,0.2501,False,True
R10_8-15,dwelljump_per100deg,4,T64-V282old,1.116,0.0,20,2,44,3,1.116,0.0,2.9458,2.5748,0.4334,False,True
R10_8-15,dwelljump_per100deg,4,T64-V282pool,1.116,0.2318,20,2,102,6,0.8841,-0.5461,2.7425,2.6279,0.3364,False,True
R10_8-15,dwelljump_per100deg,4,T64-V282_LOO,1.116,0.4133,20,2,21,2,0.7027,-1.2445,2.6432,2.9071,0.2417,False,False
R10_8-15,dwelljump_per100deg,4,T64B-V282,2.403,0.4361,37,1,58,3,1.9669,0.4773,3.8761,2.5332,0.7765,True,True
R10_8-15,dwelljump_per100deg,4,T64B-V282old,2.403,0.0,37,1,44,3,2.403,1.0333,4.321,2.3782,1.0104,True,True
R10_8-15,dwelljump_per100deg,4,T64B-V282pool,2.403,0.2318,37,1,102,6,2.1711,0.7449,4.1513,2.4466,0.8874,True,True
R10_8-15,dwelljump_per100deg,4,T64B-V282_LOO,2.403,0.4133,37,1,21,2,1.9896,0.101,4.0613,2.7544,0.7223,True,False
R10_8-15,dwelljump_per100deg,4,T5-V282,0.0,0.4361,18,1,58,3,-0.4361,-1.081,0.0,0.8384,0.5201,False,True
R10_8-15,dwelljump_per100deg,4,T5-V282old,0.0,0.0,18,1,44,3,0.0,0.0,0.0,0.0,nan,False,True
R10_8-15,dwelljump_per100deg,4,T5-V282pool,0.0,0.2318,18,1,102,6,-0.2318,-0.6435,0.0,0.5008,0.463,False,True
R10_8-15,dwelljump_per100deg,4,T5-V282_LOO,0.0,0.4133,18,1,21,2,-0.4133,-1.6609,0.0,1.4139,0.2923,False,False
R10_8-15,dwelljump_per100deg,4,T4-V282,1.1117,0.4361,38,1,58,3,0.6756,-0.2335,1.7971,1.4486,0.4664,False,True
R10_8-15,dwelljump_per100deg,4,T4-V282old,1.1117,0.0,38,1,44,3,1.1117,0.4544,2.0844,1.1949,0.9304,True,True
R10_8-15,dwelljump_per100deg,4,T4-V282pool,1.1117,0.2318,38,1,102,6,0.8799,0.0965,1.9354,1.3006,0.6765,True,True
R10_8-15,dwelljump_per100deg,4,T4-V282_LOO,1.1117,0.4133,38,1,21,2,0.6984,-0.7229,1.8903,1.8287,0.3819,False,False
R10_8-15,dwelljump_per100deg,4,V282old-V282,0.0,0.4361,44,3,58,3,-0.4361,-1.081,0.0,0.8384,0.5201,False,True
R10_8-15,rate_lag_excess,5,T64-V282,-0.014,0.05,10,2,27,3,-0.064,-0.1291,0.1011,0.1566,0.4088,False,True
R10_8-15,rate_lag_excess,5,T64-V282old,-0.014,0.07,10,2,25,3,-0.084,-0.179,0.101,0.1955,0.4297,False,True
R10_8-15,rate_lag_excess,5,T64-V282pool,-0.014,0.06,10,2,52,6,-0.074,-0.1541,0.0861,0.161,0.4596,False,True
R10_8-15,rate_lag_excess,5,T64-V282_LOO,-0.014,0.04,10,2,9,2,-0.054,-0.1193,0.1261,0.1732,0.3118,False,False
R10_8-15,rate_lag_excess,5,T64B-V282,-0.0522,0.05,19,1,27,3,-0.1022,-0.1822,-0.0472,0.1192,0.8574,True,True
R10_8-15,rate_lag_excess,5,T64B-V282old,-0.0522,0.07,19,1,25,3,-0.1222,-0.2723,-0.0572,0.1597,0.7654,True,True
R10_8-15,rate_lag_excess,5,T64B-V282pool,-0.0522,0.06,19,1,52,6,-0.1122,-0.1973,-0.0572,0.1185,0.9466,True,True
R10_8-15,rate_lag_excess,5,T64B-V282_LOO,-0.0522,0.04,19,1,9,2,-0.0922,-0.1922,-0.0022,0.1397,0.6602,True,False
R10_8-15,rate_lag_excess,5,T5-V282,0.0842,0.05,12,1,27,3,0.0342,-0.1208,0.1492,0.2344,0.1459,False,True
R10_8-15,rate_lag_excess,5,T5-V282old,0.0842,0.07,12,1,25,3,0.0142,-0.1958,0.1343,0.2594,0.0548,False,True
R10_8-15,rate_lag_excess,5,T5-V282pool,0.0842,0.06,12,1,52,6,0.0242,-0.1358,0.1392,0.2348,0.1031,False,True
R10_8-15,rate_lag_excess,5,T5-V282_LOO,0.0842,0.04,12,1,9,2,0.0442,-0.1208,0.1792,0.2424,0.1823,False,False
R10_8-15,rate_lag_excess,5,T4-V282,0.0404,0.05,18,1,27,3,-0.0096,-0.1896,0.0954,0.1838,0.0521,False,True
R10_8-15,rate_lag_excess,5,T4-V282old,0.0404,0.07,18,1,25,3,-0.0296,-0.2296,0.0754,0.2128,0.139,False,True
R10_8-15,rate_lag_excess,5,T4-V282pool,0.0404,0.06,18,1,52,6,-0.0196,-0.1996,0.0854,0.184,0.1065,False,True
R10_8-15,rate_lag_excess,5,T4-V282_LOO,0.0404,0.04,18,1,9,2,0.0004,-0.1796,0.1054,0.1914,0.0022,False,False
R10_8-15,rate_lag_excess,5,V282old-V282,0.07,0.05,25,3,27,3,0.02,-0.03,0.13,0.1236,0.1619,False,True
R10_8-15,rate_lag,5,T64-V282,0.285,0.25,10,2,27,3,0.035,-0.01,0.1802,0.15,0.2333,False,True
R10_8-15,rate_lag,5,T64-V282old,0.285,0.27,10,2,25,3,0.015,-0.08,0.17,0.1768,0.0848,False,True
R10_8-15,rate_lag,5,T64-V282pool,0.285,0.26,10,2,52,6,0.025,-0.0501,0.18,0.1485,0.1684,False,True
R10_8-15,rate_lag,5,T64-V282_LOO,0.285,0.24,10,2,9,2,0.045,-0.01,0.205,0.1668,0.2698,False,False
R10_8-15,rate_lag,5,T64B-V282,0.25,0.25,19,1,27,3,0.0,-0.09,0.0551,0.123,0.0,False,True
R10_8-15,rate_lag,5,T64B-V282old,0.25,0.27,19,1,25,3,-0.02,-0.17,0.04,0.153,0.1308,False,True
R10_8-15,rate_lag,5,T64B-V282pool,0.25,0.26,19,1,52,6,-0.01,-0.1,0.04,0.121,0.0827,False,True
R10_8-15,rate_lag,5,T64B-V282_LOO,0.25,0.24,19,1,9,2,0.01,-0.09,0.1,0.1424,0.0702,False,False
R10_8-15,rate_lag,5,T5-V282,0.37,0.25,12,1,27,3,0.12,-0.04,0.24,0.2276,0.5273,False,True
R10_8-15,rate_lag,5,T5-V282old,0.37,0.27,12,1,25,3,0.1,-0.1,0.22,0.2445,0.409,False,True
R10_8-15,rate_lag,5,T5-V282pool,0.37,0.26,12,1,52,6,0.11,-0.045,0.23,0.2267,0.4852,False,True
R10_8-15,rate_lag,5,T5-V282_LOO,0.37,0.24,12,1,9,2,0.13,-0.0301,0.265,0.2366,0.5494,False,False
R10_8-15,rate_lag,5,T4-V282,0.32,0.25,18,1,27,3,0.07,-0.115,0.17,0.1936,0.3616,False,True
R10_8-15,rate_lag,5,T4-V282old,0.32,0.27,18,1,25,3,0.05,-0.145,0.15,0.2142,0.2334,False,True
R10_8-15,rate_lag,5,T4-V282pool,0.32,0.26,18,1,52,6,0.06,-0.12,0.1601,0.1903,0.3153,False,True
R10_8-15,rate_lag,5,T4-V282_LOO,0.32,0.24,18,1,9,2,0.08,-0.11,0.2001,0.2053,0.3898,False,False
R10_8-15,rate_lag,5,V282old-V282,0.27,0.25,25,3,27,3,0.02,-0.03,0.12,0.1172,0.1706,False,True
R10_8-15,rate_gain,5,T64-V282,1.0581,0.9289,10,2,27,3,0.1293,-0.0463,0.3596,0.2693,0.4799,False,True
R10_8-15,rate_gain,5,T64-V282old,1.0581,0.9428,10,2,25,3,0.1153,-0.1031,0.3546,0.365,0.3159,False,True
R10_8-15,rate_gain,5,T64-V282pool,1.0581,0.932,10,2,52,6,0.1261,-0.0863,0.3108,0.2452,0.5142,False,True
R10_8-15,rate_gain,5,T64-V282_LOO,1.0581,0.7608,10,2,9,2,0.2973,0.0508,0.4,0.2739,1.0855,True,False
R10_8-15,rate_gain,5,T64B-V282,0.9915,0.9289,19,1,27,3,0.0626,-0.1031,0.3514,0.3318,0.1888,False,True
R10_8-15,rate_gain,5,T64B-V282old,0.9915,0.9428,19,1,25,3,0.0487,-0.1867,0.3574,0.4331,0.1124,False,True
R10_8-15,rate_gain,5,T64B-V282pool,0.9915,0.932,19,1,52,6,0.0595,-0.1412,0.3,0.311,0.1913,False,True
R10_8-15,rate_gain,5,T64B-V282_LOO,0.9915,0.7608,19,1,9,2,0.2307,-0.0234,0.437,0.3339,0.691,False,False
R10_8-15,rate_gain,5,T5-V282,0.9059,0.9289,12,1,27,3,-0.0229,-0.1157,0.2303,0.2753,0.0833,False,True
R10_8-15,rate_gain,5,T5-V282old,0.9059,0.9428,12,1,25,3,-0.0369,-0.2331,0.2343,0.3766,0.0979,False,True
R10_8-15,rate_gain,5,T5-V282pool,0.9059,0.932,12,1,52,6,-0.0261,-0.1867,0.2045,0.2526,0.1033,False,True
R10_8-15,rate_gain,5,T5-V282_LOO,0.9059,0.7608,12,1,9,2,0.1451,-0.0637,0.3267,0.2839,0.5112,False,False
R10_8-15,rate_gain,5,T4-V282,0.8083,0.9289,18,1,27,3,-0.1206,-0.2193,0.2093,0.3289,0.3666,False,True
R10_8-15,rate_gain,5,T4-V282old,0.8083,0.9428,18,1,25,3,-0.1345,-0.3291,0.2016,0.4247,0.3167,False,True
R10_8-15,rate_gain,5,T4-V282pool,0.8083,0.932,18,1,52,6,-0.1237,-0.2768,0.1706,0.3125,0.3959,False,True
R10_8-15,rate_gain,5,T4-V282_LOO,0.8083,0.7608,18,1,9,2,0.0475,-0.1619,0.2947,0.3326,0.1428,False,False
R10_8-15,rate_gain,5,V282old-V282,0.9428,0.9289,25,3,27,3,0.0139,-0.239,0.3383,0.3972,0.0351,False,True
R10_8-15,rate_peak_ratio,5,T64-V282,2.2712,1.0355,10,2,27,3,1.2357,0.4041,2.1629,1.1564,1.0686,True,True
R10_8-15,rate_peak_ratio,5,T64-V282old,2.2712,1.0119,10,2,25,3,1.2593,0.3551,2.1447,1.1779,1.0691,True,True
R10_8-15,rate_peak_ratio,5,T64-V282pool,2.2712,1.022,10,2,52,6,1.2491,0.4212,2.0889,1.1529,1.0835,True,True
R10_8-15,rate_peak_ratio,5,T64-V282_LOO,2.2712,0.9156,10,2,9,2,1.3556,0.5015,2.168,1.1603,1.1683,True,False
R10_8-15,rate_peak_ratio,5,T64B-V282,2.1635,1.0355,19,1,27,3,1.1279,0.8428,1.7097,0.6806,1.6572,True,True
R10_8-15,rate_peak_ratio,5,T64B-V282old,2.1635,1.0119,19,1,25,3,1.1516,0.815,1.682,0.7057,1.6318,True,True
R10_8-15,rate_peak_ratio,5,T64B-V282pool,2.1635,1.022,19,1,52,6,1.1414,0.8429,1.6478,0.6763,1.6877,True,True
R10_8-15,rate_peak_ratio,5,T64B-V282_LOO,2.1635,0.9156,19,1,9,2,1.2479,0.8996,1.7672,0.7062,1.767,True,False
R10_8-15,rate_peak_ratio,5,T5-V282,1.6505,1.0355,12,1,27,3,0.615,0.4042,1.2229,0.5471,1.1241,True,True
R10_8-15,rate_peak_ratio,5,T5-V282old,1.6505,1.0119,12,1,25,3,0.6386,0.3558,1.221,0.5865,1.0889,True,True
R10_8-15,rate_peak_ratio,5,T5-V282pool,1.6505,1.022,12,1,52,6,0.6285,0.3998,1.2156,0.5389,1.1662,True,True
R10_8-15,rate_peak_ratio,5,T5-V282_LOO,1.6505,0.9156,12,1,9,2,0.7349,0.4685,1.3175,0.5593,1.3139,True,False
R10_8-15,rate_peak_ratio,5,T4-V282,2.0742,1.0355,18,1,27,3,1.0387,0.7106,1.6446,0.6838,1.519,True,True
R10_8-15,rate_peak_ratio,5,T4-V282old,2.0742,1.0119,18,1,25,3,1.0623,0.6465,1.6448,0.712,1.492,True,True
R10_8-15,rate_peak_ratio,5,T4-V282pool,2.0742,1.022,18,1,52,6,1.0522,0.6719,1.601,0.6871,1.5314,True,True
R10_8-15,rate_peak_ratio,5,T4-V282_LOO,2.0742,0.9156,18,1,9,2,1.1587,0.7266,1.7149,0.6965,1.6636,True,False
R10_8-15,rate_peak_ratio,5,V282old-V282,1.0119,1.0355,25,3,27,3,-0.0236,-0.1793,0.2656,0.3195,0.074,False,True
R10_8-15,rate_overrun,5,T64-V282,0.3468,0.1107,10,2,26,3,0.2361,0.0716,0.4529,0.3133,0.7537,True,True
R10_8-15,rate_overrun,5,T64-V282old,0.3468,0.1473,10,2,25,3,0.1995,0.0082,0.4292,0.3034,0.6575,True,True
R10_8-15,rate_overrun,5,T64-V282pool,0.3468,0.1451,10,2,51,6,0.2017,0.0691,0.439,0.2926,0.6892,True,True
R10_8-15,rate_overrun,5,T64-V282_LOO,0.3468,0.1688,10,2,9,2,0.1779,0.0378,0.4823,0.3435,0.518,True,False
R10_8-15,rate_overrun,5,T64B-V282,0.549,0.1107,19,1,26,3,0.4384,0.2677,0.8485,0.4357,1.0061,True,True
R10_8-15,rate_overrun,5,T64B-V282old,0.549,0.1473,19,1,25,3,0.4017,0.2274,0.8187,0.4363,0.9207,True,True
R10_8-15,rate_overrun,5,T64B-V282pool,0.549,0.1451,19,1,51,6,0.4039,0.2624,0.8287,0.4303,0.9388,True,True
R10_8-15,rate_overrun,5,T64B-V282_LOO,0.549,0.1688,19,1,9,2,0.3802,0.2351,0.9007,0.4685,0.8114,True,False
R10_8-15,rate_overrun,5,T5-V282,0.4389,0.1107,10,1,26,3,0.3283,0.0747,0.7498,0.4855,0.6762,True,True
R10_8-15,rate_overrun,5,T5-V282old,0.4389,0.1473,10,1,25,3,0.2916,0.0103,0.7123,0.479,0.6089,True,True
R10_8-15,rate_overrun,5,T5-V282pool,0.4389,0.1451,10,1,51,6,0.2939,0.0747,0.729,0.4698,0.6255,True,True
R10_8-15,rate_overrun,5,T5-V282_LOO,0.4389,0.1688,10,1,9,2,0.2701,0.0368,0.7408,0.5037,0.5362,True,False
R10_8-15,rate_overrun,5,T4-V282,0.2005,0.1107,17,1,26,3,0.0899,-0.0962,0.3518,0.3258,0.2759,False,True
R10_8-15,rate_overrun,5,T4-V282old,0.2005,0.1473,17,1,25,3,0.0532,-0.1587,0.2917,0.3189,0.1669,False,True
R10_8-15,rate_overrun,5,T4-V282pool,0.2005,0.1451,17,1,51,6,0.0555,-0.1131,0.2987,0.3017,0.1839,False,True
R10_8-15,rate_overrun,5,T4-V282_LOO,0.2005,0.1688,17,1,9,2,0.0317,-0.1325,0.3278,0.3458,0.0917,False,False
R10_8-15,rate_overrun,5,V282old-V282,0.1473,0.1107,25,3,26,3,0.0367,-0.0769,0.1916,0.1893,0.1936,False,True
R10_8-15,rate_rough,5,T64-V282,0.4671,0.0895,10,2,27,3,0.3776,0.165,0.5447,0.2485,1.5196,True,True
R10_8-15,rate_rough,5,T64-V282old,0.4671,0.1012,10,2,25,3,0.3659,0.144,0.5207,0.2514,1.4554,True,True
R10_8-15,rate_rough,5,T64-V282pool,0.4671,0.0933,10,2,52,6,0.3739,0.1567,0.5291,0.2463,1.5178,True,True
R10_8-15,rate_rough,5,T64-V282_LOO,0.4671,0.0722,10,2,9,2,0.3949,0.1661,0.5481,0.2525,1.5641,True,False
R10_8-15,rate_rough,5,T64B-V282,0.3984,0.0895,19,1,27,3,0.3089,0.249,0.56,0.1865,1.6561,True,True
R10_8-15,rate_rough,5,T64B-V282old,0.3984,0.1012,19,1,25,3,0.2971,0.2305,0.5481,0.1897,1.5665,True,True
R10_8-15,rate_rough,5,T64B-V282pool,0.3984,0.0933,19,1,52,6,0.3051,0.246,0.5579,0.1866,1.6353,True,True
R10_8-15,rate_rough,5,T64B-V282_LOO,0.3984,0.0722,19,1,9,2,0.3262,0.246,0.5781,0.1935,1.6858,True,False
R10_8-15,rate_rough,5,T5-V282,0.3697,0.0895,12,1,27,3,0.2802,0.1395,0.3844,0.1661,1.6866,True,True
R10_8-15,rate_rough,5,T5-V282old,0.3697,0.1012,12,1,25,3,0.2684,0.1269,0.3659,0.1691,1.5871,True,True
R10_8-15,rate_rough,5,T5-V282pool,0.3697,0.0933,12,1,52,6,0.2764,0.1347,0.3772,0.1653,1.6722,True,True
R10_8-15,rate_rough,5,T5-V282_LOO,0.3697,0.0722,12,1,9,2,0.2975,0.1483,0.3889,0.1708,1.7414,True,False
R10_8-15,rate_rough,5,T4-V282,0.3532,0.0895,18,1,27,3,0.2637,0.1824,0.4181,0.137,1.9252,True,True
R10_8-15,rate_rough,5,T4-V282old,0.3532,0.1012,18,1,25,3,0.252,0.1697,0.389,0.1401,1.7989,True,True
R10_8-15,rate_rough,5,T4-V282pool,0.3532,0.0933,18,1,52,6,0.2599,0.1796,0.4071,0.1358,1.9147,True,True
R10_8-15,rate_rough,5,T4-V282_LOO,0.3532,0.0722,18,1,9,2,0.281,0.1856,0.4181,0.1432,1.9617,True,False
R10_8-15,rate_rough,5,V282old-V282,0.1012,0.0895,25,3,27,3,0.0117,-0.0132,0.0634,0.0515,0.2279,False,True
R10_8-15,rate_travel_ratio,5,T64-V282,1.0808,1.0002,9,2,18,3,0.0807,-0.3435,0.4375,0.5481,0.1472,False,True
R10_8-15,rate_travel_ratio,5,T64-V282old,1.0808,1.1325,9,2,15,3,-0.0517,-0.6604,0.224,0.6098,0.0847,False,True
R10_8-15,rate_travel_ratio,5,T64-V282pool,1.0808,1.0282,9,2,33,6,0.0526,-0.4221,0.2896,0.5106,0.103,False,True
R10_8-15,rate_travel_ratio,5,T64-V282_LOO,1.0808,0.8196,9,2,5,2,0.2612,-0.2523,0.5083,0.5261,0.4965,False,False
R10_8-15,rate_travel_ratio,5,T64B-V282,1.0919,1.0002,17,1,18,3,0.0917,-0.0,0.4374,0.3305,0.2775,False,True
R10_8-15,rate_travel_ratio,5,T64B-V282old,1.0919,1.1325,17,1,15,3,-0.0406,-0.3832,0.1959,0.4294,0.0947,False,True
R10_8-15,rate_travel_ratio,5,T64B-V282pool,1.0919,1.0282,17,1,33,6,0.0636,-0.0805,0.3049,0.2654,0.2397,False,True
R10_8-15,rate_travel_ratio,5,T64B-V282_LOO,1.0919,0.8196,17,1,5,2,0.2723,0.1132,0.4764,0.2773,0.9817,True,False
R10_8-15,rate_travel_ratio,5,T5-V282,1.0499,1.0002,7,1,18,3,0.0498,-0.246,0.4123,0.4268,0.1166,False,True
R10_8-15,rate_travel_ratio,5,T5-V282old,1.0499,1.1325,7,1,15,3,-0.0826,-0.5511,0.1108,0.4953,0.1667,False,True
R10_8-15,rate_travel_ratio,5,T5-V282pool,1.0499,1.0282,7,1,33,6,0.0217,-0.2698,0.2069,0.3638,0.0596,False,True
R10_8-15,rate_travel_ratio,5,T5-V282_LOO,1.0499,0.8196,7,1,5,2,0.2303,-0.0905,0.4309,0.3918,0.5878,False,False
R10_8-15,rate_travel_ratio,5,T4-V282,1.0438,1.0002,15,1,18,3,0.0436,-0.1537,0.356,0.3973,0.1098,False,True
R10_8-15,rate_travel_ratio,5,T4-V282old,1.0438,1.1325,15,1,15,3,-0.0887,-0.6057,0.116,0.4762,0.1863,False,True
R10_8-15,rate_travel_ratio,5,T4-V282pool,1.0438,1.0282,15,1,33,6,0.0156,-0.3117,0.2273,0.3343,0.0465,False,True
R10_8-15,rate_travel_ratio,5,T4-V282_LOO,1.0438,0.8196,15,1,5,2,0.2242,-0.0704,0.4082,0.3449,0.65,False,False
R10_8-15,rate_travel_ratio,5,V282old-V282,1.1325,1.0002,15,3,18,3,0.1324,-0.0289,0.5874,0.4811,0.2751,False,True
R10_8-15,rate_conc,5,T64-V282,0.3815,0.236,10,2,27,3,0.1454,0.062,0.2241,0.1189,1.2226,True,True
R10_8-15,rate_conc,5,T64-V282old,0.3815,0.2359,10,2,25,3,0.1456,0.068,0.2109,0.105,1.3864,True,True
R10_8-15,rate_conc,5,T64-V282pool,0.3815,0.236,10,2,52,6,0.1455,0.0649,0.2076,0.1067,1.3636,True,True
R10_8-15,rate_conc,5,T64-V282_LOO,0.3815,0.2598,10,2,9,2,0.1216,0.0569,0.2277,0.1263,0.9633,True,False
R10_8-15,rate_conc,5,T64B-V282,0.3934,0.236,19,1,27,3,0.1574,0.0615,0.2375,0.1182,1.3314,True,True
R10_8-15,rate_conc,5,T64B-V282old,0.3934,0.2359,19,1,25,3,0.1575,0.0609,0.2279,0.1102,1.4295,True,True
R10_8-15,rate_conc,5,T64B-V282pool,0.3934,0.236,19,1,52,6,0.1574,0.0615,0.2254,0.1098,1.4338,True,True
R10_8-15,rate_conc,5,T64B-V282_LOO,0.3934,0.2598,19,1,9,2,0.1336,0.0423,0.2308,0.129,1.0353,True,False
R10_8-15,rate_conc,5,T5-V282,0.3525,0.236,12,1,27,3,0.1165,0.0691,0.1878,0.0887,1.3126,True,True
R10_8-15,rate_conc,5,T5-V282old,0.3525,0.2359,12,1,25,3,0.1166,0.0776,0.1782,0.0747,1.5612,True,True
R10_8-15,rate_conc,5,T5-V282pool,0.3525,0.236,12,1,52,6,0.1165,0.0716,0.1798,0.0753,1.5468,True,True
R10_8-15,rate_conc,5,T5-V282_LOO,0.3525,0.2598,12,1,9,2,0.0927,0.0617,0.1959,0.1026,0.9037,True,False
R10_8-15,rate_conc,5,T4-V282,0.4192,0.236,18,1,27,3,0.1832,0.0839,0.2501,0.1287,1.4238,True,True
R10_8-15,rate_conc,5,T4-V282old,0.4192,0.2359,18,1,25,3,0.1834,0.0927,0.2317,0.1179,1.5555,True,True
R10_8-15,rate_conc,5,T4-V282pool,0.4192,0.236,18,1,52,6,0.1833,0.0914,0.2337,0.1181,1.5522,True,True
R10_8-15,rate_conc,5,T4-V282_LOO,0.4192,0.2598,18,1,9,2,0.1594,0.0779,0.2625,0.138,1.1555,True,False
R10_8-15,rate_conc,5,V282old-V282,0.2359,0.236,25,3,27,3,-0.0002,-0.0389,0.0437,0.0635,0.0024,False,True
R10_8-15,rate_hf_per_peak,5,T64-V282,0.39,0.109,10,2,27,3,0.2809,0.1283,0.4805,0.227,1.2379,True,True
R10_8-15,rate_hf_per_peak,5,T64-V282old,0.39,0.1244,10,2,25,3,0.2656,0.1109,0.4749,0.2304,1.1528,True,True
R10_8-15,rate_hf_per_peak,5,T64-V282pool,0.39,0.1132,10,2,52,6,0.2768,0.1265,0.478,0.2272,1.2179,True,True
R10_8-15,rate_hf_per_peak,5,T64-V282_LOO,0.39,0.0869,10,2,9,2,0.303,0.1457,0.4841,0.2265,1.3377,True,False
R10_8-15,rate_hf_per_peak,5,T64B-V282,0.4095,0.109,19,1,27,3,0.3004,0.1632,0.3434,0.1506,1.9945,True,True
R10_8-15,rate_hf_per_peak,5,T64B-V282old,0.4095,0.1244,19,1,25,3,0.2851,0.1437,0.33,0.1539,1.8523,True,True
R10_8-15,rate_hf_per_peak,5,T64B-V282pool,0.4095,0.1132,19,1,52,6,0.2963,0.1576,0.3328,0.1498,1.9779,True,True
R10_8-15,rate_hf_per_peak,5,T64B-V282_LOO,0.4095,0.0869,19,1,9,2,0.3225,0.182,0.3509,0.1513,2.1322,True,False
R10_8-15,rate_hf_per_peak,5,T5-V282,0.3,0.109,12,1,27,3,0.191,0.1153,0.3286,0.1435,1.3311,True,True
R10_8-15,rate_hf_per_peak,5,T5-V282old,0.3,0.1244,12,1,25,3,0.1756,0.0899,0.3098,0.1482,1.1848,True,True
R10_8-15,rate_hf_per_peak,5,T5-V282pool,0.3,0.1132,12,1,52,6,0.1868,0.1095,0.3141,0.1434,1.3022,True,True
R10_8-15,rate_hf_per_peak,5,T5-V282_LOO,0.3,0.0869,12,1,9,2,0.213,0.1273,0.3387,0.1437,1.4825,True,False
R10_8-15,rate_hf_per_peak,5,T4-V282,0.2628,0.109,18,1,27,3,0.1538,0.1191,0.2525,0.1124,1.3678,True,True
R10_8-15,rate_hf_per_peak,5,T4-V282old,0.2628,0.1244,18,1,25,3,0.1384,0.1003,0.2401,0.1154,1.1994,True,True
R10_8-15,rate_hf_per_peak,5,T4-V282pool,0.2628,0.1132,18,1,52,6,0.1496,0.1114,0.2378,0.1114,1.3431,True,True
R10_8-15,rate_hf_per_peak,5,T4-V282_LOO,0.2628,0.0869,18,1,9,2,0.1759,0.1333,0.2579,0.1119,1.5712,True,False
R10_8-15,rate_hf_per_peak,5,V282old-V282,0.1244,0.109,25,3,27,3,0.0154,-0.025,0.0572,0.052,0.2953,False,True
R10_8-15,rate_mode_per_peak,5,T64-V282,0.2609,0.0321,10,2,27,3,0.2288,0.1322,0.3088,0.1315,1.7398,True,True
R10_8-15,rate_mode_per_peak,5,T64-V282old,0.2609,0.0393,10,2,25,3,0.2216,0.1264,0.2993,0.1314,1.6859,True,True
R10_8-15,rate_mode_per_peak,5,T64-V282pool,0.2609,0.0359,10,2,52,6,0.225,0.1311,0.305,0.1306,1.7226,True,True
R10_8-15,rate_mode_per_peak,5,T64-V282_LOO,0.2609,0.0361,10,2,9,2,0.2248,0.1282,0.3047,0.1318,1.7061,True,False
R10_8-15,rate_mode_per_peak,5,T64B-V282,0.2704,0.0321,19,1,27,3,0.2383,0.152,0.3663,0.1525,1.5626,True,True
R10_8-15,rate_mode_per_peak,5,T64B-V282old,0.2704,0.0393,19,1,25,3,0.2311,0.146,0.3567,0.1519,1.5208,True,True
R10_8-15,rate_mode_per_peak,5,T64B-V282pool,0.2704,0.0359,19,1,52,6,0.2344,0.148,0.3619,0.1522,1.5401,True,True
R10_8-15,rate_mode_per_peak,5,T64B-V282_LOO,0.2704,0.0361,19,1,9,2,0.2343,0.148,0.3656,0.1545,1.5166,True,False
R10_8-15,rate_mode_per_peak,5,T5-V282,0.2366,0.0321,12,1,27,3,0.2045,0.1056,0.2752,0.1335,1.5321,True,True
R10_8-15,rate_mode_per_peak,5,T5-V282old,0.2366,0.0393,12,1,25,3,0.1973,0.0983,0.2713,0.1346,1.4654,True,True
R10_8-15,rate_mode_per_peak,5,T5-V282pool,0.2366,0.0359,12,1,52,6,0.2006,0.104,0.2733,0.1332,1.5058,True,True
R10_8-15,rate_mode_per_peak,5,T5-V282_LOO,0.2366,0.0361,12,1,9,2,0.2005,0.1028,0.2741,0.1355,1.4797,True,False
R10_8-15,rate_mode_per_peak,5,T4-V282,0.2047,0.0321,18,1,27,3,0.1727,0.1195,0.2725,0.0999,1.7281,True,True
R10_8-15,rate_mode_per_peak,5,T4-V282old,0.2047,0.0393,18,1,25,3,0.1654,0.1151,0.2708,0.1002,1.6507,True,True
R10_8-15,rate_mode_per_peak,5,T4-V282pool,0.2047,0.0359,18,1,52,6,0.1688,0.1187,0.2725,0.0995,1.6971,True,True
R10_8-15,rate_mode_per_peak,5,T4-V282_LOO,0.2047,0.0361,18,1,9,2,0.1686,0.1178,0.2845,0.1011,1.6685,True,False
R10_8-15,rate_mode_per_peak,5,V282old-V282,0.0393,0.0321,25,3,27,3,0.0072,-0.0091,0.0218,0.0217,0.3331,False,True
R40_2.5-5,mode_ratio_1.8-3Hz,4,T64-V282,0.1612,0.0297,6,2,5,1,0.1315,0.0557,0.4858,0.2911,0.4517,True,False
R40_2.5-5,mode_ratio_1.8-3Hz,4,T64-V282old,0.1612,0.0355,6,2,15,3,0.1257,0.0453,0.4938,0.2983,0.4215,True,False
R40_2.5-5,mode_ratio_1.8-3Hz,4,T64-V282pool,0.1612,0.0336,6,2,20,4,0.1276,0.0567,0.4819,0.2881,0.4428,True,False
R40_2.5-5,mode_ratio_1.8-3Hz,4,T64B-V282,0.1899,0.0297,8,1,5,1,0.1602,0.0441,0.3485,0.2193,0.7303,True,False
R40_2.5-5,mode_ratio_1.8-3Hz,4,T64B-V282old,0.1899,0.0355,8,1,15,3,0.1544,0.0414,0.3427,0.2331,0.6624,True,False
R40_2.5-5,mode_ratio_1.8-3Hz,4,T64B-V282pool,0.1899,0.0336,8,1,20,4,0.1563,0.0627,0.3394,0.2209,0.7073,True,False
R40_2.5-5,mode_ratio_1.8-3Hz,4,T4-V282,0.2415,0.0297,7,1,5,1,0.2117,0.0803,0.2675,0.1993,1.0624,True,False
R40_2.5-5,mode_ratio_1.8-3Hz,4,T4-V282old,0.2415,0.0355,7,1,15,3,0.206,0.0686,0.2754,0.2122,0.9706,True,False
R40_2.5-5,mode_ratio_1.8-3Hz,4,T4-V282pool,0.2415,0.0336,7,1,20,4,0.2078,0.0896,0.2625,0.1989,1.045,True,False
R40_2.5-5,mode_ratio_1.8-3Hz,4,V282old-V282,0.0355,0.0297,15,3,5,1,0.0058,-0.0497,0.0529,0.1067,0.0542,False,False
R40_2.5-5,hf_ratio_2-10Hz,4,T64-V282,0.2159,0.0865,6,2,5,1,0.1294,-0.0031,0.4239,0.2854,0.4535,False,False
R40_2.5-5,hf_ratio_2-10Hz,4,T64-V282old,0.2159,0.1319,6,2,15,3,0.084,-0.0406,0.3918,0.2978,0.2822,False,False
R40_2.5-5,hf_ratio_2-10Hz,4,T64-V282pool,0.2159,0.1143,6,2,20,4,0.1016,-0.0292,0.389,0.2883,0.3524,False,False
R40_2.5-5,hf_ratio_2-10Hz,4,T64B-V282,0.2388,0.0865,8,1,5,1,0.1523,0.0138,0.3456,0.2672,0.57,True,False
R40_2.5-5,hf_ratio_2-10Hz,4,T64B-V282old,0.2388,0.1319,8,1,15,3,0.1069,-0.0276,0.3128,0.2818,0.3792,False,False
R40_2.5-5,hf_ratio_2-10Hz,4,T64B-V282pool,0.2388,0.1143,8,1,20,4,0.1244,-0.0137,0.3118,0.2697,0.4613,False,False
R40_2.5-5,hf_ratio_2-10Hz,4,T4-V282,0.2439,0.0865,7,1,5,1,0.1574,0.0329,0.2219,0.1578,0.9977,True,False
R40_2.5-5,hf_ratio_2-10Hz,4,T4-V282old,0.2439,0.1319,7,1,15,3,0.112,-0.0594,0.2215,0.1859,0.6027,False,False
R40_2.5-5,hf_ratio_2-10Hz,4,T4-V282pool,0.2439,0.1143,7,1,20,4,0.1296,0.0134,0.2054,0.165,0.7853,True,False
R40_2.5-5,hf_ratio_2-10Hz,4,V282old-V282,0.1319,0.0865,15,3,5,1,0.0454,-0.0641,0.1936,0.158,0.2875,False,False
R40_2.5-5,mode_rms_1.8-3Hz,4,T64-V282,8.2796,2.7569,6,2,5,1,5.5227,1.9227,16.2227,10.574,0.5223,True,False
R40_2.5-5,mode_rms_1.8-3Hz,4,T64-V282old,8.2796,2.4731,6,2,15,3,5.8065,2.609,17.6166,10.5465,0.5506,True,False
R40_2.5-5,mode_rms_1.8-3Hz,4,T64-V282pool,8.2796,2.5487,6,2,20,4,5.7309,2.9089,17.1116,10.4037,0.5508,True,False
R40_2.5-5,mode_rms_1.8-3Hz,4,T64B-V282,10.8448,2.7569,8,1,5,1,8.0879,3.9971,14.5214,7.9854,1.0128,True,False
R40_2.5-5,mode_rms_1.8-3Hz,4,T64B-V282old,10.8448,2.4731,8,1,15,3,8.3717,4.7633,15.1492,7.8286,1.0694,True,False
R40_2.5-5,mode_rms_1.8-3Hz,4,T64B-V282pool,10.8448,2.5487,8,1,20,4,8.2962,4.6122,14.8554,7.6896,1.0789,True,False
R40_2.5-5,mode_rms_1.8-3Hz,4,T4-V282,10.9303,2.7569,7,1,5,1,8.1734,5.6037,14.225,8.4642,0.9657,True,False
R40_2.5-5,mode_rms_1.8-3Hz,4,T4-V282old,10.9303,2.4731,7,1,15,3,8.4572,6.4779,15.2816,8.5238,0.9922,True,False
R40_2.5-5,mode_rms_1.8-3Hz,4,T4-V282pool,10.9303,2.5487,7,1,20,4,8.3817,6.5013,14.6926,8.3986,0.998,True,False
R40_2.5-5,mode_rms_1.8-3Hz,4,V282old-V282,2.4731,2.7569,15,3,5,1,-0.2838,-3.0761,1.9278,3.707,0.0766,False,False
R40_2.5-5,hf_rms_2-10Hz,4,T64-V282,10.2484,5.236,6,2,5,1,5.0124,0.7833,29.6705,22.0284,0.2275,True,False
R40_2.5-5,hf_rms_2-10Hz,4,T64-V282old,10.2484,5.488,6,2,15,3,4.7604,0.3712,29.4941,22.0636,0.2158,True,False
R40_2.5-5,hf_rms_2-10Hz,4,T64-V282pool,10.2484,5.362,6,2,20,4,4.8864,0.2323,29.3133,21.9961,0.2221,True,False
R40_2.5-5,hf_rms_2-10Hz,4,T64B-V282,13.7044,5.236,8,1,5,1,8.4685,2.9695,17.4759,11.0402,0.7671,True,False
R40_2.5-5,hf_rms_2-10Hz,4,T64B-V282old,13.7044,5.488,8,1,15,3,8.2164,3.1083,18.4776,11.3764,0.7222,True,False
R40_2.5-5,hf_rms_2-10Hz,4,T64B-V282pool,13.7044,5.362,8,1,20,4,8.3425,3.108,18.0646,11.0269,0.7566,True,False
R40_2.5-5,hf_rms_2-10Hz,4,T4-V282,11.7359,5.236,7,1,5,1,6.4999,3.7405,12.0032,7.4945,0.8673,True,False
R40_2.5-5,hf_rms_2-10Hz,4,T4-V282old,11.7359,5.488,7,1,15,3,6.2479,3.4657,13.9701,7.9704,0.7839,True,False
R40_2.5-5,hf_rms_2-10Hz,4,T4-V282pool,11.7359,5.362,7,1,20,4,6.3739,3.7473,12.0421,7.427,0.8582,True,False
R40_2.5-5,hf_rms_2-10Hz,4,V282old-V282,5.488,5.236,15,3,5,1,0.252,-3.1257,3.0945,4.2999,0.0586,False,False
R40_2.5-5,travel_conc,4,T64-V282,0.2356,0.1677,6,2,5,1,0.0679,-0.0895,0.2005,0.1936,0.3508,False,False
R40_2.5-5,travel_conc,4,T64-V282old,0.2356,0.1658,6,2,15,3,0.0698,-0.0231,0.1933,0.1555,0.4486,False,False
R40_2.5-5,travel_conc,4,T64-V282pool,0.2356,0.1667,6,2,20,4,0.0688,-0.0125,0.1957,0.1459,0.4717,False,False
R40_2.5-5,travel_conc,4,T64B-V282,0.2177,0.1677,8,1,5,1,0.05,-0.1019,0.2227,0.2271,0.2202,False,False
R40_2.5-5,travel_conc,4,T64B-V282old,0.2177,0.1658,8,1,15,3,0.0518,-0.0403,0.2029,0.195,0.2659,False,False
R40_2.5-5,travel_conc,4,T64B-V282pool,0.2177,0.1667,8,1,20,4,0.0509,-0.0373,0.2033,0.1912,0.2664,False,False
R40_2.5-5,travel_conc,4,T4-V282,0.1862,0.1677,7,1,5,1,0.0185,-0.1302,0.0698,0.1488,0.1244,False,False
R40_2.5-5,travel_conc,4,T4-V282old,0.1862,0.1658,7,1,15,3,0.0204,-0.0605,0.0628,0.0964,0.2111,False,False
R40_2.5-5,travel_conc,4,T4-V282pool,0.1862,0.1667,7,1,20,4,0.0194,-0.0378,0.0628,0.0796,0.2443,False,False
R40_2.5-5,travel_conc,4,V282old-V282,0.1658,0.1677,15,3,5,1,-0.0018,-0.1608,0.081,0.1633,0.0112,False,False
R40_2.5-5,dwelljump_per100deg,4,T64-V282,0.2423,0.0,6,2,5,1,0.2423,0.0,1.4501,1.3326,0.1818,False,False
R40_2.5-5,dwelljump_per100deg,4,T64-V282old,0.2423,0.0,6,2,15,3,0.2423,0.0,1.4501,1.3326,0.1818,False,False
R40_2.5-5,dwelljump_per100deg,4,T64-V282pool,0.2423,0.0,6,2,20,4,0.2423,0.0,1.4501,1.3326,0.1818,False,False
R40_2.5-5,dwelljump_per100deg,4,T64B-V282,0.0,0.0,8,1,5,1,0.0,0.0,0.0,0.0,nan,False,False
R40_2.5-5,dwelljump_per100deg,4,T64B-V282old,0.0,0.0,8,1,15,3,0.0,0.0,0.0,0.0,nan,False,False
R40_2.5-5,dwelljump_per100deg,4,T64B-V282pool,0.0,0.0,8,1,20,4,0.0,0.0,0.0,0.0,nan,False,False
R40_2.5-5,dwelljump_per100deg,4,T4-V282,0.0,0.0,7,1,5,1,0.0,0.0,0.0,0.0,nan,False,False
R40_2.5-5,dwelljump_per100deg,4,T4-V282old,0.0,0.0,7,1,15,3,0.0,0.0,0.0,0.0,nan,False,False
R40_2.5-5,dwelljump_per100deg,4,T4-V282pool,0.0,0.0,7,1,20,4,0.0,0.0,0.0,0.0,nan,False,False
R40_2.5-5,dwelljump_per100deg,4,V282old-V282,0.0,0.0,15,3,5,1,0.0,0.0,0.0,0.0,nan,False,False
R40_2.5-5,rate_lag_excess,5,T64B-V282,-0.0572,0.11,6,1,3,1,-0.1672,-0.3422,-0.1222,0.2133,0.7838,True,False
R40_2.5-5,rate_lag_excess,5,T64B-V282old,-0.0572,0.11,6,1,9,3,-0.1672,-0.2122,-0.1222,0.0722,2.3175,True,False
R40_2.5-5,rate_lag_excess,5,T64B-V282pool,-0.0572,0.11,6,1,12,4,-0.1672,-0.2072,-0.1222,0.0668,2.5048,True,False
R40_2.5-5,rate_lag_excess,5,T4-V282,0.2504,0.11,5,1,3,1,0.1404,-0.0296,0.1804,0.2179,0.6444,False,False
R40_2.5-5,rate_lag_excess,5,T4-V282old,0.2504,0.11,5,1,9,3,0.1404,0.0604,0.1904,0.0822,1.7083,True,False
R40_2.5-5,rate_lag_excess,5,T4-V282pool,0.2504,0.11,5,1,12,4,0.1404,0.0604,0.1804,0.0757,1.8549,True,False
R40_2.5-5,rate_lag_excess,5,V282old-V282,0.11,0.11,9,3,3,1,0.0,-0.19,0.05,0.2213,0.0,False,False
R40_2.5-5,rate_lag,5,T64B-V282,0.245,0.31,6,1,3,1,-0.065,-0.24,-0.02,0.2153,0.302,True,False
R40_2.5-5,rate_lag,5,T64B-V282old,0.245,0.31,6,1,9,3,-0.065,-0.11,-0.015,0.0704,0.9236,True,False
R40_2.5-5,rate_lag,5,T64B-V282pool,0.245,0.31,6,1,12,4,-0.065,-0.11,-0.02,0.0716,0.9084,True,False
R40_2.5-5,rate_lag,5,T4-V282,0.53,0.31,5,1,3,1,0.22,0.05,0.26,0.2211,0.9951,True,False
R40_2.5-5,rate_lag,5,T4-V282old,0.53,0.31,5,1,9,3,0.22,0.14,0.26,0.079,2.785,True,False
R40_2.5-5,rate_lag,5,T4-V282pool,0.53,0.31,5,1,12,4,0.22,0.12,0.26,0.0827,2.6602,True,False
R40_2.5-5,rate_lag,5,V282old-V282,0.31,0.31,9,3,3,1,0.0,-0.19,0.05,0.2207,0.0,False,False
R40_2.5-5,rate_gain,5,T64B-V282,0.893,0.6924,6,1,3,1,0.2006,-0.1599,0.4453,0.5053,0.397,False,False
R40_2.5-5,rate_gain,5,T64B-V282old,0.893,0.7766,6,1,9,3,0.1165,-0.298,0.2933,0.4474,0.2603,False,False
R40_2.5-5,rate_gain,5,T64B-V282pool,0.893,0.7766,6,1,12,4,0.1165,-0.226,0.3191,0.3801,0.3064,False,False
R40_2.5-5,rate_gain,5,T4-V282,0.8329,0.6924,5,1,3,1,0.1405,-0.1921,0.4247,0.5473,0.2568,False,False
R40_2.5-5,rate_gain,5,T4-V282old,0.8329,0.7766,5,1,9,3,0.0564,-0.3428,0.3013,0.4863,0.1159,False,False
R40_2.5-5,rate_gain,5,T4-V282pool,0.8329,0.7766,5,1,12,4,0.0564,-0.2675,0.3077,0.4209,0.134,False,False
R40_2.5-5,rate_gain,5,V282old-V282,0.7766,0.6924,9,3,3,1,0.0842,-0.213,0.5433,0.5581,0.1508,False,False
R40_2.5-5,rate_peak_ratio,5,T64B-V282,1.3709,0.6473,6,1,3,1,0.7236,0.0085,2.424,1.6631,0.4351,True,False
R40_2.5-5,rate_peak_ratio,5,T64B-V282old,1.3709,0.9519,6,1,9,3,0.4189,-0.1691,2.2479,1.6563,0.2529,False,False
R40_2.5-5,rate_peak_ratio,5,T64B-V282pool,1.3709,0.8636,6,1,12,4,0.5073,-0.0493,2.3177,1.6711,0.3036,False,False
R40_2.5-5,rate_peak_ratio,5,T4-V282,0.8686,0.6473,5,1,3,1,0.2214,-0.075,1.1452,0.7474,0.2962,False,False
R40_2.5-5,rate_peak_ratio,5,T4-V282old,0.8686,0.9519,5,1,9,3,-0.0833,-0.1617,0.8405,0.7187,0.1159,False,False
R40_2.5-5,rate_peak_ratio,5,T4-V282pool,0.8686,0.8636,5,1,12,4,0.0051,-0.1258,0.9988,0.7394,0.0069,False,False
R40_2.5-5,rate_peak_ratio,5,V282old-V282,0.9519,0.6473,9,3,3,1,0.3047,-0.2163,0.3804,0.4769,0.6388,False,False
R40_2.5-5,rate_overrun,5,T64B-V282old,0.3945,0.1404,6,1,8,3,0.2541,-0.2312,0.7469,0.7298,0.3481,False,False
R40_2.5-5,rate_overrun,5,T64B-V282pool,0.3945,0.1404,6,1,10,4,0.2541,-0.1668,0.7744,0.7219,0.352,False,False
R40_2.5-5,rate_overrun,5,T4-V282old,0.2563,0.1404,5,1,8,3,0.1159,-0.2059,0.8293,0.6556,0.1767,False,False
R40_2.5-5,rate_overrun,5,T4-V282pool,0.2563,0.1404,5,1,10,4,0.1159,-0.1634,0.8195,0.6327,0.1831,False,False
R40_2.5-5,rate_rough,5,T64B-V282,0.1884,0.0747,6,1,3,1,0.1136,-0.0079,0.2794,0.2498,0.4549,False,False
R40_2.5-5,rate_rough,5,T64B-V282old,0.1884,0.0812,6,1,9,3,0.1072,-0.0068,0.2643,0.252,0.4255,False,False
R40_2.5-5,rate_rough,5,T64B-V282pool,0.1884,0.078,6,1,12,4,0.1104,-0.0032,0.2518,0.2465,0.4481,False,False
R40_2.5-5,rate_rough,5,T4-V282,0.1878,0.0747,5,1,3,1,0.113,0.0459,0.3723,0.2017,0.5604,True,False
R40_2.5-5,rate_rough,5,T4-V282old,0.1878,0.0812,5,1,9,3,0.1066,0.0391,0.3729,0.2089,0.5103,True,False
R40_2.5-5,rate_rough,5,T4-V282pool,0.1878,0.078,5,1,12,4,0.1098,0.043,0.3723,0.1979,0.5548,True,False
R40_2.5-5,rate_rough,5,V282old-V282,0.0812,0.0747,9,3,3,1,0.0064,-0.056,0.044,0.0797,0.0806,False,False
R40_2.5-5,rate_travel_ratio,5,T64B-V282old,0.8321,0.9723,6,1,5,2,-0.1402,-0.609,0.0777,0.4675,0.2998,False,False
R40_2.5-5,rate_travel_ratio,5,T64B-V282pool,0.8321,0.9723,6,1,5,2,-0.1402,-0.5524,0.0777,0.4505,0.3111,False,False
R40_2.5-5,rate_conc,5,T64B-V282,0.2237,0.176,6,1,3,1,0.0477,-0.0943,0.2626,0.2267,0.2104,False,False
R40_2.5-5,rate_conc,5,T64B-V282old,0.2237,0.2283,6,1,9,3,-0.0046,-0.0966,0.2103,0.2221,0.0207,False,False
R40_2.5-5,rate_conc,5,T64B-V282pool,0.2237,0.2265,6,1,12,4,-0.0028,-0.0765,0.2446,0.2085,0.0134,False,False
R40_2.5-5,rate_conc,5,T4-V282,0.2044,0.176,5,1,3,1,0.0284,-0.1011,0.1239,0.1798,0.1581,False,False
R40_2.5-5,rate_conc,5,T4-V282old,0.2044,0.2283,5,1,9,3,-0.0239,-0.122,0.1411,0.1788,0.1335,False,False
R40_2.5-5,rate_conc,5,T4-V282pool,0.2044,0.2265,5,1,12,4,-0.0221,-0.0937,0.1116,0.1538,0.1435,False,False
R40_2.5-5,rate_conc,5,V282old-V282,0.2283,0.176,9,3,3,1,0.0523,-0.143,0.1468,0.1964,0.2663,False,False
R40_2.5-5,rate_hf_per_peak,5,T64B-V282,0.1474,0.0421,6,1,3,1,0.1053,-0.0446,0.3403,0.276,0.3813,False,False
R40_2.5-5,rate_hf_per_peak,5,T64B-V282old,0.1474,0.0658,6,1,9,3,0.0816,-0.0309,0.3288,0.2692,0.303,False,False
R40_2.5-5,rate_hf_per_peak,5,T64B-V282pool,0.1474,0.0597,6,1,12,4,0.0877,-0.0255,0.3288,0.2647,0.3311,False,False
R40_2.5-5,rate_hf_per_peak,5,T4-V282,0.1077,0.0421,5,1,3,1,0.0656,-0.0394,0.1519,0.1273,0.5153,False,False
R40_2.5-5,rate_hf_per_peak,5,T4-V282old,0.1077,0.0658,5,1,9,3,0.0419,-0.032,0.1282,0.1132,0.3701,False,False
R40_2.5-5,rate_hf_per_peak,5,T4-V282pool,0.1077,0.0597,5,1,12,4,0.048,-0.032,0.1343,0.1089,0.4408,False,False
R40_2.5-5,rate_hf_per_peak,5,V282old-V282,0.0658,0.0421,9,3,3,1,0.0237,-0.0846,0.0769,0.1186,0.2,False,False
R40_2.5-5,rate_mode_per_peak,5,T64B-V282,0.1144,0.0171,6,1,3,1,0.0974,0.0105,0.2057,0.1675,0.5813,True,False
R40_2.5-5,rate_mode_per_peak,5,T64B-V282old,0.1144,0.0195,6,1,9,3,0.0949,0.0043,0.2007,0.17,0.5583,True,False
R40_2.5-5,rate_mode_per_peak,5,T64B-V282pool,0.1144,0.0183,6,1,12,4,0.0961,0.0123,0.2013,0.1672,0.5751,True,False
R40_2.5-5,rate_mode_per_peak,5,T4-V282,0.1144,0.0171,5,1,3,1,0.0973,0.0221,0.1129,0.0939,1.0363,True,False
R40_2.5-5,rate_mode_per_peak,5,T4-V282old,0.1144,0.0195,5,1,9,3,0.0949,0.0163,0.1166,0.097,0.9782,True,False
R40_2.5-5,rate_mode_per_peak,5,T4-V282pool,0.1144,0.0183,5,1,12,4,0.0961,0.0134,0.1133,0.096,1.0004,True,False
R40_2.5-5,rate_mode_per_peak,5,V282old-V282,0.0195,0.0171,9,3,3,1,0.0024,-0.0202,0.0242,0.0295,0.0825,False,False
R40_5-8,mode_ratio_1.8-3Hz,4,T64-V282,0.1013,0.0315,12,2,14,3,0.0698,0.0244,0.338,0.2597,0.2688,True,False
R40_5-8,mode_ratio_1.8-3Hz,4,T64-V282old,0.1013,0.0285,12,2,18,3,0.0728,0.0424,0.341,0.2561,0.2843,True,False
R40_5-8,mode_ratio_1.8-3Hz,4,T64-V282pool,0.1013,0.0287,12,2,32,6,0.0726,0.041,0.3381,0.2566,0.283,True,True
R40_5-8,mode_ratio_1.8-3Hz,4,T64-V282_LOO,0.1013,0.0454,12,2,6,2,0.056,0.0066,0.3294,0.2621,0.2136,True,False
R40_5-8,mode_ratio_1.8-3Hz,4,T64B-V282,0.1614,0.0315,13,1,14,3,0.1299,0.0602,0.5072,0.2738,0.4745,True,False
R40_5-8,mode_ratio_1.8-3Hz,4,T64B-V282old,0.1614,0.0285,13,1,18,3,0.1329,0.0747,0.5244,0.2716,0.4894,True,False
R40_5-8,mode_ratio_1.8-3Hz,4,T64B-V282pool,0.1614,0.0287,13,1,32,6,0.1327,0.0747,0.5217,0.2703,0.491,True,True
R40_5-8,mode_ratio_1.8-3Hz,4,T64B-V282_LOO,0.1614,0.0454,13,1,6,2,0.1161,0.048,0.4511,0.2738,0.424,True,False
R40_5-8,mode_ratio_1.8-3Hz,4,T5-V282,0.33,0.0315,8,1,14,3,0.2985,0.1353,0.5529,0.3011,0.9913,True,False
R40_5-8,mode_ratio_1.8-3Hz,4,T5-V282old,0.33,0.0285,8,1,18,3,0.3015,0.1465,0.5725,0.3018,0.9989,True,False
R40_5-8,mode_ratio_1.8-3Hz,4,T5-V282pool,0.33,0.0287,8,1,32,6,0.3013,0.148,0.5726,0.301,1.0009,True,True
R40_5-8,mode_ratio_1.8-3Hz,4,T5-V282_LOO,0.33,0.0454,8,1,6,2,0.2846,0.1208,0.5594,0.3074,0.9259,True,False
R40_5-8,mode_ratio_1.8-3Hz,4,T4-V282,0.2171,0.0315,16,1,14,3,0.1855,0.0848,0.4156,0.2593,0.7157,True,False
R40_5-8,mode_ratio_1.8-3Hz,4,T4-V282old,0.2171,0.0285,16,1,18,3,0.1886,0.0956,0.415,0.2562,0.7359,True,False
R40_5-8,mode_ratio_1.8-3Hz,4,T4-V282pool,0.2171,0.0287,16,1,32,6,0.1884,0.0879,0.4189,0.258,0.73,True,True
R40_5-8,mode_ratio_1.8-3Hz,4,T4-V282_LOO,0.2171,0.0454,16,1,6,2,0.1717,0.068,0.4075,0.2619,0.6557,True,False
R40_5-8,mode_ratio_1.8-3Hz,4,V282old-V282,0.0285,0.0315,18,3,14,3,-0.003,-0.038,0.0188,0.0459,0.0657,False,False
R40_5-8,hf_ratio_2-10Hz,4,T64-V282,0.1563,0.0792,12,2,14,3,0.0771,-0.0028,0.2861,0.2196,0.3512,False,False
R40_5-8,hf_ratio_2-10Hz,4,T64-V282old,0.1563,0.0655,12,2,18,3,0.0908,-0.0105,0.2984,0.2196,0.4137,False,False
R40_5-8,hf_ratio_2-10Hz,4,T64-V282pool,0.1563,0.0756,12,2,32,6,0.0807,0.0048,0.2925,0.2154,0.3748,True,True
R40_5-8,hf_ratio_2-10Hz,4,T64-V282_LOO,0.1563,0.0802,12,2,6,2,0.0761,-0.0675,0.2804,0.2371,0.321,False,False
R40_5-8,hf_ratio_2-10Hz,4,T64B-V282,0.3357,0.0792,13,1,14,3,0.2565,0.0564,0.3596,0.2574,0.9965,True,False
R40_5-8,hf_ratio_2-10Hz,4,T64B-V282old,0.3357,0.0655,13,1,18,3,0.2702,0.0594,0.3763,0.2563,1.054,True,False
R40_5-8,hf_ratio_2-10Hz,4,T64B-V282pool,0.3357,0.0756,13,1,32,6,0.2601,0.0693,0.3716,0.2525,1.0301,True,True
R40_5-8,hf_ratio_2-10Hz,4,T64B-V282_LOO,0.3357,0.0802,13,1,6,2,0.2554,0.023,0.3722,0.2715,0.9409,True,False
R40_5-8,hf_ratio_2-10Hz,4,T5-V282,0.4161,0.0792,8,1,14,3,0.337,0.0836,0.4943,0.3376,0.9981,True,False
R40_5-8,hf_ratio_2-10Hz,4,T5-V282old,0.4161,0.0655,8,1,18,3,0.3507,0.0992,0.4982,0.3404,1.0301,True,False
R40_5-8,hf_ratio_2-10Hz,4,T5-V282pool,0.4161,0.0756,8,1,32,6,0.3406,0.1144,0.4982,0.339,1.0047,True,True
R40_5-8,hf_ratio_2-10Hz,4,T5-V282_LOO,0.4161,0.0802,8,1,6,2,0.3359,0.066,0.4863,0.3522,0.9538,True,False
R40_5-8,hf_ratio_2-10Hz,4,T4-V282,0.2507,0.0792,16,1,14,3,0.1715,0.0548,0.4931,0.3157,0.5434,True,False
R40_5-8,hf_ratio_2-10Hz,4,T4-V282old,0.2507,0.0655,16,1,18,3,0.1853,0.0445,0.4938,0.3168,0.5848,True,False
R40_5-8,hf_ratio_2-10Hz,4,T4-V282pool,0.2507,0.0756,16,1,32,6,0.1752,0.0534,0.4943,0.3109,0.5634,True,True
R40_5-8,hf_ratio_2-10Hz,4,T4-V282_LOO,0.2507,0.0802,16,1,6,2,0.1705,-0.0048,0.4848,0.3285,0.5191,False,False
R40_5-8,hf_ratio_2-10Hz,4,V282old-V282,0.0655,0.0792,18,3,14,3,-0.0137,-0.0816,0.0444,0.0859,0.1595,False,False
R40_5-8,mode_rms_1.8-3Hz,4,T64-V282,8.6718,2.2808,12,2,14,3,6.391,3.2434,13.9083,8.7266,0.7324,True,False
R40_5-8,mode_rms_1.8-3Hz,4,T64-V282old,8.6718,1.432,12,2,18,3,7.2398,3.8881,14.8828,8.757,0.8268,True,False
R40_5-8,mode_rms_1.8-3Hz,4,T64-V282pool,8.6718,1.7241,12,2,32,6,6.9477,3.5203,14.5865,8.7649,0.7927,True,True
R40_5-8,mode_rms_1.8-3Hz,4,T64-V282_LOO,8.6718,2.1415,12,2,6,2,6.5303,3.3583,14.2112,8.7277,0.7482,True,False
R40_5-8,mode_rms_1.8-3Hz,4,T64B-V282,11.4938,2.2808,13,1,14,3,9.2129,4.0162,15.7636,10.9295,0.8429,True,False
R40_5-8,mode_rms_1.8-3Hz,4,T64B-V282old,11.4938,1.432,13,1,18,3,10.0618,4.7772,16.2828,11.0174,0.9133,True,False
R40_5-8,mode_rms_1.8-3Hz,4,T64B-V282pool,11.4938,1.7241,13,1,32,6,9.7697,4.3169,16.0652,10.975,0.8902,True,True
R40_5-8,mode_rms_1.8-3Hz,4,T64B-V282_LOO,11.4938,2.1415,13,1,6,2,9.3522,4.1309,15.7671,10.9439,0.8546,True,False
R40_5-8,mode_rms_1.8-3Hz,4,T5-V282,12.6746,2.2808,8,1,14,3,10.3938,3.9167,18.6278,11.239,0.9248,True,False
R40_5-8,mode_rms_1.8-3Hz,4,T5-V282old,12.6746,1.432,8,1,18,3,11.2426,4.487,18.6047,11.2258,1.0015,True,False
R40_5-8,mode_rms_1.8-3Hz,4,T5-V282pool,12.6746,1.7241,8,1,32,6,10.9505,4.2888,18.9031,11.2124,0.9766,True,True
R40_5-8,mode_rms_1.8-3Hz,4,T5-V282_LOO,12.6746,2.1415,8,1,6,2,10.5331,3.9171,18.7666,11.2264,0.9382,True,False
R40_5-8,mode_rms_1.8-3Hz,4,T4-V282,10.9168,2.2808,16,1,14,3,8.6359,5.0799,14.06,6.718,1.2855,True,False
R40_5-8,mode_rms_1.8-3Hz,4,T4-V282old,10.9168,1.432,16,1,18,3,9.4848,5.6735,14.7022,6.852,1.3842,True,False
R40_5-8,mode_rms_1.8-3Hz,4,T4-V282pool,10.9168,1.7241,16,1,32,6,9.1927,5.7075,14.3607,6.6487,1.3826,True,True
R40_5-8,mode_rms_1.8-3Hz,4,T4-V282_LOO,10.9168,2.1415,16,1,6,2,8.7752,5.1564,14.089,6.722,1.3054,True,False
R40_5-8,mode_rms_1.8-3Hz,4,V282old-V282,1.432,2.2808,18,3,14,3,-0.8488,-1.4996,0.671,1.6136,0.526,False,False
R40_5-8,hf_rms_2-10Hz,4,T64-V282,11.7996,4.4147,12,2,14,3,7.3849,2.1563,11.4393,7.3657,1.0026,True,False
R40_5-8,hf_rms_2-10Hz,4,T64-V282old,11.7996,4.3194,12,2,18,3,7.4802,2.2662,12.1958,7.5061,0.9966,True,False
R40_5-8,hf_rms_2-10Hz,4,T64-V282pool,11.7996,4.3194,12,2,32,6,7.4802,2.2405,11.554,7.2998,1.0247,True,True
R40_5-8,hf_rms_2-10Hz,4,T64-V282_LOO,11.7996,4.1253,12,2,6,2,7.6743,2.4486,11.798,7.3615,1.0425,True,False
R40_5-8,hf_rms_2-10Hz,4,T64B-V282,14.1914,4.4147,13,1,14,3,9.7767,5.1214,16.6906,11.1234,0.8789,True,False
R40_5-8,hf_rms_2-10Hz,4,T64B-V282old,14.1914,4.3194,13,1,18,3,9.872,5.3918,17.4909,11.2244,0.8795,True,False
R40_5-8,hf_rms_2-10Hz,4,T64B-V282pool,14.1914,4.3194,13,1,32,6,9.872,5.4362,17.076,11.136,0.8865,True,True
R40_5-8,hf_rms_2-10Hz,4,T64B-V282_LOO,14.1914,4.1253,13,1,6,2,10.0661,4.9327,17.3959,11.2065,0.8982,True,False
R40_5-8,hf_rms_2-10Hz,4,T5-V282,15.4217,4.4147,8,1,14,3,11.007,1.8136,15.9056,12.0149,0.9161,True,False
R40_5-8,hf_rms_2-10Hz,4,T5-V282old,15.4217,4.3194,8,1,18,3,11.1022,1.9884,16.2865,12.0813,0.919,True,False
R40_5-8,hf_rms_2-10Hz,4,T5-V282pool,15.4217,4.3194,8,1,32,6,11.1022,1.9482,16.1126,12.0239,0.9233,True,True
R40_5-8,hf_rms_2-10Hz,4,T5-V282_LOO,15.4217,4.1253,8,1,6,2,11.2964,2.0693,16.2059,12.1448,0.9301,True,False
R40_5-8,hf_rms_2-10Hz,4,T4-V282,10.7477,4.4147,16,1,14,3,6.333,4.719,14.7276,6.5811,0.9623,True,False
R40_5-8,hf_rms_2-10Hz,4,T4-V282old,10.7477,4.3194,16,1,18,3,6.4283,4.8136,14.6467,6.7346,0.9545,True,False
R40_5-8,hf_rms_2-10Hz,4,T4-V282pool,10.7477,4.3194,16,1,32,6,6.4283,4.8587,14.7118,6.672,0.9635,True,True
R40_5-8,hf_rms_2-10Hz,4,T4-V282_LOO,10.7477,4.1253,16,1,6,2,6.6224,4.5939,14.959,6.7457,0.9817,True,False
R40_5-8,hf_rms_2-10Hz,4,V282old-V282,4.3194,4.4147,18,3,14,3,-0.0953,-2.1664,1.074,2.4785,0.0384,False,False
R40_5-8,travel_conc,4,T64-V282,0.1759,0.1738,12,2,14,3,0.0021,-0.0603,0.0832,0.1066,0.0194,False,False
R40_5-8,travel_conc,4,T64-V282old,0.1759,0.1668,12,2,18,3,0.0091,-0.0539,0.084,0.1009,0.0899,False,False
R40_5-8,travel_conc,4,T64-V282pool,0.1759,0.1668,12,2,32,6,0.0091,-0.043,0.0832,0.0908,0.0999,False,True
R40_5-8,travel_conc,4,T64-V282_LOO,0.1759,0.1929,12,2,6,2,-0.017,-0.0721,0.0813,0.1078,0.158,False,False
R40_5-8,travel_conc,4,T64B-V282,0.1769,0.1738,13,1,14,3,0.0032,-0.0498,0.0714,0.0827,0.0382,False,False
R40_5-8,travel_conc,4,T64B-V282old,0.1769,0.1668,13,1,18,3,0.0102,-0.0481,0.0662,0.0828,0.1228,False,False
R40_5-8,travel_conc,4,T64B-V282pool,0.1769,0.1668,13,1,32,6,0.0102,-0.0317,0.0621,0.0702,0.1449,False,True
R40_5-8,travel_conc,4,T64B-V282_LOO,0.1769,0.1929,13,1,6,2,-0.0159,-0.0603,0.0592,0.087,0.1831,False,False
R40_5-8,travel_conc,4,T5-V282,0.1949,0.1738,8,1,14,3,0.0211,-0.0303,0.0998,0.0938,0.2247,False,False
R40_5-8,travel_conc,4,T5-V282old,0.1949,0.1668,8,1,18,3,0.0281,-0.0345,0.0947,0.0935,0.3005,False,False
R40_5-8,travel_conc,4,T5-V282pool,0.1949,0.1668,8,1,32,6,0.0281,-0.0249,0.0919,0.0854,0.3288,False,True
R40_5-8,travel_conc,4,T5-V282_LOO,0.1949,0.1929,8,1,6,2,0.002,-0.051,0.0906,0.0986,0.0201,False,False
R40_5-8,travel_conc,4,T4-V282,0.1965,0.1738,16,1,14,3,0.0227,-0.04,0.0737,0.0867,0.2617,False,False
R40_5-8,travel_conc,4,T4-V282old,0.1965,0.1668,16,1,18,3,0.0297,-0.0457,0.0721,0.0829,0.3583,False,False
R40_5-8,travel_conc,4,T4-V282pool,0.1965,0.1668,16,1,32,6,0.0297,-0.0335,0.0644,0.0708,0.4195,False,True
R40_5-8,travel_conc,4,T4-V282_LOO,0.1965,0.1929,16,1,6,2,0.0036,-0.0572,0.0694,0.0886,0.0404,False,False
R40_5-8,travel_conc,4,V282old-V282,0.1668,0.1738,18,3,14,3,-0.007,-0.0632,0.0626,0.0916,0.0765,False,False
R40_5-8,dwelljump_per100deg,4,T64-V282,0.0,0.0,12,2,14,3,0.0,0.0,0.0,0.0,nan,False,False
R40_5-8,dwelljump_per100deg,4,T64-V282old,0.0,0.0,12,2,18,3,0.0,0.0,0.0,0.0,nan,False,False
R40_5-8,dwelljump_per100deg,4,T64-V282pool,0.0,0.0,12,2,32,6,0.0,0.0,0.0,0.0,nan,False,True
R40_5-8,dwelljump_per100deg,4,T64-V282_LOO,0.0,0.0,12,2,6,2,0.0,0.0,0.0,0.0,nan,False,False
R40_5-8,dwelljump_per100deg,4,T64B-V282,0.0973,0.0,13,1,14,3,0.0973,0.0,0.3412,0.2844,0.342,False,False
R40_5-8,dwelljump_per100deg,4,T64B-V282old,0.0973,0.0,13,1,18,3,0.0973,0.0,0.3412,0.2844,0.342,False,False
R40_5-8,dwelljump_per100deg,4,T64B-V282pool,0.0973,0.0,13,1,32,6,0.0973,0.0,0.3412,0.2844,0.342,False,True
R40_5-8,dwelljump_per100deg,4,T64B-V282_LOO,0.0973,0.0,13,1,6,2,0.0973,0.0,0.3412,0.2844,0.342,False,False
R40_5-8,dwelljump_per100deg,4,T5-V282,0.2204,0.0,8,1,14,3,0.2204,0.0,0.734,0.6142,0.3589,False,False
R40_5-8,dwelljump_per100deg,4,T5-V282old,0.2204,0.0,8,1,18,3,0.2204,0.0,0.734,0.6142,0.3589,False,False
R40_5-8,dwelljump_per100deg,4,T5-V282pool,0.2204,0.0,8,1,32,6,0.2204,0.0,0.734,0.6142,0.3589,False,True
R40_5-8,dwelljump_per100deg,4,T5-V282_LOO,0.2204,0.0,8,1,6,2,0.2204,0.0,0.734,0.6142,0.3589,False,False
R40_5-8,dwelljump_per100deg,4,T4-V282,0.2594,0.0,16,1,14,3,0.2594,0.0,0.6345,0.4465,0.581,False,False
R40_5-8,dwelljump_per100deg,4,T4-V282old,0.2594,0.0,16,1,18,3,0.2594,0.0,0.6345,0.4465,0.581,False,False
R40_5-8,dwelljump_per100deg,4,T4-V282pool,0.2594,0.0,16,1,32,6,0.2594,0.0,0.6345,0.4465,0.581,False,True
R40_5-8,dwelljump_per100deg,4,T4-V282_LOO,0.2594,0.0,16,1,6,2,0.2594,0.0,0.6345,0.4465,0.581,False,False
R40_5-8,dwelljump_per100deg,4,V282old-V282,0.0,0.0,18,3,14,3,0.0,0.0,0.0,0.0,nan,False,False
R40_5-8,rate_lag_excess,5,T64-V282,0.031,0.1,7,2,5,3,-0.069,-0.134,0.021,0.1384,0.4986,False,False
R40_5-8,rate_lag_excess,5,T64-V282old,0.031,0.14,7,2,7,3,-0.109,-0.204,-0.019,0.1452,0.7507,True,False
R40_5-8,rate_lag_excess,5,T64-V282pool,0.031,0.12,7,2,12,6,-0.089,-0.1741,0.001,0.1424,0.625,False,True
R40_5-8,rate_lag_excess,5,T64B-V282,-0.0472,0.1,6,1,5,3,-0.1472,-0.2272,-0.0622,0.1107,1.3298,True,False
R40_5-8,rate_lag_excess,5,T64B-V282old,-0.0472,0.14,6,1,7,3,-0.1872,-0.2972,-0.0922,0.1267,1.4777,True,False
R40_5-8,rate_lag_excess,5,T64B-V282pool,-0.0472,0.12,6,1,12,6,-0.1672,-0.2622,-0.0821,0.1191,1.4034,True,True
R40_5-8,rate_lag_excess,5,T5-V282,0.1792,0.1,4,1,5,3,0.0792,-0.1258,0.2142,0.3009,0.2632,False,False
R40_5-8,rate_lag_excess,5,T5-V282old,0.1792,0.14,4,1,7,3,0.0392,-0.1658,0.1742,0.3106,0.1262,False,False
R40_5-8,rate_lag_excess,5,T5-V282pool,0.1792,0.12,4,1,12,6,0.0592,-0.1458,0.1942,0.3041,0.1947,False,True
R40_5-8,rate_lag_excess,5,T4-V282,0.1954,0.1,8,1,5,3,0.0954,-0.0047,0.1904,0.191,0.4997,False,False
R40_5-8,rate_lag_excess,5,T4-V282old,0.1954,0.14,8,1,7,3,0.0554,-0.0696,0.1604,0.2008,0.276,False,False
R40_5-8,rate_lag_excess,5,T4-V282pool,0.1954,0.12,8,1,12,6,0.0754,-0.0396,0.1755,0.1958,0.3851,False,True
R40_5-8,rate_lag_excess,5,V282old-V282,0.14,0.1,7,3,5,3,0.04,0.01,0.1,0.0687,0.582,True,False
R40_5-8,rate_lag,5,T64-V282,0.33,0.3,7,2,5,3,0.03,-0.045,0.12,0.1387,0.2163,False,False
R40_5-8,rate_lag,5,T64-V282old,0.33,0.34,7,2,7,3,-0.01,-0.1104,0.08,0.1517,0.0659,False,False
R40_5-8,rate_lag,5,T64-V282pool,0.33,0.32,7,2,12,6,0.01,-0.07,0.1,0.1422,0.0703,False,True
R40_5-8,rate_lag,5,T64B-V282,0.255,0.3,6,1,5,3,-0.045,-0.135,0.045,0.1163,0.387,False,False
R40_5-8,rate_lag,5,T64B-V282old,0.255,0.34,6,1,7,3,-0.085,-0.1801,0.01,0.126,0.6747,False,False
R40_5-8,rate_lag,5,T64B-V282pool,0.255,0.32,6,1,12,6,-0.065,-0.155,0.0201,0.1184,0.5488,False,True
R40_5-8,rate_lag,5,T5-V282,0.465,0.3,4,1,5,3,0.165,-0.04,0.3,0.2967,0.5562,False,False
R40_5-8,rate_lag,5,T5-V282old,0.465,0.34,4,1,7,3,0.125,-0.08,0.26,0.2985,0.4188,False,False
R40_5-8,rate_lag,5,T5-V282pool,0.465,0.32,4,1,12,6,0.145,-0.0601,0.28,0.2989,0.4852,False,True
R40_5-8,rate_lag,5,T4-V282,0.475,0.3,8,1,5,3,0.175,0.07,0.27,0.1928,0.9077,True,False
R40_5-8,rate_lag,5,T4-V282old,0.475,0.34,8,1,7,3,0.135,0.01,0.24,0.2009,0.6719,True,False
R40_5-8,rate_lag,5,T4-V282pool,0.475,0.32,8,1,12,6,0.155,0.045,0.26,0.1972,0.7862,True,True
R40_5-8,rate_lag,5,V282old-V282,0.34,0.3,7,3,5,3,0.04,0.01,0.1,0.0742,0.5388,True,False
R40_5-8,rate_gain,5,T64-V282,0.8814,0.884,7,2,5,3,-0.0026,-0.1549,0.3428,0.35,0.0075,False,False
R40_5-8,rate_gain,5,T64-V282old,0.8814,0.8799,7,2,7,3,0.0015,-0.1465,0.3033,0.3028,0.0048,False,False
R40_5-8,rate_gain,5,T64-V282pool,0.8814,0.882,7,2,12,6,-0.0006,-0.1747,0.3048,0.2947,0.002,False,True
R40_5-8,rate_gain,5,T64B-V282,0.759,0.884,6,1,5,3,-0.125,-0.3946,0.2294,0.3978,0.3142,False,False
R40_5-8,rate_gain,5,T64B-V282old,0.759,0.8799,6,1,7,3,-0.1209,-0.3905,0.2265,0.3585,0.3372,False,False
R40_5-8,rate_gain,5,T64B-V282pool,0.759,0.882,6,1,12,6,-0.1229,-0.3921,0.2214,0.3484,0.3529,False,True
R40_5-8,rate_gain,5,T5-V282,1.1382,0.884,4,1,5,3,0.2542,-0.0439,1.0954,0.8176,0.3109,False,False
R40_5-8,rate_gain,5,T5-V282old,1.1382,0.8799,4,1,7,3,0.2583,-0.0399,1.1006,0.7937,0.3254,False,False
R40_5-8,rate_gain,5,T5-V282pool,1.1382,0.882,4,1,12,6,0.2563,-0.0419,1.096,0.7878,0.3253,False,True
R40_5-8,rate_gain,5,T4-V282,0.7639,0.884,8,1,5,3,-0.1201,-0.3545,0.1791,0.357,0.3365,False,False
R40_5-8,rate_gain,5,T4-V282old,0.7639,0.8799,8,1,7,3,-0.1161,-0.3378,0.0711,0.3179,0.3651,False,False
R40_5-8,rate_gain,5,T4-V282pool,0.7639,0.882,8,1,12,6,-0.1181,-0.3398,0.0299,0.2995,0.3942,False,True
R40_5-8,rate_gain,5,V282old-V282,0.8799,0.884,7,3,5,3,-0.0041,-0.1447,0.2951,0.2483,0.0164,False,False
R40_5-8,rate_peak_ratio,5,T64-V282,1.0786,0.8892,7,2,5,3,0.1894,0.0422,0.8939,0.636,0.2978,True,False
R40_5-8,rate_peak_ratio,5,T64-V282old,1.0786,0.8495,7,2,7,3,0.2291,0.0786,0.9636,0.6262,0.3659,True,False
R40_5-8,rate_peak_ratio,5,T64-V282pool,1.0786,0.8699,7,2,12,6,0.2088,0.0676,0.9138,0.6165,0.3386,True,True
R40_5-8,rate_peak_ratio,5,T64B-V282,0.9899,0.8892,6,1,5,3,0.1007,-0.1203,0.3872,0.4406,0.2285,False,False
R40_5-8,rate_peak_ratio,5,T64B-V282old,0.9899,0.8495,6,1,7,3,0.1404,-0.0831,0.4632,0.4289,0.3272,False,False
R40_5-8,rate_peak_ratio,5,T64B-V282pool,0.9899,0.8699,6,1,12,6,0.12,-0.0977,0.42,0.4237,0.2832,False,True
R40_5-8,rate_peak_ratio,5,T5-V282,1.5364,0.8892,4,1,5,3,0.6472,-0.0398,1.0249,0.7449,0.869,False,False
R40_5-8,rate_peak_ratio,5,T5-V282old,1.5364,0.8495,4,1,7,3,0.6869,-0.0001,1.0548,0.7389,0.9297,False,False
R40_5-8,rate_peak_ratio,5,T5-V282pool,1.5364,0.8699,4,1,12,6,0.6666,-0.0205,1.0349,0.7339,0.9083,False,True
R40_5-8,rate_peak_ratio,5,T4-V282,0.9207,0.8892,8,1,5,3,0.0315,-0.1238,0.3164,0.3142,0.1001,False,False
R40_5-8,rate_peak_ratio,5,T4-V282old,0.9207,0.8495,8,1,7,3,0.0712,-0.0866,0.3211,0.2892,0.2461,False,False
R40_5-8,rate_peak_ratio,5,T4-V282pool,0.9207,0.8699,8,1,12,6,0.0508,-0.0984,0.3003,0.2803,0.1812,False,True
R40_5-8,rate_peak_ratio,5,V282old-V282,0.8495,0.8892,7,3,5,3,-0.0397,-0.1365,0.2207,0.1992,0.1993,False,False
R40_5-8,rate_overrun,5,T64-V282,0.0547,0.0017,7,2,5,3,0.053,-0.0982,0.3772,0.2919,0.1814,False,False
R40_5-8,rate_overrun,5,T64-V282old,0.0547,0.0521,7,2,7,3,0.0026,-0.083,0.3536,0.2939,0.0089,False,False
R40_5-8,rate_overrun,5,T64-V282pool,0.0547,0.0394,7,2,12,6,0.0153,-0.0522,0.3654,0.2835,0.0538,False,True
R40_5-8,rate_overrun,5,T64B-V282,0.1428,0.0017,5,1,5,3,0.141,-0.0101,0.2727,0.169,0.8346,False,False
R40_5-8,rate_overrun,5,T64B-V282old,0.1428,0.0521,5,1,7,3,0.0907,-0.067,0.2224,0.181,0.501,False,False
R40_5-8,rate_overrun,5,T64B-V282pool,0.1428,0.0394,5,1,12,6,0.1034,-0.0051,0.238,0.1586,0.6516,False,True
R40_5-8,rate_overrun,5,T5-V282,0.2715,0.0017,3,1,5,3,0.2698,0.1186,0.9897,0.9375,0.2877,True,False
R40_5-8,rate_overrun,5,T5-V282old,0.2715,0.0521,3,1,7,3,0.2194,0.0531,0.955,0.9431,0.2326,True,False
R40_5-8,rate_overrun,5,T5-V282pool,0.2715,0.0394,3,1,12,6,0.2321,0.1099,0.9809,0.9406,0.2467,True,True
R40_5-8,rate_overrun,5,T4-V282,0.1128,0.0017,8,1,5,3,0.1111,-0.04,0.2872,0.2764,0.4019,False,False
R40_5-8,rate_overrun,5,T4-V282old,0.1128,0.0521,8,1,7,3,0.0607,-0.0941,0.247,0.2781,0.2184,False,False
R40_5-8,rate_overrun,5,T4-V282pool,0.1128,0.0394,8,1,12,6,0.0734,-0.0526,0.2573,0.2613,0.2809,False,True
R40_5-8,rate_overrun,5,V282old-V282,0.0521,0.0017,7,3,5,3,0.0503,-0.1008,0.1216,0.1508,0.3338,False,False
R40_5-8,rate_rough,5,T64-V282,0.1489,0.0279,7,2,5,3,0.121,0.0448,0.2571,0.1644,0.7363,True,False
R40_5-8,rate_rough,5,T64-V282old,0.1489,0.0448,7,2,7,3,0.1041,0.024,0.2383,0.1624,0.6412,True,False
R40_5-8,rate_rough,5,T64-V282pool,0.1489,0.0411,7,2,12,6,0.1078,0.0292,0.2496,0.1614,0.668,True,True
R40_5-8,rate_rough,5,T64B-V282,0.1628,0.0279,6,1,5,3,0.1349,0.0796,0.1803,0.0765,1.7647,True,False
R40_5-8,rate_rough,5,T64B-V282old,0.1628,0.0448,6,1,7,3,0.118,0.0609,0.1636,0.075,1.5739,True,False
R40_5-8,rate_rough,5,T64B-V282pool,0.1628,0.0411,6,1,12,6,0.1217,0.0673,0.1721,0.075,1.6238,True,True
R40_5-8,rate_rough,5,T5-V282,0.2284,0.0279,4,1,5,3,0.2005,0.1046,0.5016,0.2984,0.672,True,False
R40_5-8,rate_rough,5,T5-V282old,0.2284,0.0448,4,1,7,3,0.1836,0.0877,0.4849,0.2991,0.614,True,False
R40_5-8,rate_rough,5,T5-V282pool,0.2284,0.0411,4,1,12,6,0.1873,0.0982,0.4884,0.2985,0.6276,True,True
R40_5-8,rate_rough,5,T4-V282,0.1529,0.0279,8,1,5,3,0.125,0.0662,0.2176,0.1018,1.2281,True,False
R40_5-8,rate_rough,5,T4-V282old,0.1529,0.0448,8,1,7,3,0.1081,0.0477,0.2007,0.1006,1.0744,True,False
R40_5-8,rate_rough,5,T4-V282pool,0.1529,0.0411,8,1,12,6,0.1118,0.0625,0.2122,0.1026,1.0892,True,True
R40_5-8,rate_rough,5,V282old-V282,0.0448,0.0279,7,3,5,3,0.0169,-0.0308,0.0312,0.0346,0.4881,False,False
R40_5-8,rate_travel_ratio,5,T64-V282old,0.8267,0.9366,6,2,6,3,-0.1098,-0.1935,0.0241,0.1478,0.7431,False,False
R40_5-8,rate_travel_ratio,5,T64-V282pool,0.8267,0.95,6,2,8,5,-0.1233,-0.1653,0.0022,0.1375,0.8966,False,True
R40_5-8,rate_travel_ratio,5,T64B-V282old,0.8237,0.9366,5,1,6,3,-0.1129,-0.2317,-0.0456,0.1255,0.8993,True,False
R40_5-8,rate_travel_ratio,5,T64B-V282pool,0.8237,0.95,5,1,8,5,-0.1263,-0.2317,-0.0518,0.1117,1.131,True,True
R40_5-8,rate_travel_ratio,5,T5-V282old,0.9061,0.9366,4,1,6,3,-0.0304,-0.1912,0.2136,0.3282,0.0927,False,False
R40_5-8,rate_travel_ratio,5,T5-V282pool,0.9061,0.95,4,1,8,5,-0.0438,-0.1797,0.2134,0.322,0.1362,False,True
R40_5-8,rate_travel_ratio,5,T4-V282old,0.7541,0.9366,8,1,6,3,-0.1825,-0.2518,-0.0614,0.1241,1.4705,True,False
R40_5-8,rate_travel_ratio,5,T4-V282pool,0.7541,0.95,8,1,8,5,-0.1959,-0.2344,-0.0705,0.1143,1.7141,True,True
R40_5-8,rate_conc,5,T64-V282,0.2156,0.1781,7,2,5,3,0.0375,-0.0149,0.058,0.0575,0.6515,False,False
R40_5-8,rate_conc,5,T64-V282old,0.2156,0.2001,7,2,7,3,0.0154,-0.0195,0.0545,0.0514,0.3002,False,False
R40_5-8,rate_conc,5,T64-V282pool,0.2156,0.1973,7,2,12,6,0.0183,-0.0124,0.0545,0.0489,0.3742,False,True
R40_5-8,rate_conc,5,T64B-V282,0.1817,0.1781,6,1,5,3,0.0036,-0.0283,0.0937,0.0925,0.0392,False,False
R40_5-8,rate_conc,5,T64B-V282old,0.1817,0.2001,6,1,7,3,-0.0184,-0.0334,0.0784,0.0876,0.2102,False,False
R40_5-8,rate_conc,5,T64B-V282pool,0.1817,0.1973,6,1,12,6,-0.0156,-0.0282,0.0853,0.0882,0.1765,False,True
R40_5-8,rate_conc,5,T5-V282,0.2212,0.1781,4,1,5,3,0.0431,-0.0027,0.0868,0.0685,0.6293,False,False
R40_5-8,rate_conc,5,T5-V282old,0.2212,0.2001,4,1,7,3,0.0211,-0.0103,0.0776,0.0625,0.3376,False,False
R40_5-8,rate_conc,5,T5-V282pool,0.2212,0.1973,4,1,12,6,0.0239,-0.0075,0.0794,0.0607,0.3947,False,True
R40_5-8,rate_conc,5,T4-V282,0.1981,0.1781,8,1,5,3,0.02,-0.0119,0.0556,0.0583,0.3426,False,False
R40_5-8,rate_conc,5,T4-V282old,0.1981,0.2001,8,1,7,3,-0.0021,-0.0166,0.0521,0.0532,0.039,False,False
R40_5-8,rate_conc,5,T4-V282pool,0.1981,0.1973,8,1,12,6,0.0008,-0.0127,0.0521,0.0499,0.0155,False,True
R40_5-8,rate_conc,5,V282old-V282,0.2001,0.1781,7,3,5,3,0.022,-0.0406,0.0457,0.0661,0.3336,False,False
R40_5-8,rate_hf_per_peak,5,T64-V282,0.1489,0.0428,7,2,5,3,0.1061,0.0016,0.1891,0.1366,0.7766,True,False
R40_5-8,rate_hf_per_peak,5,T64-V282old,0.1489,0.0348,7,2,7,3,0.114,0.0175,0.181,0.1324,0.861,True,False
R40_5-8,rate_hf_per_peak,5,T64-V282pool,0.1489,0.0349,7,2,12,6,0.114,0.0103,0.1834,0.1315,0.8668,True,True
R40_5-8,rate_hf_per_peak,5,T64B-V282,0.1469,0.0428,6,1,5,3,0.1041,0.0386,0.1628,0.0869,1.1984,True,False
R40_5-8,rate_hf_per_peak,5,T64B-V282old,0.1469,0.0348,6,1,7,3,0.1121,0.0466,0.1707,0.0808,1.3875,True,False
R40_5-8,rate_hf_per_peak,5,T64B-V282pool,0.1469,0.0349,6,1,12,6,0.112,0.0473,0.1706,0.0813,1.3773,True,True
R40_5-8,rate_hf_per_peak,5,T5-V282,0.1677,0.0428,4,1,5,3,0.125,0.0596,0.3101,0.185,0.6753,True,False
R40_5-8,rate_hf_per_peak,5,T5-V282old,0.1677,0.0348,4,1,7,3,0.1329,0.0761,0.318,0.1812,0.7336,True,False
R40_5-8,rate_hf_per_peak,5,T5-V282pool,0.1677,0.0349,4,1,12,6,0.1328,0.0754,0.3188,0.1811,0.7337,True,True
R40_5-8,rate_hf_per_peak,5,T4-V282,0.1046,0.0428,8,1,5,3,0.0618,0.0162,0.1251,0.0787,0.7857,True,False
R40_5-8,rate_hf_per_peak,5,T4-V282old,0.1046,0.0348,8,1,7,3,0.0698,0.0257,0.1346,0.0721,0.9674,True,False
R40_5-8,rate_hf_per_peak,5,T4-V282pool,0.1046,0.0349,8,1,12,6,0.0697,0.0249,0.1338,0.0729,0.957,True,True
R40_5-8,rate_hf_per_peak,5,V282old-V282,0.0348,0.0428,7,3,5,3,-0.0079,-0.0385,0.0133,0.0402,0.1974,False,False
R40_5-8,rate_mode_per_peak,5,T64-V282,0.1279,0.0149,7,2,5,3,0.113,0.0207,0.1965,0.1417,0.798,True,False
R40_5-8,rate_mode_per_peak,5,T64-V282old,0.1279,0.0102,7,2,7,3,0.1178,0.0255,0.2005,0.1409,0.8355,True,False
R40_5-8,rate_mode_per_peak,5,T64-V282pool,0.1279,0.0116,7,2,12,6,0.1164,0.0255,0.2018,0.1408,0.8265,True,True
R40_5-8,rate_mode_per_peak,5,T64B-V282,0.0956,0.0149,6,1,5,3,0.0807,0.0151,0.1677,0.1084,0.7444,True,False
R40_5-8,rate_mode_per_peak,5,T64B-V282old,0.0956,0.0102,6,1,7,3,0.0854,0.0246,0.1715,0.1078,0.7926,True,False
R40_5-8,rate_mode_per_peak,5,T64B-V282pool,0.0956,0.0116,6,1,12,6,0.084,0.0243,0.1677,0.1059,0.7936,True,True
R40_5-8,rate_mode_per_peak,5,T5-V282,0.1332,0.0149,4,1,5,3,0.1183,0.0783,0.3163,0.1648,0.718,True,False
R40_5-8,rate_mode_per_peak,5,T5-V282old,0.1332,0.0102,4,1,7,3,0.123,0.0859,0.321,0.1651,0.7452,True,False
R40_5-8,rate_mode_per_peak,5,T5-V282pool,0.1332,0.0116,4,1,12,6,0.1216,0.0891,0.3208,0.165,0.737,True,True
R40_5-8,rate_mode_per_peak,5,T4-V282,0.0861,0.0149,8,1,5,3,0.0712,0.0309,0.1186,0.0689,1.0348,True,False
R40_5-8,rate_mode_per_peak,5,T4-V282old,0.0861,0.0102,8,1,7,3,0.076,0.0341,0.1217,0.0691,1.0999,True,False
R40_5-8,rate_mode_per_peak,5,T4-V282pool,0.0861,0.0116,8,1,12,6,0.0746,0.0351,0.117,0.0667,1.1179,True,True
R40_5-8,rate_mode_per_peak,5,V282old-V282,0.0102,0.0149,7,3,5,3,-0.0047,-0.024,0.0236,0.0292,0.1613,False,False
R40_8-15,mode_ratio_1.8-3Hz,4,T64B-V282old,0.1806,0.0137,9,1,6,3,0.1669,0.0812,0.6129,0.3391,0.4921,True,False
R40_8-15,mode_ratio_1.8-3Hz,4,T64B-V282pool,0.1806,0.0168,9,1,8,5,0.1638,0.0734,0.605,0.3396,0.4824,True,False
R40_8-15,mode_ratio_1.8-3Hz,4,T4-V282old,0.2826,0.0137,10,1,6,3,0.2689,0.1584,0.394,0.1502,1.7905,True,False
R40_8-15,mode_ratio_1.8-3Hz,4,T4-V282pool,0.2826,0.0168,10,1,8,5,0.2658,0.1539,0.3884,0.1511,1.7595,True,False
R40_8-15,hf_ratio_2-10Hz,4,T64B-V282old,0.25,0.0681,9,1,6,3,0.182,0.0779,0.6569,0.3784,0.481,True,False
R40_8-15,hf_ratio_2-10Hz,4,T64B-V282pool,0.25,0.079,9,1,8,5,0.1711,0.0829,0.6528,0.3798,0.4505,True,False
R40_8-15,hf_ratio_2-10Hz,4,T4-V282old,0.3387,0.0681,10,1,6,3,0.2707,0.1218,0.3503,0.1706,1.5862,True,False
R40_8-15,hf_ratio_2-10Hz,4,T4-V282pool,0.3387,0.079,10,1,8,5,0.2598,0.111,0.3378,0.1692,1.5349,True,False
R40_8-15,mode_rms_1.8-3Hz,4,T64B-V282old,7.1627,0.5279,9,1,6,3,6.6348,1.8689,13.8824,8.9936,0.7377,True,False
R40_8-15,mode_rms_1.8-3Hz,4,T64B-V282pool,7.1627,0.7542,9,1,8,5,6.4085,1.8651,13.8824,9.0005,0.712,True,False
R40_8-15,mode_rms_1.8-3Hz,4,T4-V282old,10.1153,0.5279,10,1,6,3,9.5874,7.2838,11.0443,3.0104,3.1847,True,False
R40_8-15,mode_rms_1.8-3Hz,4,T4-V282pool,10.1153,0.7542,10,1,8,5,9.3611,7.1545,11.0371,3.041,3.0783,True,False
R40_8-15,hf_rms_2-10Hz,4,T64B-V282old,7.0407,2.9309,9,1,6,3,4.1097,2.6858,15.3893,14.1527,0.2904,True,False
R40_8-15,hf_rms_2-10Hz,4,T64B-V282pool,7.0407,3.0804,9,1,8,5,3.9602,2.4519,15.39,14.1063,0.2807,True,False
R40_8-15,hf_rms_2-10Hz,4,T4-V282old,11.6992,2.9309,10,1,6,3,8.7682,3.5742,12.932,6.8557,1.279,True,False
R40_8-15,hf_rms_2-10Hz,4,T4-V282pool,11.6992,3.0804,10,1,8,5,8.6188,3.3745,12.7573,6.8544,1.2574,True,False
R40_8-15,travel_conc,4,T64B-V282old,0.1974,0.1558,9,1,6,3,0.0416,-0.0829,0.1089,0.1402,0.2968,False,False
R40_8-15,travel_conc,4,T64B-V282pool,0.1974,0.1558,9,1,8,5,0.0416,-0.0407,0.109,0.1103,0.3775,False,False
R40_8-15,travel_conc,4,T4-V282old,0.2532,0.1558,10,1,6,3,0.0974,-0.0713,0.1996,0.1781,0.5466,False,False
R40_8-15,travel_conc,4,T4-V282pool,0.2532,0.1558,10,1,8,5,0.0974,-0.024,0.2229,0.1593,0.611,False,False
R40_8-15,dwelljump_per100deg,4,T64B-V282old,0.2427,0.0,9,1,6,3,0.2427,0.0,0.926,0.7392,0.3283,False,False
R40_8-15,dwelljump_per100deg,4,T64B-V282pool,0.2427,0.0,9,1,8,5,0.2427,0.0,0.926,0.7392,0.3283,False,False
R40_8-15,dwelljump_per100deg,4,T4-V282old,0.0,0.0,10,1,6,3,0.0,0.0,0.0,0.0,nan,False,False
R40_8-15,dwelljump_per100deg,4,T4-V282pool,0.0,0.0,10,1,8,5,0.0,0.0,0.0,0.0,nan,False,False
R40_8-15,rate_lag_excess,5,T64B-V282pool,-0.0572,0.07,4,1,3,3,-0.1272,-0.3422,0.0078,0.3033,0.4194,False,False
R40_8-15,rate_lag_excess,5,T4-V282pool,0.0054,0.07,6,1,3,3,-0.0646,-0.2996,0.1404,0.3084,0.2094,False,False
R40_8-15,rate_lag,5,T64B-V282pool,0.245,0.27,4,1,3,3,-0.025,-0.24,0.11,0.2878,0.0869,False,False
R40_8-15,rate_lag,5,T4-V282pool,0.285,0.27,6,1,3,3,0.015,-0.215,0.23,0.3144,0.0477,False,False
R40_8-15,rate_gain,5,T64B-V282pool,0.8648,0.9408,4,1,3,3,-0.076,-0.392,0.5476,0.6218,0.1223,False,False
R40_8-15,rate_gain,5,T4-V282pool,1.1228,0.9408,6,1,3,3,0.1819,-0.1887,0.5012,0.5377,0.3384,False,False
R40_8-15,rate_peak_ratio,5,T64B-V282pool,1.2416,0.943,4,1,3,3,0.2986,-0.2328,0.7195,0.6825,0.4375,False,False
R40_8-15,rate_peak_ratio,5,T4-V282pool,1.3065,0.943,6,1,3,3,0.3635,-0.1758,0.689,0.5516,0.659,False,False
R40_8-15,rate_overrun,5,T64B-V282pool,0.3131,0.0234,4,1,3,3,0.2896,0.1873,1.352,0.8225,0.3521,True,False
R40_8-15,rate_overrun,5,T4-V282pool,0.1392,0.0234,6,1,3,3,0.1158,-0.0209,0.319,0.252,0.4594,False,False
R40_8-15,rate_rough,5,T64B-V282pool,0.267,0.0469,4,1,3,3,0.2201,0.1392,0.2723,0.0962,2.287,True,False
R40_8-15,rate_rough,5,T4-V282pool,0.2785,0.0469,6,1,3,3,0.2316,0.106,0.2642,0.1208,1.9172,True,False
R40_8-15,rate_conc,5,T64B-V282pool,0.2508,0.1761,4,1,3,3,0.0748,0.0091,0.1588,0.102,0.7332,True,False
R40_8-15,rate_conc,5,T4-V282pool,0.2477,0.1761,6,1,3,3,0.0716,0.0065,0.169,0.1277,0.5606,True,False
R40_8-15,rate_hf_per_peak,5,T64B-V282pool,0.2161,0.0518,4,1,3,3,0.1642,0.1077,0.2368,0.0901,1.8223,True,False
R40_8-15,rate_hf_per_peak,5,T4-V282pool,0.1691,0.0518,6,1,3,3,0.1173,0.0361,0.1947,0.1192,0.9835,True,False
R40_8-15,rate_mode_per_peak,5,T64B-V282pool,0.1506,0.0201,4,1,3,3,0.1305,0.0905,0.1822,0.0821,1.5899,True,False
R40_8-15,rate_mode_per_peak,5,T4-V282pool,0.1462,0.0201,6,1,3,3,0.1261,0.078,0.2089,0.0819,1.5397,True,False
