========================================================================================================================================================
EXPOSURE: laterally-engaged seconds per speed bin x demand-amplitude stratum
  amplitude stratum = p95 |model desired lateral accel| over a 10.24 s window, FIXED cuts so the
  exposure fractions mean something (terciles would make every stratum 1/3 by construction).
========================================================================================================================================================
group       eng_s      0-8/A1      0-8/A2      0-8/A3     8-15/A1     8-15/A2     8-15/A3    15-22/A1    15-22/A2    15-22/A3      22+/A1      22+/A2      22+/A3
V282         4200    721( 17%)     14(  0%)      0(  0%)    301(  7%)    367(  9%)    157(  4%)    370(  9%)    236(  6%)    102(  2%)    909( 22%)    595( 14%)    427( 10%)
V282old      1822    368( 20%)     37(  2%)     74(  4%)    355( 19%)    169(  9%)     17(  1%)    214( 12%)    136(  7%)     29(  2%)    191( 10%)    214( 12%)     18(  1%)
T64          1194    189( 16%)     24(  2%)      0(  0%)    232( 19%)    136( 11%)     14(  1%)    237( 20%)     73(  6%)     18(  2%)    150( 13%)    121( 10%)      0(  0%)
T64B          740    152( 20%)      0(  0%)     30(  4%)    230( 31%)     55(  7%)     18(  2%)     40(  5%)     79( 11%)     40(  5%)     30(  4%)     24(  3%)     42(  6%)
T5            490     58( 12%)      0(  0%)     29(  6%)     23(  5%)     70( 14%)      0(  0%)    101( 21%)     45(  9%)      0(  0%)     49( 10%)    107( 22%)      8(  2%)
T4            806    157( 19%)     22(  3%)     67(  8%)    185( 23%)    113( 14%)     41(  5%)     24(  3%)     47(  6%)     63(  8%)     30(  4%)     30(  4%)     24(  3%)
T3           1124     79(  7%)     52(  5%)    105(  9%)    167( 15%)     33(  3%)     33(  3%)    269( 24%)     81(  7%)      0(  0%)    133( 12%)    172( 15%)      0(  0%)
T2           1635    191( 12%)     76(  5%)     76(  5%)    229( 14%)    148(  9%)    135(  8%)     73(  4%)    357( 22%)     55(  3%)    128(  8%)     81(  5%)     87(  5%)
TORQ         5989    835( 14%)    167(  3%)    306(  5%)   1081( 18%)    547(  9%)    234(  4%)    722( 12%)    686( 11%)    194(  3%)    527(  9%)    527(  9%)    163(  3%)

  TORQUE pooled 5989 s laterally engaged; V282 reference 4200 s
  where the TORQUE-mode car actually is (its own exposure fractions):
    v 0-8    A1 <0.3:    835s 13.9%   A2 .3-1:    167s  2.8%   A3 >=1:    306s  5.1%
    v 8-15   A1 <0.3:   1081s 18.0%   A2 .3-1:    547s  9.1%   A3 >=1:    234s  3.9%
    v 15-22  A1 <0.3:    722s 12.0%   A2 .3-1:    686s 11.5%   A3 >=1:    194s  3.2%
    v 22+    A1 <0.3:    527s  8.8%   A2 .3-1:    527s  8.8%   A3 >=1:    163s  2.7%

========================================================================================================================================================
BAND 0.06-0.15 Hz   (window 40.96 s, df 0.0244 Hz, 4 bins)
========================================================================================================================================================
speed  amp      group      n   sec   |H|       [95%CI]  coh  flr  sur   sh  Mcoh    bc  Mgai  Mpha  M_al  Minc    lag     gd   Hxz   Hzy  inRMS  ouRMS   rail  sa95 a  why
0-8    A1 <0.3  V282       5   102 0.668     [1 route] 0.91 0.78 0.33 0.07 0.835 0.831 0.337 0.764 0.550 0.203   1555  -1445  1.02  0.66 0.0136 0.0095 0.0000   7.1 .  n<6

8-15   A1 <0.3  V282old    2    41 1.132     [1 route] 0.94 0.95  nan  nan 0.400 0.372 0.164 0.364 0.226 0.294    458   -274  1.02  1.11 0.0373 0.0438 0.0022   7.1 .  n<6,coh
8-15   A1 <0.3  TORQ       2    41 0.546   [0.54,0.90] 0.99 0.95  nan  nan 0.623 0.623 0.455 0.426 0.457 0.040    874    624  1.02  0.54 0.1145 0.0628 0.0000   3.9 .  n<6
8-15   A1 <0.3  T64F       1    20 0.903     [1 route] 1.00 0.95  nan  nan 0.294 0.294 0.252 0.152 0.283 0.000     88    251  1.01  0.90 0.0131 0.0122 0.0000   3.3 .  n<6
8-15   A1 <0.3  T64        1    20 0.903     [1 route] 1.00 0.95  nan  nan 0.294 0.294 0.252 0.152 0.283 0.000     88    251  1.01  0.90 0.0131 0.0122 0.0000   3.3 .  n<6
8-15   A1 <0.3  T2         1    20 0.544     [1 route] 1.00 0.95  nan  nan 0.626 0.626 0.456 0.429 0.459 0.000    880    598  1.02  0.53 0.1614 0.0879 0.0000   4.5 .  n<6

8-15   A2 .3-1  TORQ       3    61 0.940   [0.56,1.19] 0.90 0.95  nan  nan 0.400 0.369 0.126 0.380 0.152 0.310    519    726  1.03  0.91 0.0486 0.0484 0.0000  11.2 .  n<6,coh
8-15   A2 .3-1  T64F       1    20 1.189     [1 route] 1.00 0.95  nan  nan 0.453 0.453 0.216 0.398 0.322 0.000    376   1967  1.00  1.19 0.0241 0.0288 0.0000  11.2 .  n<6
8-15   A2 .3-1  T64B       1    20 1.189     [1 route] 1.00 0.95  nan  nan 0.453 0.453 0.216 0.398 0.322 0.000    376   1967  1.00  1.19 0.0241 0.0288 0.0000  11.2 .  n<6
8-15   A2 .3-1  T4         1    20 1.125     [1 route] 1.00 0.95  nan  nan 0.442 0.442 0.133 0.421 0.160 0.000    522    907  1.05  1.07 0.0671 0.0756 0.0000  16.1 .  n<6
8-15   A2 .3-1  T2         1    20 0.490     [1 route] 1.00 0.95  nan  nan 0.639 0.639 0.511 0.384 0.572 0.000    936     56  1.00  0.49 0.0446 0.0219 0.0000   6.9 .  n<6

8-15   A3 >=1   TORQ       5   102 0.962   [0.95,0.97] 0.99 0.78 0.25 0.05 0.158 0.151 0.047 0.151 0.059 0.119    209    400  1.00  0.96 0.4886 0.4738 0.0000  87.8 .  n<6
8-15   A3 >=1   T64F       1    20 0.954     [1 route] 1.00 0.95  nan  nan 0.601 0.601 0.136 0.585 0.225 0.000    733    283  0.99  0.96 0.0585 0.0563 0.0000  87.8 .  n<6
8-15   A3 >=1   T64B       1    20 0.954     [1 route] 1.00 0.95  nan  nan 0.601 0.601 0.136 0.585 0.225 0.000    733    283  0.99  0.96 0.0585 0.0563 0.0000  87.8 .  n<6
8-15   A3 >=1   T4         2    41 0.966     [1 route] 1.00 0.95  nan  nan 0.212 0.211 0.040 0.208 0.045 0.036    323    345  0.99  0.97 0.5246 0.5075 0.0000 102.9 .  n<6
8-15   A3 >=1   T2         2    41 0.962     [1 route] 0.98 0.95  nan  nan 0.123 0.105 0.058 0.108 0.081 0.129    107    428  1.01  0.95 0.5656 0.5497 0.0000  87.7 .  n<6

15-22  A1 <0.3  V282       1    20 0.806     [1 route] 1.00 0.95  nan  nan 0.284 0.284 0.199 0.203 0.199 0.000    326    303  1.02  0.79 0.0919 0.0742 0.0000   1.7 .  n<6
15-22  A1 <0.3  TORQ       2    41 1.194   [1.17,1.21] 0.98 0.95  nan  nan 0.650 0.645 0.206 0.616 0.254 0.166    749   1415  1.02  1.17 0.0511 0.0618 0.0000   3.9 .  n<6
15-22  A1 <0.3  T64F       1    20 1.213     [1 route] 1.00 0.95  nan  nan 0.503 0.503 0.275 0.422 0.305 0.000    485    887  1.01  1.20 0.0544 0.0667 0.0000   4.0 .  n<6
15-22  A1 <0.3  T64        1    20 1.213     [1 route] 1.00 0.95  nan  nan 0.503 0.503 0.275 0.422 0.305 0.000    485    887  1.01  1.20 0.0544 0.0667 0.0000   4.0 .  n<6
15-22  A1 <0.3  T5         1    20 1.173     [1 route] 1.00 0.95  nan  nan 0.841 0.841 0.230 0.809 0.236 0.000    908   1028  1.03  1.13 0.0476 0.0563 0.0000   3.8 .  n<6

15-22  A2 .3-1  V282       5   102 0.846     [1 route] 0.98 0.78 0.32 0.04 0.309 0.306 0.155 0.268 0.158 0.113    426    277  1.02  0.83 0.1031 0.0880 0.0000   5.0 .  n<6
15-22  A2 .3-1  V282old    2    41 1.408   [1.34,1.47] 0.97 0.95  nan  nan 0.516 0.504 0.449 0.255 0.475 0.224    177   1019  1.01  1.39 0.0591 0.0849 0.0000   8.4 .  n<6
15-22  A2 .3-1  TORQ       7   143 1.126   [0.99,1.24] 0.97 0.63 0.48 0.07 0.212 0.200 0.127 0.169 0.129 0.195    225    384  1.00  1.12 0.1328 0.1518 0.0000   9.3 Y  
15-22  A2 .3-1  T64F       4    82 1.144   [1.03,1.24] 0.97 0.95 0.27 0.12 0.181 0.152 0.146 0.108 0.156 0.198     77    413  0.99  1.15 0.0938 0.1089 0.0000   8.9 .  n<6
15-22  A2 .3-1  T64        1    20 1.031     [1 route] 1.00 0.95  nan  nan 0.160 0.160 0.080 0.139 0.112 0.000     97    541  0.98  1.05 0.1261 0.1303 0.0000   8.5 .  n<6
15-22  A2 .3-1  T64B       3    61 1.239     [1 route] 0.98 0.95  nan  nan 0.273 0.256 0.254 0.100 0.263 0.189     75    334  1.00  1.24 0.0802 0.1008 0.0000   9.3 .  n<6
15-22  A2 .3-1  T4         1    20 1.173     [1 route] 1.00 0.95  nan  nan 0.255 0.255 0.225 0.121 0.254 0.000     65   -112  1.01  1.16 0.0731 0.0863 0.0000   8.6 .  n<6
15-22  A2 .3-1  T3         1    20 0.961     [1 route] 1.00 0.95  nan  nan 0.185 0.185 0.054 0.177 0.067 0.000    310     88  1.00  0.97 0.1951 0.1875 0.0000  10.0 .  n<6
15-22  A2 .3-1  T2         1    20 1.258     [1 route] 1.00 0.95  nan  nan 0.367 0.367 0.263 0.256 0.273 0.000    290    925  1.01  1.24 0.2120 0.2669 0.0000   9.8 .  n<6

15-22  A3 >=1   V282       2    41 0.923     [1 route] 0.99 0.95  nan  nan 0.238 0.235 0.095 0.218 0.108 0.078    369     19  1.01  0.91 0.1811 0.1680 0.0000  11.6 .  n<6

22+    A1 <0.3  V282      18   369 0.657   [0.56,0.83] 0.86 0.31 0.19 0.07 0.425 0.420 0.343 0.251 0.345 0.267    445    268  1.02  0.65 0.0532 0.0377 0.0000   0.9 Y  
22+    A1 <0.3  V282old    4    82 1.431   [1.43,1.98] 0.98 0.95 0.30 0.07 0.625 0.614 0.450 0.433 0.462 0.227    498    -37  1.02  1.40 0.0550 0.0800 0.0000   2.2 .  n<6
22+    A1 <0.3  TORQ       6   123 0.676   [0.37,0.77] 0.83 0.78 0.19 0.19 0.516 0.500 0.327 0.399 0.342 0.314    681   1296  1.02  0.67 0.0400 0.0299 0.0000   1.2 Y  
22+    A1 <0.3  T64F       4    82 0.808     [1 route] 0.84 0.95 0.50 0.20 0.264 0.199 0.214 0.154 0.228 0.346    159    694  1.01  0.80 0.0278 0.0246 0.0000   1.2 .  n<6,coh,surr,bias
22+    A1 <0.3  T64        4    82 0.808     [1 route] 0.84 0.95 0.50 0.20 0.264 0.199 0.214 0.154 0.228 0.346    159    694  1.01  0.80 0.0278 0.0246 0.0000   1.2 .  n<6,coh,surr,bias
22+    A1 <0.3  T3         1    20 0.368     [1 route] 1.00 0.95  nan  nan 0.814 0.814 0.643 0.499 0.677 0.000    926    -35  1.01  0.36 0.0424 0.0164 0.0000   1.1 .  n<6
22+    A1 <0.3  T2         1    20 0.745     [1 route] 1.00 0.95  nan  nan 0.605 0.605 0.277 0.538 0.306 0.000    814   1715  1.03  0.73 0.0687 0.0517 0.0000   2.4 .  n<6

22+    A2 .3-1  V282      35   717 0.870   [0.86,0.90] 0.98 0.16 0.10 0.02 0.234 0.234 0.134 0.193 0.135 0.115    301    167  1.02  0.85 0.1448 0.1271 0.0000   2.7 Y  
22+    A2 .3-1  V282old    9   184 1.383   [1.27,1.47] 0.92 0.53 0.65 0.03 0.512 0.494 0.386 0.336 0.419 0.414    335    999  1.02  1.35 0.0757 0.1094 0.0000   2.8 Y  
22+    A2 .3-1  TORQ      13   266 0.870   [0.76,1.02] 0.92 0.39 0.29 0.02 0.365 0.358 0.143 0.335 0.152 0.257    478    816  1.02  0.86 0.1555 0.1413 0.0000   3.2 Y  
22+    A2 .3-1  T64F       4    82 1.019   [0.87,1.03] 0.98 0.95 0.45 0.02 0.136 0.116 0.067 0.118 0.084 0.141    116    396  1.00  1.02 0.1412 0.1456 0.0000   3.4 .  n<6
22+    A2 .3-1  T64        4    82 1.019   [0.87,1.03] 0.98 0.95 0.45 0.02 0.136 0.116 0.067 0.118 0.084 0.141    116    396  1.00  1.02 0.1412 0.1456 0.0000   3.4 .  n<6
22+    A2 .3-1  T5         1    20 1.069     [1 route] 1.00 0.95  nan  nan 0.525 0.525 0.159 0.500 0.171 0.000    635    462  1.02  1.05 0.1158 0.1249 0.0000   6.4 .  n<6
22+    A2 .3-1  T4         1    20 0.940     [1 route] 1.00 0.95  nan  nan 0.292 0.292 0.130 0.261 0.165 0.000    429    486  1.02  0.93 0.2767 0.2621 0.0000   5.5 .  n<6
22+    A2 .3-1  T3         5   102 0.726   [0.69,1.07] 0.94 0.78 0.27 0.05 0.581 0.576 0.280 0.509 0.281 0.186    852    859  1.03  0.71 0.1541 0.1158 0.0000   2.7 .  n<6
22+    A2 .3-1  T2         2    41 0.944     [1 route] 0.97 0.95  nan  nan 0.418 0.411 0.061 0.413 0.070 0.155    592    815  1.02  0.93 0.1135 0.1087 0.0000   2.9 .  n<6

22+    A3 >=1   V282      30   614 0.943     [1 route] 0.99 0.19 0.13 0.00 0.147 0.146 0.064 0.132 0.065 0.083    205    168  1.01  0.93 0.2684 0.2543 0.0000   7.0 Y  
22+    A3 >=1   TORQ       6   123 1.048   [0.94,1.16] 0.97 0.78 0.38 0.01 0.157 0.137 0.079 0.136 0.088 0.188    185    466  1.01  1.04 0.2499 0.2666 0.0000  11.2 Y  
22+    A3 >=1   T64F       2    41 0.945     [1 route] 1.00 0.95  nan  nan 0.184 0.183 0.060 0.174 0.078 0.024    226    500  1.01  0.94 0.3013 0.2849 0.0000  10.6 .  n<6
22+    A3 >=1   T64B       2    41 0.945     [1 route] 1.00 0.95  nan  nan 0.184 0.183 0.060 0.174 0.078 0.024    226    500  1.01  0.94 0.3013 0.2849 0.0000  10.6 .  n<6
22+    A3 >=1   T2         4    82 1.149   [1.14,1.20] 0.97 0.95 0.33 0.02 0.220 0.199 0.182 0.124 0.197 0.188    146    461  1.01  1.13 0.2198 0.2570 0.0000  11.2 .  n<6


========================================================================================================================================================
BAND 0.15-0.30 Hz   (window 20.48 s, df 0.0488 Hz, 3 bins)
========================================================================================================================================================
speed  amp      group      n   sec   |H|       [95%CI]  coh  flr  sur   sh  Mcoh    bc  Mgai  Mpha  M_al  Minc    lag     gd   Hxz   Hzy  inRMS  ouRMS   rail  sa95 a  why
0-8    A1 <0.3  V282      15   154 0.712     [1 route] 0.87 0.35 0.11 0.03 0.653 0.649 0.294 0.583 0.299 0.269    502    nan  1.06  0.67 0.0072 0.0055 0.0000   7.7 Y  
0-8    A1 <0.3  V282old    2    20 1.113     [1 route] 0.99 0.95  nan  nan 0.407 0.402 0.113 0.391 0.119 0.127    246    nan  1.06  1.05 0.0286 0.0321 0.0000  12.3 .  n<6
0-8    A1 <0.3  TORQ       2    20 0.778   [0.65,0.79] 1.00 0.95  nan  nan 0.656 0.656 0.232 0.614 0.262 0.056    534    nan  1.08  0.72 0.0182 0.0143 0.0000  10.3 .  n<6
0-8    A1 <0.3  T64F       1    10 0.648     [1 route] 1.00 0.95  nan  nan 0.810 0.810 0.364 0.723 0.391 0.000    633    nan  1.03  0.63 0.0059 0.0039 0.0000   4.0 .  n<6
0-8    A1 <0.3  T64        1    10 0.648     [1 route] 1.00 0.95  nan  nan 0.810 0.810 0.364 0.723 0.391 0.000    633    nan  1.03  0.63 0.0059 0.0039 0.0000   4.0 .  n<6
0-8    A1 <0.3  T4         1    10 0.785     [1 route] 1.00 0.95  nan  nan 0.649 0.649 0.228 0.608 0.257 0.000    530    nan  1.08  0.72 0.0251 0.0198 0.0000  16.6 .  n<6

0-8    A2 .3-1  V282       2    20 0.818     [1 route] 1.00 0.95  nan  nan 0.583 0.583 0.193 0.550 0.194 0.019    398    nan  1.07  0.76 0.0310 0.0255 0.0000  18.2 .  n<6
0-8    A2 .3-1  V282old    1    10 0.893     [1 route] 1.00 0.95  nan  nan 0.372 0.372 0.325 0.181 0.372 0.000     20    nan  1.06  0.83 0.0131 0.0123 0.0259  96.3 .  n<6
0-8    A2 .3-1  TORQ       1    10 1.211     [1 route] 1.00 0.95  nan  nan 1.272 1.272 0.227 1.252 0.932 0.000    716    nan  1.23  0.93 0.0050 0.0061 0.0000  15.3 .  n<6
0-8    A2 .3-1  T3         1    10 1.211     [1 route] 1.00 0.95  nan  nan 1.272 1.272 0.227 1.252 0.932 0.000    716    nan  1.23  0.93 0.0050 0.0061 0.0000  15.3 .  n<6

0-8    A3 >=1   V282old    1    10 1.228     [1 route] 1.00 0.95  nan  nan 0.488 0.488 0.230 0.430 0.258 0.000    263    nan  1.08  1.14 0.0289 0.0356 0.0239 177.3 .  n<6
0-8    A3 >=1   TORQ       3    31 1.012   [0.60,1.09] 0.93 0.95  nan  nan 0.683 0.671 0.168 0.662 0.177 0.252    455    nan  1.04  0.97 0.0370 0.0391 0.0000 151.2 .  n<6,coh
0-8    A3 >=1   T64F       1    10 1.088     [1 route] 1.00 0.95  nan  nan 0.729 0.729 0.197 0.702 0.203 0.000    462    nan  1.05  1.03 0.0587 0.0647 0.0000 151.2 .  n<6
0-8    A3 >=1   T64B       1    10 1.088     [1 route] 1.00 0.95  nan  nan 0.729 0.729 0.197 0.702 0.203 0.000    462    nan  1.05  1.03 0.0587 0.0647 0.0000 151.2 .  n<6
0-8    A3 >=1   T5         1    10 1.001     [1 route] 1.00 0.95  nan  nan 0.527 0.527 0.217 0.480 0.247 0.000    257    nan  0.82  1.23 0.0146 0.0150 0.0000  76.8 .  n<6
0-8    A3 >=1   T2         1    10 0.613     [1 route] 1.00 0.95  nan  nan 0.799 0.799 0.390 0.697 0.707 0.000    438    nan  1.08  0.57 0.0209 0.0129 0.0000 172.8 .  n<6

8-15   A1 <0.3  V282       4    41 0.696   [0.58,0.88] 0.91 0.95 0.24 0.14 0.640 0.631 0.311 0.559 0.314 0.212    448    nan  1.07  0.65 0.0234 0.0171 0.0000   3.8 .  n<6,coh
8-15   A1 <0.3  V282old    6    61 1.061     [1 route] 0.95 0.78 0.34 0.01 0.454 0.443 0.117 0.438 0.117 0.240    283    nan  1.07  1.00 0.0467 0.0511 0.0015   6.9 Y  
8-15   A1 <0.3  TORQ      20   205 1.059   [0.82,1.18] 0.92 0.28 0.35 0.01 1.038 1.036 0.061 1.037 0.078 0.317    696    nan  1.03  1.02 0.0501 0.0553 0.0000   4.2 Y  
8-15   A1 <0.3  T64F      11   113 1.173   [1.16,1.20] 0.97 0.45 0.22 0.05 1.160 1.158 0.185 1.145 0.201 0.220    736    nan  1.02  1.15 0.0568 0.0679 0.0000   4.4 Y  
8-15   A1 <0.3  T64        5    51 1.186   [1.17,1.27] 0.98 0.78 0.48 0.00 1.211 1.209 0.196 1.195 0.216 0.192    757    nan  1.02  1.16 0.0593 0.0713 0.0000   3.3 .  n<6
8-15   A1 <0.3  T64B       6    61 1.164     [1 route] 0.96 0.78 0.16 0.09 1.111 1.108 0.183 1.096 0.208 0.226    737    nan  1.02  1.14 0.0547 0.0650 0.0000   4.8 Y  
8-15   A1 <0.3  T4         5    51 0.974     [1 route] 0.94 0.78 0.46 0.04 0.854 0.849 0.055 0.853 0.071 0.239    592    nan  1.06  0.92 0.0391 0.0392 0.0000   3.6 .  n<6
8-15   A1 <0.3  T2         4    41 0.607     [1 route] 0.95 0.95 0.09 0.07 0.698 0.694 0.400 0.572 0.404 0.153    561    nan  1.05  0.58 0.0417 0.0263 0.0000   3.2 .  n<6,coh

8-15   A2 .3-1  V282       2    20 0.844     [1 route] 0.97 0.95  nan  nan 0.482 0.477 0.157 0.456 0.169 0.143    310    nan  1.08  0.78 0.0357 0.0306 0.0000   8.8 .  n<6
8-15   A2 .3-1  V282old    1    10 0.934     [1 route] 1.00 0.95  nan  nan 0.664 0.664 0.101 0.656 0.128 0.000    525    nan  1.05  0.89 0.0301 0.0282 0.0000  19.6 .  n<6
8-15   A2 .3-1  TORQ      12   123 1.103   [0.82,1.36] 0.83 0.45 0.21 0.04 0.928 0.916 0.121 0.920 0.146 0.501    582    nan  1.04  1.07 0.0512 0.0621 0.0000   9.5 Y  
8-15   A2 .3-1  T64F       4    41 1.410   [1.41,1.45] 0.91 0.95 0.47 0.13 0.942 0.916 0.413 0.846 0.434 0.437    444    nan  1.03  1.38 0.0580 0.0857 0.0000  12.7 .  n<6,coh
8-15   A2 .3-1  T64        2    20 1.449     [1 route] 0.91 0.95  nan  nan 1.151 1.129 0.476 1.048 0.485 0.451    578    nan  1.03  1.40 0.0540 0.0824 0.0000   7.6 .  n<6,coh
8-15   A2 .3-1  T64B       2    20 1.413     [1 route] 0.98 0.95  nan  nan 0.828 0.821 0.445 0.699 0.504 0.215    319    nan  1.02  1.38 0.0618 0.0888 0.0000  24.7 .  n<6
8-15   A2 .3-1  T4         3    31 1.045     [1 route] 0.99 0.95  nan  nan 1.134 1.132 0.097 1.130 0.161 0.124    743    nan  1.07  0.98 0.0676 0.0714 0.0000   9.9 .  n<6
8-15   A2 .3-1  T2         5    51 0.510   [0.40,0.56] 0.76 0.78 0.19 0.12 0.705 0.691 0.496 0.501 0.519 0.343    445    nan  1.04  0.49 0.0294 0.0182 0.0000   8.4 .  n<6,coh

8-15   A3 >=1   V282       4    41 0.926   [0.73,0.98] 0.97 0.95 0.26 0.06 0.408 0.398 0.094 0.397 0.105 0.175    305    nan  1.06  0.87 0.0615 0.0581 0.0000  31.8 .  n<6
8-15   A3 >=1   TORQ      11   113 0.991   [0.98,1.18] 0.94 0.45 0.42 0.00 0.516 0.511 0.065 0.512 0.070 0.241    339    nan  1.05  0.95 0.1917 0.1960 0.0000  77.6 Y  
8-15   A3 >=1   T64F       4    41 1.198   [1.14,1.23] 0.93 0.95 0.31 0.03 0.794 0.778 0.199 0.769 0.200 0.322    480    nan  1.05  1.14 0.0650 0.0806 0.0000 102.0 .  n<6,coh
8-15   A3 >=1   T64        2    20 1.234     [1 route] 0.95 0.95  nan  nan 0.833 0.816 0.245 0.796 0.257 0.334    473    nan  1.07  1.17 0.0739 0.0947 0.0000 113.9 .  n<6,coh
8-15   A3 >=1   T64B       2    20 1.142     [1 route] 0.97 0.95  nan  nan 0.747 0.739 0.152 0.731 0.176 0.216    524    nan  1.03  1.11 0.0545 0.0634 0.0000  87.8 .  n<6
8-15   A3 >=1   T4         2    20 0.988     [1 route] 0.98 0.95  nan  nan 0.634 0.631 0.081 0.629 0.083 0.132    433    nan  1.07  0.93 0.3551 0.3552 0.0000  77.6 .  n<6
8-15   A3 >=1   T3         1    10 1.147     [1 route] 1.00 0.95  nan  nan 0.553 0.553 0.313 0.456 0.353 0.000    286    nan  1.20  0.96 0.0669 0.0789 0.0000 129.5 .  n<6
8-15   A3 >=1   T2         4    41 1.014     [1 route] 0.98 0.95 0.59 0.02 0.249 0.236 0.049 0.245 0.050 0.161    172    nan  1.06  0.96 0.1807 0.1856 0.0000  77.2 .  n<6,surr

15-22  A1 <0.3  V282      10   102 0.779   [0.69,0.87] 0.89 0.53 0.27 0.11 0.642 0.636 0.223 0.602 0.230 0.285    435    nan  1.07  0.73 0.0294 0.0244 0.0000   1.1 Y  
15-22  A1 <0.3  V282old    3    31 1.261   [1.24,1.33] 0.99 0.95  nan  nan 0.744 0.741 0.279 0.690 0.293 0.133    441    nan  1.07  1.18 0.0384 0.0489 0.0000   2.5 .  n<6
15-22  A1 <0.3  TORQ      22   225 1.142   [0.96,1.26] 0.93 0.26 0.19 0.01 1.090 1.088 0.163 1.078 0.182 0.323    719    nan  1.03  1.10 0.0589 0.0701 0.0000   2.2 Y  
15-22  A1 <0.3  T64F      10   102 1.287   [1.25,1.37] 0.95 0.53 0.26 0.09 1.226 1.222 0.288 1.191 0.291 0.298    725    nan  1.02  1.26 0.0534 0.0705 0.0000   2.1 Y  
15-22  A1 <0.3  T64        8    82 1.309   [1.30,1.37] 0.94 0.63 0.25 0.08 1.249 1.244 0.311 1.210 0.315 0.322    723    nan  1.03  1.28 0.0484 0.0653 0.0000   2.1 Y  
15-22  A1 <0.3  T64B       2    20 1.253     [1 route] 0.99 0.95  nan  nan 1.195 1.192 0.275 1.163 0.291 0.145    789    nan  1.02  1.23 0.0696 0.0881 0.0000   2.1 .  n<6
15-22  A1 <0.3  T5         3    31 1.290     [1 route] 0.99 0.95  nan  nan 1.277 1.275 0.297 1.242 0.356 0.150    814    nan  1.02  1.26 0.0845 0.1099 0.0000   2.5 .  n<6
15-22  A1 <0.3  T4         1    10 0.981     [1 route] 1.00 0.95  nan  nan 0.981 0.981 0.046 0.980 0.178 0.000    789    nan  1.06  0.92 0.0859 0.0844 0.0000   1.9 .  n<6
15-22  A1 <0.3  T3         7    72 0.872   [0.85,0.98] 0.96 0.63 0.29 0.03 0.721 0.719 0.136 0.708 0.142 0.175    547    nan  1.04  0.84 0.0515 0.0459 0.0000   2.4 Y  
15-22  A1 <0.3  T2         1    10 0.802     [1 route] 1.00 0.95  nan  nan 1.164 1.164 0.217 1.143 0.294 0.000   1018    nan  1.06  0.75 0.0225 0.0182 0.0000   1.3 .  n<6

15-22  A2 .3-1  V282      17   174 0.931   [0.89,0.94] 0.95 0.31 0.11 0.03 0.419 0.416 0.076 0.412 0.082 0.221    281    nan  1.06  0.88 0.0658 0.0630 0.0000   5.9 Y  
15-22  A2 .3-1  V282old    6    61 1.353   [1.35,1.41] 0.96 0.78 0.44 0.06 0.723 0.714 0.359 0.628 0.361 0.284    352    nan  1.08  1.25 0.0649 0.0899 0.0000   8.9 Y  
15-22  A2 .3-1  TORQ      30   307 1.050   [0.89,1.12] 0.90 0.19 0.28 0.01 0.755 0.752 0.063 0.752 0.064 0.359    499    nan  1.04  1.01 0.0966 0.1073 0.0000   8.5 Y  
15-22  A2 .3-1  T64F       8    82 1.217   [1.21,1.37] 0.88 0.63 0.74 0.03 1.037 1.026 0.241 1.009 0.257 0.432    628    nan  1.03  1.19 0.0787 0.1020 0.0000   9.3 .  surr
15-22  A2 .3-1  T64        2    20 1.370     [1 route] 0.92 0.95  nan  nan 0.767 0.739 0.399 0.655 0.432 0.409    333    nan  1.07  1.29 0.0485 0.0697 0.0000   9.3 .  n<6,coh
15-22  A2 .3-1  T64B       6    61 1.212     [1 route] 0.90 0.78 0.37 0.03 1.077 1.065 0.239 1.050 0.252 0.396    654    nan  1.02  1.19 0.0865 0.1107 0.0000   9.4 Y  
15-22  A2 .3-1  T5         2    20 1.052     [1 route] 0.94 0.95  nan  nan 1.063 1.057 0.187 1.046 0.212 0.230    754    nan  1.04  1.02 0.1005 0.1097 0.0000   4.9 .  n<6,coh
15-22  A2 .3-1  T4         2    20 1.009     [1 route] 0.98 0.95  nan  nan 0.940 0.937 0.076 0.937 0.093 0.154    670    nan  1.05  0.97 0.1292 0.1323 0.0000   9.5 .  n<6
15-22  A2 .3-1  T3         4    41 0.846   [0.72,0.91] 0.96 0.95 0.25 0.11 0.656 0.651 0.174 0.633 0.194 0.174    434    nan  1.04  0.82 0.0731 0.0635 0.0000   6.7 .  n<6
15-22  A2 .3-1  T2        14   143 1.064   [0.71,1.09] 0.94 0.39 0.09 0.05 0.612 0.608 0.066 0.608 0.070 0.263    413    nan  1.06  1.00 0.1054 0.1155 0.0000   7.2 Y  

15-22  A3 >=1   V282       5    51 0.973     [1 route] 0.99 0.78 0.36 0.01 0.399 0.397 0.042 0.397 0.042 0.115    278    nan  1.06  0.92 0.0943 0.0924 0.0000  14.5 .  n<6
15-22  A3 >=1   TORQ       9    92 0.973   [0.94,1.02] 0.93 0.53 0.49 0.06 0.668 0.662 0.096 0.661 0.113 0.266    423    nan  1.04  0.94 0.1365 0.1382 0.0000  12.3 .  surr
15-22  A3 >=1   T64F       5    51 1.010   [0.98,1.04] 0.92 0.78 0.47 0.23 0.629 0.616 0.088 0.623 0.126 0.310    378    nan  1.02  0.99 0.1163 0.1233 0.0000  13.5 .  n<6
15-22  A3 >=1   T64        2    20 0.975     [1 route] 0.94 0.95  nan  nan 0.654 0.641 0.126 0.642 0.372 0.265    262    nan  1.02  0.96 0.0893 0.0909 0.0000  10.1 .  n<6,coh
15-22  A3 >=1   T64B       3    31 1.035     [1 route] 0.94 0.95  nan  nan 0.646 0.632 0.090 0.640 0.093 0.269    412    nan  1.02  1.01 0.1312 0.1407 0.0000  13.7 .  n<6,coh
15-22  A3 >=1   T4         2    20 0.966     [1 route] 0.98 0.95  nan  nan 0.794 0.791 0.118 0.785 0.118 0.125    533    nan  1.07  0.91 0.1960 0.1923 0.0000  15.3 .  n<6
15-22  A3 >=1   T2         2    20 0.955     [1 route] 0.96 0.95  nan  nan 0.346 0.333 0.062 0.341 0.062 0.194    241    nan  1.06  0.90 0.1075 0.1049 0.0000  11.3 .  n<6

22+    A1 <0.3  V282      63   645 0.809   [0.80,0.86] 0.88 0.09 0.10 0.01 0.660 0.659 0.216 0.624 0.217 0.309    456    nan  1.07  0.76 0.0364 0.0317 0.0000   0.8 Y  
22+    A1 <0.3  V282old    8    82 1.265   [1.17,1.44] 0.88 0.63 0.27 0.04 0.822 0.806 0.292 0.769 0.293 0.456    449    nan  1.07  1.18 0.0259 0.0350 0.0000   1.2 Y  
22+    A1 <0.3  TORQ      20   205 0.908   [0.72,1.14] 0.92 0.28 0.10 0.01 0.922 0.920 0.194 0.902 0.207 0.271    663    nan  1.03  0.87 0.0541 0.0521 0.0000   1.2 Y  
22+    A1 <0.3  T64F       8    82 1.212     [1 route] 0.95 0.63 0.17 0.04 1.132 1.128 0.218 1.111 0.224 0.265    670    nan  1.03  1.18 0.0470 0.0584 0.0000   1.2 Y  
22+    A1 <0.3  T64        8    82 1.212     [1 route] 0.95 0.63 0.17 0.04 1.132 1.128 0.218 1.111 0.224 0.265    670    nan  1.03  1.18 0.0470 0.0584 0.0000   1.2 Y  
22+    A1 <0.3  T5         1    10 0.926     [1 route] 1.00 0.95  nan  nan 0.887 0.887 0.241 0.853 0.305 0.000    570    nan  1.07  0.87 0.0443 0.0422 0.0000   1.1 .  n<6
22+    A1 <0.3  T4         1    10 0.949     [1 route] 1.00 0.95  nan  nan 0.899 0.899 0.052 0.898 0.109 0.000    733    nan  1.03  0.92 0.0974 0.0924 0.0000   1.8 .  n<6
22+    A1 <0.3  T3         5    51 0.717   [0.71,1.17] 0.96 0.78 0.29 0.03 0.840 0.837 0.294 0.787 0.311 0.173    723    nan  1.04  0.69 0.0686 0.0509 0.0000   0.9 .  n<6
22+    A1 <0.3  T2         5    51 0.723   [0.60,0.79] 0.88 0.78 0.27 0.07 0.738 0.728 0.324 0.663 0.326 0.288    550    nan  1.05  0.69 0.0343 0.0273 0.0000   1.3 .  n<6

22+    A2 .3-1  V282      64   655 0.881   [0.86,0.89] 0.94 0.09 0.09 0.02 0.347 0.346 0.122 0.325 0.125 0.230    220    nan  1.06  0.83 0.0811 0.0739 0.0000   3.0 Y  
22+    A2 .3-1  V282old   22   225 1.368   [1.25,1.39] 0.97 0.26 0.15 0.00 0.661 0.658 0.370 0.547 0.371 0.259    313    nan  1.07  1.27 0.0839 0.1169 0.0000   3.3 Y  
22+    A2 .3-1  TORQ      36   369 0.922   [0.79,1.13] 0.87 0.16 0.11 0.01 0.792 0.790 0.087 0.787 0.094 0.355    549    nan  1.05  0.88 0.1139 0.1126 0.0000   3.1 Y  
22+    A2 .3-1  T64F      13   133 1.176   [1.13,1.43] 0.92 0.39 0.39 0.06 0.704 0.698 0.177 0.681 0.218 0.348    377    nan  1.02  1.16 0.0904 0.1108 0.0000   4.0 Y  
22+    A2 .3-1  T64       12   123 1.173   [1.13,1.20] 0.92 0.45 0.15 0.07 0.702 0.695 0.174 0.680 0.221 0.343    375    nan  1.02  1.16 0.0933 0.1141 0.0000   3.7 Y  
22+    A2 .3-1  T64B       1    10 1.433     [1 route] 1.00 0.95  nan  nan 0.980 0.980 0.461 0.866 0.538 0.000    538    nan  1.06  1.35 0.0410 0.0591 0.0000   4.5 .  n<6
22+    A2 .3-1  T5         4    41 1.032     [1 route] 0.96 0.95 0.35 0.05 1.068 1.063 0.039 1.067 0.068 0.206    726    nan  1.08  0.96 0.1676 0.1764 0.0000   3.7 .  n<6
22+    A2 .3-1  T4         1    10 1.185     [1 route] 1.00 0.95  nan  nan 0.932 0.932 0.208 0.908 0.218 0.000    579    nan  1.08  1.10 0.1075 0.1278 0.0000   2.7 .  n<6
22+    A2 .3-1  T3        15   154 0.765   [0.75,0.90] 0.91 0.35 0.12 0.02 0.739 0.737 0.236 0.700 0.239 0.235    555    nan  1.05  0.73 0.1215 0.0973 0.0000   2.8 Y  
22+    A2 .3-1  T2         3    31 0.918   [0.85,1.06] 0.94 0.95  nan  nan 0.770 0.761 0.092 0.765 0.138 0.234    587    nan  1.07  0.86 0.0715 0.0678 0.0000   3.0 .  n<6,coh

22+    A3 >=1   V282      47   481 0.926     [1 route] 0.96 0.12 0.08 0.01 0.313 0.312 0.089 0.300 0.099 0.205    191    nan  1.06  0.87 0.1098 0.1043 0.0000   7.4 Y  
22+    A3 >=1   V282old    1    10 1.729     [1 route] 1.00 0.95  nan  nan 0.996 0.996 0.775 0.626 0.782 0.000    280    nan  1.09  1.58 0.0450 0.0787 0.0000   8.9 .  n<6
22+    A3 >=1   TORQ      16   164 1.007   [0.91,1.19] 0.88 0.35 0.33 0.06 0.662 0.655 0.050 0.660 0.064 0.375    433    nan  1.04  0.98 0.1471 0.1582 0.0000  10.3 Y  
22+    A3 >=1   T64F       5    51 0.970     [1 route] 0.89 0.78 0.27 0.10 0.577 0.558 0.035 0.575 0.092 0.356    366    nan  1.02  0.96 0.1400 0.1447 0.0000  11.9 .  n<6
22+    A3 >=1   T64B       5    51 0.970     [1 route] 0.89 0.78 0.27 0.10 0.577 0.558 0.035 0.575 0.092 0.356    366    nan  1.02  0.96 0.1400 0.1447 0.0000  11.9 .  n<6
22+    A3 >=1   T4         3    31 0.934     [1 route] 0.97 0.95  nan  nan 0.975 0.971 0.097 0.970 0.131 0.172    691    nan  1.07  0.88 0.1792 0.1706 0.0000   5.8 .  n<6
22+    A3 >=1   T2         8    82 1.131   [1.01,1.29] 0.94 0.63 0.27 0.05 0.562 0.553 0.150 0.542 0.152 0.293    335    nan  1.07  1.06 0.1379 0.1614 0.0000  11.1 Y  


========================================================================================================================================================
BAND 0.30-0.60 Hz   (window 10.24 s, df 0.0977 Hz, 3 bins)
========================================================================================================================================================
speed  amp      group      n   sec   |H|       [95%CI]  coh  flr  sur   sh  Mcoh    bc  Mgai  Mpha  M_al  Minc    lag     gd   Hxz   Hzy  inRMS  ouRMS   rail  sa95 a  why
0-8    A1 <0.3  V282      52   266 0.936   [0.77,1.09] 0.68 0.11 0.05 0.03 0.810 0.805 0.076 0.807 0.114 0.650    293    nan  1.22  0.79 0.0039 0.0045 0.0012   8.2 Y  
0-8    A1 <0.3  V282old   10    51 0.967     [1 route] 0.93 0.53 0.45 0.06 0.980 0.976 0.045 0.978 0.063 0.269    342    nan  1.19  0.81 0.0113 0.0114 0.0000  12.7 Y  
0-8    A1 <0.3  TORQ      30   154 0.741   [0.53,0.99] 0.56 0.19 0.12 0.13 1.018 1.010 0.299 0.973 0.333 0.682    400    nan  1.07  0.68 0.0083 0.0084 0.0000   5.0 Y  
0-8    A1 <0.3  T64F      13    67 0.665   [0.58,0.94] 0.59 0.39 0.20 0.17 1.036 1.025 0.341 0.978 0.370 0.550    406    nan  1.07  0.63 0.0080 0.0069 0.0000   4.5 Y  
0-8    A1 <0.3  T64        8    41 0.663   [0.58,0.94] 0.59 0.63 0.21 0.14 1.119 1.102 0.348 1.063 0.361 0.556    451    nan  1.05  0.64 0.0039 0.0034 0.0000   3.8 .  coh
0-8    A1 <0.3  T64B       5    26 0.667     [1 route] 0.60 0.78 0.56 0.16 1.024 0.999 0.344 0.964 0.379 0.544    403    nan  1.07  0.63 0.0120 0.0104 0.0000   8.1 .  n<6,coh,surr
0-8    A1 <0.3  T5         2    10 0.757     [1 route] 0.98 0.95  nan  nan 1.174 1.173 0.245 1.148 0.252 0.096    494    nan  1.14  0.67 0.0069 0.0052 0.0000   4.0 .  n<6
0-8    A1 <0.3  T4         7    36 1.049     [1 route] 0.78 0.63 0.39 0.04 1.212 1.192 0.104 1.208 0.322 0.623    449    nan  1.11  0.97 0.0104 0.0127 0.0000   9.7 Y  
0-8    A1 <0.3  T3         3    15 0.626     [1 route] 0.80 0.95  nan  nan 0.807 0.796 0.415 0.692 0.570 0.266    195    nan  0.95  0.65 0.0044 0.0031 0.0000   4.3 .  n<6,coh
0-8    A1 <0.3  T2         5    26 0.632     [1 route] 0.46 0.78 0.24 0.26 0.804 0.749 0.381 0.708 0.762 0.717    191    nan  1.20  0.52 0.0080 0.0077 0.0000   4.5 .  n<6,coh

0-8    A2 .3-1  V282       1     5 0.931     [1 route] 1.00 0.95  nan  nan 0.875 0.875 0.168 0.859 0.274 0.000    285    nan  1.16  0.79 0.0073 0.0069 0.0000  28.4 .  n<6
0-8    A2 .3-1  V282old    1     5 1.531     [1 route] 1.00 0.95  nan  nan 1.195 1.195 0.689 0.976 0.700 0.000    278    nan  1.28  1.20 0.0228 0.0363 0.0518 122.1 .  n<6
0-8    A2 .3-1  TORQ       6    31 1.942   [0.81,2.91] 0.69 0.78 1.06 0.62 1.631 1.496 1.123 1.183 1.285 1.589    230    nan  1.07  1.90 0.0188 0.0485 0.0000 124.9 .  coh,surr
0-8    A2 .3-1  T64F       1     5 1.045     [1 route] 1.00 0.95  nan  nan 0.965 0.965 0.384 0.885 0.915 0.000   -246    nan  0.90  1.15 0.0116 0.0129 0.0000 126.8 .  n<6
0-8    A2 .3-1  T64        1     5 1.045     [1 route] 1.00 0.95  nan  nan 0.965 0.965 0.384 0.885 0.915 0.000   -246    nan  0.90  1.15 0.0116 0.0129 0.0000 126.8 .  n<6
0-8    A2 .3-1  T4         1     5 3.189     [1 route] 1.00 0.95  nan  nan 3.072 3.072 2.582 1.666 2.754 0.000    267    nan  1.23  2.65 0.0319 0.1108 0.0000 165.8 .  n<6
0-8    A2 .3-1  T3         2    10 0.903     [1 route] 0.72 0.95  nan  nan 1.203 1.173 0.302 1.165 0.560 0.539    349    nan  0.91  1.03 0.0155 0.0169 0.0000  71.4 .  n<6,coh
0-8    A2 .3-1  T2         2    10 1.319     [1 route] 0.81 0.95  nan  nan 0.603 0.506 0.456 0.395 0.489 0.656    127    nan  1.19  1.14 0.0155 0.0234 0.0000 160.9 .  n<6,coh

0-8    A3 >=1   V282old    2    10 0.903   [0.71,1.64] 0.80 0.95  nan  nan 1.144 1.124 0.234 1.120 0.248 0.428    403    nan  1.23  0.77 0.0341 0.0348 0.0239 173.2 .  n<6,coh
0-8    A3 >=1   TORQ      11    56 1.140   [0.94,1.63] 0.77 0.45 0.30 0.05 1.045 1.021 0.374 0.976 0.382 0.767    305    nan  0.99  1.18 0.0579 0.0820 0.0000 151.8 Y  
0-8    A3 >=1   T64F       1     5 1.511     [1 route] 1.00 0.95  nan  nan 1.245 1.245 0.550 1.117 0.585 0.000    332    nan  1.15  1.31 0.0333 0.0508 0.0000 174.2 .  n<6
0-8    A3 >=1   T64B       1     5 1.511     [1 route] 1.00 0.95  nan  nan 1.245 1.245 0.550 1.117 0.585 0.000    332    nan  1.15  1.31 0.0333 0.0508 0.0000 174.2 .  n<6
0-8    A3 >=1   T5         1     5 1.500     [1 route] 1.00 0.95  nan  nan 1.204 1.204 0.693 0.984 0.907 0.000    200    nan  1.03  1.48 0.0177 0.0278 0.0000  81.5 .  n<6
0-8    A3 >=1   T4         3    15 0.908     [1 route] 0.72 0.95  nan  nan 0.947 0.878 0.121 0.939 0.217 0.709    347    nan  1.00  0.94 0.0647 0.0746 0.0000 186.0 .  n<6,coh
0-8    A3 >=1   T3         4    20 1.240     [1 route] 0.91 0.95 0.18 0.15 1.201 1.171 0.422 1.124 0.436 0.530    334    nan  0.97  1.26 0.0675 0.0940 0.0000 137.5 .  n<6,coh
0-8    A3 >=1   T2         2    10 1.684     [1 route] 0.95 0.95  nan  nan 1.468 1.455 1.204 0.841 1.292 0.396     91    nan  1.24  1.42 0.0484 0.0965 0.0000 185.5 .  n<6

8-15   A1 <0.3  V282      23   118 0.735   [0.71,0.80] 0.80 0.24 0.22 0.09 0.814 0.811 0.265 0.770 0.267 0.387    322    nan  1.17  0.63 0.0109 0.0090 0.0000   2.0 Y  
8-15   A1 <0.3  V282old   21   108 1.285   [1.28,1.31] 0.90 0.26 0.17 0.09 0.934 0.930 0.293 0.887 0.295 0.416    285    nan  1.18  1.09 0.0175 0.0237 0.0000   3.9 Y  
8-15   A1 <0.3  TORQ      83   425 0.928   [0.77,1.02] 0.77 0.07 0.09 0.02 1.114 1.112 0.074 1.111 0.086 0.527    431    nan  1.03  0.89 0.0177 0.0189 0.0000   3.4 Y  
8-15   A1 <0.3  T64F      42   215 1.011   [0.95,1.08] 0.82 0.14 0.07 0.01 1.129 1.127 0.023 1.129 0.055 0.491    417    nan  1.03  0.98 0.0213 0.0240 0.0000   4.0 Y  
8-15   A1 <0.3  T64       17    87 1.030   [0.95,1.08] 0.86 0.31 0.18 0.05 1.253 1.249 0.054 1.252 0.108 0.426    472    nan  1.04  0.99 0.0238 0.0265 0.0000   3.3 Y  
8-15   A1 <0.3  T64B      25   128 1.012     [1 route] 0.81 0.22 0.29 0.00 1.009 1.004 0.024 1.009 0.041 0.510    361    nan  1.03  0.98 0.0195 0.0220 0.0000   4.3 Y  
8-15   A1 <0.3  T5         1     5 1.239     [1 route] 1.00 0.95  nan  nan 1.610 1.610 0.286 1.585 0.327 0.000    585    nan  1.19  1.04 0.0239 0.0298 0.0000   5.3 .  n<6
8-15   A1 <0.3  T4        18    92 0.770     [1 route] 0.79 0.31 0.30 0.00 1.203 1.198 0.237 1.179 0.240 0.448    536    nan  1.06  0.73 0.0147 0.0131 0.0000   3.4 Y  
8-15   A1 <0.3  T3         5    26 0.450   [0.43,1.21] 0.54 0.78 0.31 0.15 1.037 1.022 0.562 0.871 0.567 0.419    470    nan  1.03  0.45 0.0144 0.0090 0.0000   1.8 .  n<6,coh,surr
8-15   A1 <0.3  T2        17    87 0.666   [0.67,0.70] 0.65 0.31 0.14 0.09 0.797 0.784 0.337 0.722 0.355 0.606    298    nan  1.16  0.58 0.0095 0.0086 0.0000   2.5 Y  

8-15   A2 .3-1  V282      28   143 1.017   [0.97,1.10] 0.93 0.21 0.19 0.02 0.769 0.767 0.024 0.769 0.063 0.278    257    nan  1.19  0.85 0.0244 0.0258 0.0000  12.3 Y  
8-15   A2 .3-1  V282old   10    51 1.043   [0.94,1.24] 0.87 0.53 0.67 0.02 0.844 0.833 0.060 0.842 0.080 0.427    305    nan  1.13  0.93 0.0308 0.0347 0.0000  12.9 .  surr
8-15   A2 .3-1  TORQ      42   215 1.195   [1.13,1.30] 0.79 0.14 0.09 0.01 1.178 1.174 0.214 1.158 0.216 0.642    396    nan  1.05  1.10 0.0318 0.0433 0.0000  10.2 Y  
8-15   A2 .3-1  T64F      16    82 1.310   [1.22,1.59] 0.74 0.35 0.35 0.03 1.197 1.180 0.327 1.152 0.330 0.817    377    nan  1.03  1.28 0.0278 0.0431 0.0000  10.5 Y  
8-15   A2 .3-1  T64       10    51 1.366   [1.29,1.59] 0.87 0.53 0.61 0.16 1.148 1.135 0.390 1.080 0.392 0.547    347    nan  1.02  1.34 0.0314 0.0463 0.0000   9.9 Y  
8-15   A2 .3-1  T64B       6    31 1.216     [1 route] 0.51 0.78 0.46 0.21 1.502 1.404 0.271 1.477 0.278 1.305    520    nan  1.05  1.16 0.0207 0.0370 0.0000  19.1 .  coh
8-15   A2 .3-1  T5         3    15 1.164     [1 route] 0.80 0.95  nan  nan 1.257 1.223 0.230 1.236 0.256 0.582    461    nan  1.02  1.14 0.0513 0.0672 0.0000  37.5 .  n<6,coh
8-15   A2 .3-1  T4        11    56 1.185     [1 route] 0.90 0.45 0.39 0.09 1.185 1.179 0.211 1.166 0.236 0.421    388    nan  1.11  1.07 0.0426 0.0538 0.0000   9.4 Y  
8-15   A2 .3-1  T3         1     5 0.870     [1 route] 1.00 0.95  nan  nan 1.085 1.085 0.429 0.997 0.776 0.000    203    nan  1.09  0.82 0.0171 0.0164 0.0000   3.4 .  n<6
8-15   A2 .3-1  T2        11    56 0.937   [0.94,0.96] 0.60 0.45 0.46 0.03 0.973 0.940 0.113 0.967 0.118 0.878    356    nan  1.17  0.82 0.0136 0.0175 0.0000   7.9 Y  

8-15   A3 >=1   V282      12    61 1.187   [0.94,1.22] 0.91 0.45 0.55 0.04 0.728 0.720 0.191 0.702 0.199 0.369    219    nan  1.19  1.00 0.0310 0.0386 0.0000  23.2 Y  
8-15   A3 >=1   V282old    1     5 1.731     [1 route] 1.00 0.95  nan  nan 1.598 1.598 0.735 1.419 0.877 0.000    313    nan  1.22  1.41 0.0503 0.0872 0.0000 112.5 .  n<6
8-15   A3 >=1   TORQ      18    92 1.356   [1.05,1.48] 0.79 0.31 0.26 0.10 1.033 1.018 0.485 0.912 0.507 0.741    236    nan  1.05  1.27 0.0600 0.0949 0.0000  78.2 Y  
8-15   A3 >=1   T64F       3    15 1.317   [0.51,1.47] 0.88 0.95  nan  nan 1.259 1.233 0.334 1.214 0.335 0.513    376    nan  1.06  1.24 0.0454 0.0643 0.0000  80.8 .  n<6,coh
8-15   A3 >=1   T64        1     5 0.512     [1 route] 1.00 0.95  nan  nan 1.328 1.328 0.604 1.183 0.766 0.000    691    nan  1.03  0.53 0.0289 0.0180 0.0000  80.8 .  n<6
8-15   A3 >=1   T64B       2    10 1.474     [1 route] 0.98 0.95  nan  nan 1.341 1.335 0.499 1.244 0.502 0.252    377    nan  1.07  1.38 0.0517 0.0777 0.0000  76.3 .  n<6
8-15   A3 >=1   T4         4    20 1.513     [1 route] 0.91 0.95 0.51 0.16 1.462 1.436 0.698 1.284 0.717 0.540    345    nan  1.02  1.43 0.0844 0.1414 0.0000  84.1 .  n<6,coh
8-15   A3 >=1   T3         1     5 0.753     [1 route] 1.00 0.95  nan  nan 1.181 1.181 0.891 0.776 1.089 0.000    440    nan  1.08  0.71 0.0292 0.0333 0.0000  91.9 .  n<6
8-15   A3 >=1   T2        10    51 1.385   [1.15,1.41] 0.86 0.53 0.37 0.12 0.651 0.623 0.450 0.471 0.458 0.601    122    nan  1.16  1.21 0.0542 0.0828 0.0000  77.9 Y  

15-22  A1 <0.3  V282      47   241 0.960   [0.63,1.06] 0.65 0.12 0.10 0.01 1.012 1.007 0.125 1.005 0.126 0.738    355    nan  1.19  0.81 0.0134 0.0162 0.0000   1.1 Y  
15-22  A1 <0.3  V282old   22   113 1.386   [1.35,1.61] 0.81 0.26 0.32 0.14 1.313 1.305 0.397 1.252 0.398 0.697    369    nan  1.18  1.17 0.0168 0.0261 0.0000   1.7 Y  
15-22  A1 <0.3  TORQ      82   420 1.205   [1.06,1.32] 0.78 0.07 0.08 0.03 1.522 1.520 0.212 1.507 0.215 0.645    519    nan  1.05  1.09 0.0199 0.0272 0.0000   1.9 Y  
15-22  A1 <0.3  T64F      32   164 1.343   [1.31,1.44] 0.88 0.18 0.21 0.00 1.651 1.649 0.350 1.613 0.354 0.498    538    nan  1.06  1.28 0.0224 0.0321 0.0000   2.0 Y  
15-22  A1 <0.3  T64       26   133 1.345   [1.31,1.44] 0.89 0.22 0.08 0.02 1.639 1.636 0.354 1.600 0.357 0.480    539    nan  1.06  1.28 0.0237 0.0339 0.0000   2.0 Y  
15-22  A1 <0.3  T64B       6    31 1.334     [1 route] 0.82 0.78 0.24 0.26 1.775 1.756 0.336 1.742 0.369 0.628    560    nan  1.07  1.27 0.0156 0.0230 0.0000   1.8 Y  
15-22  A1 <0.3  T5         9    46 1.090     [1 route] 0.83 0.53 0.43 0.02 1.418 1.410 0.173 1.407 0.237 0.481    505    nan  1.08  1.01 0.0263 0.0316 0.0000   3.2 Y  
15-22  A1 <0.3  T4         3    15 1.319     [1 route] 0.79 0.95  nan  nan 1.750 1.710 0.358 1.713 0.443 0.746    578    nan  1.07  1.23 0.0143 0.0218 0.0000   2.0 .  n<6,coh
15-22  A1 <0.3  T3        30   154 1.096   [0.87,1.17] 0.66 0.19 0.31 0.19 1.410 1.403 0.134 1.404 0.135 0.790    483    nan  1.07  1.03 0.0165 0.0224 0.0000   1.5 Y  
15-22  A1 <0.3  T2         8    41 0.880   [0.84,1.28] 0.48 0.63 0.17 0.06 1.246 1.201 0.130 1.239 0.204 0.938    501    nan  1.20  0.74 0.0131 0.0169 0.0000   1.1 .  coh

15-22  A2 .3-1  V282      30   154 1.047   [1.04,1.98] 0.85 0.19 0.11 0.03 0.811 0.807 0.091 0.806 0.128 0.452    246    nan  1.17  0.90 0.0256 0.0292 0.0000   6.0 Y  
15-22  A2 .3-1  V282old   14    72 1.526   [1.25,1.61] 0.89 0.39 0.27 0.04 1.220 1.212 0.529 1.100 0.537 0.544    321    nan  1.19  1.29 0.0268 0.0434 0.0000   6.9 Y  
15-22  A2 .3-1  TORQ      78   399 1.231   [1.04,1.54] 0.74 0.08 0.13 0.03 1.287 1.284 0.282 1.256 0.283 0.767    403    nan  1.07  1.13 0.0346 0.0505 0.0000   7.7 Y  
15-22  A2 .3-1  T64F      20   102 1.582   [1.41,1.64] 0.73 0.28 0.15 0.06 1.670 1.656 0.590 1.562 0.592 0.970    436    nan  1.05  1.52 0.0300 0.0558 0.0000   8.6 Y  
15-22  A2 .3-1  T64        8    41 1.456   [1.41,1.54] 0.83 0.63 0.11 0.17 1.529 1.510 0.460 1.458 0.466 0.672    442    nan  1.06  1.38 0.0271 0.0435 0.0000   6.4 Y  
15-22  A2 .3-1  T64B      12    61 1.643     [1 route] 0.70 0.45 0.35 0.01 1.740 1.712 0.657 1.611 0.658 1.076    439    nan  1.05  1.58 0.0318 0.0627 0.0000   9.7 Y  
15-22  A2 .3-1  T5         4    20 0.851     [1 route] 0.93 0.95 0.36 0.15 1.286 1.281 0.153 1.277 0.153 0.246    565    nan  1.05  0.81 0.0617 0.0547 0.0000   5.6 .  n<6,coh
15-22  A2 .3-1  T4         6    31 1.939     [1 route] 0.89 0.78 0.56 0.40 2.067 2.044 0.986 1.816 0.987 0.756    472    nan  1.06  1.83 0.0372 0.0782 0.0000  11.2 Y  
15-22  A2 .3-1  T3         9    46 0.971   [0.87,1.05] 0.81 0.53 0.39 0.11 1.131 1.121 0.059 1.129 0.105 0.469    411    nan  1.04  0.93 0.0292 0.0315 0.0000   5.7 Y  
15-22  A2 .3-1  T2        39   200 1.191   [1.16,1.35] 0.82 0.15 0.15 0.07 1.050 1.046 0.220 1.027 0.223 0.597    328    nan  1.17  1.02 0.0336 0.0449 0.0000   7.3 Y  

15-22  A3 >=1   V282      13    67 1.084     [1 route] 0.86 0.39 0.21 0.07 0.897 0.889 0.172 0.880 0.197 0.442    268    nan  1.19  0.92 0.0259 0.0305 0.0000  14.6 Y  
15-22  A3 >=1   V282old    3    15 1.612     [1 route] 0.98 0.95  nan  nan 0.982 0.974 0.613 0.767 0.614 0.245    219    nan  1.16  1.39 0.0715 0.1166 0.0000  20.6 .  n<6
15-22  A3 >=1   TORQ      22   113 1.528   [1.38,1.61] 0.79 0.26 0.30 0.04 1.367 1.355 0.575 1.240 0.576 0.827    356    nan  1.05  1.42 0.0481 0.0843 0.0000  13.4 Y  
15-22  A3 >=1   T64F       8    41 1.430   [1.24,1.47] 0.80 0.63 0.32 0.04 1.235 1.198 0.476 1.139 0.477 0.841    328    nan  1.04  1.39 0.0506 0.0846 0.0000  13.4 Y  
15-22  A3 >=1   T64        2    10 1.236     [1 route] 0.79 0.95  nan  nan 1.561 1.516 0.693 1.399 0.718 0.748    438    nan  1.02  1.20 0.0346 0.0549 0.0000  12.2 .  n<6,coh
15-22  A3 >=1   T64B       6    31 1.470     [1 route] 0.82 0.78 0.58 0.00 1.220 1.176 0.499 1.114 0.500 0.801    316    nan  1.04  1.42 0.0549 0.0924 0.0000  14.1 Y  
15-22  A3 >=1   T4         8    41 1.622     [1 route] 0.85 0.63 0.64 0.13 1.526 1.507 0.689 1.361 0.692 0.685    402    nan  1.09  1.50 0.0560 0.1000 0.0000  13.4 Y  
15-22  A3 >=1   T2         6    31 1.594     [1 route] 0.71 0.78 0.68 0.33 1.252 1.179 0.600 1.099 0.676 1.032    241    nan  1.19  1.35 0.0297 0.0564 0.0000  13.6 .  coh

22+    A1 <0.3  V282     168   860 1.277   [1.07,1.30] 0.78 0.04 0.04 0.01 1.347 1.346 0.314 1.310 0.318 0.683    410    nan  1.20  1.07 0.0204 0.0297 0.0000   0.8 Y  
22+    A1 <0.3  V282old   32   164 1.557   [1.42,1.84] 0.85 0.18 0.08 0.02 1.419 1.414 0.568 1.300 0.570 0.643    361    nan  1.21  1.29 0.0291 0.0491 0.0000   1.2 Y  
22+    A1 <0.3  TORQ      81   415 1.423   [1.22,1.50] 0.89 0.07 0.08 0.02 1.632 1.631 0.430 1.574 0.450 0.517    499    nan  1.04  1.32 0.0334 0.0506 0.0000   1.3 Y  
22+    A1 <0.3  T64F      31   159 1.507   [1.47,1.69] 0.93 0.18 0.18 0.02 1.687 1.685 0.510 1.608 0.529 0.403    499    nan  1.04  1.45 0.0455 0.0710 0.0000   1.6 Y  
22+    A1 <0.3  T64       26   133 1.478   [1.43,1.49] 0.95 0.22 0.15 0.03 1.683 1.682 0.479 1.614 0.499 0.357    507    nan  1.04  1.42 0.0458 0.0697 0.0000   1.5 Y  
22+    A1 <0.3  T64B       5    26 1.691     [1 route] 0.92 0.78 0.58 0.07 1.744 1.734 0.731 1.584 0.746 0.474    452    nan  1.03  1.64 0.0438 0.0776 0.0000   1.6 .  n<6
22+    A1 <0.3  T5         6    31 1.274     [1 route] 0.80 0.78 0.36 0.07 1.487 1.465 0.299 1.456 0.350 0.622    513    nan  1.18  1.07 0.0282 0.0401 0.0000   1.2 Y  
22+    A1 <0.3  T4         5    26 1.444     [1 route] 0.91 0.78 0.73 0.09 1.607 1.595 0.479 1.534 0.499 0.474    461    nan  1.06  1.32 0.0276 0.0423 0.0000   1.8 .  n<6,surr
22+    A1 <0.3  T3        20   102 1.147   [1.06,1.30] 0.78 0.28 0.19 0.01 1.565 1.558 0.233 1.547 0.254 0.624    546    nan  1.04  1.11 0.0232 0.0306 0.0000   1.2 Y  
22+    A1 <0.3  T2        19    97 1.204   [1.06,1.26] 0.73 0.28 0.27 0.07 1.457 1.448 0.333 1.419 0.340 0.731    460    nan  1.20  1.02 0.0187 0.0269 0.0000   1.1 Y  

22+    A2 .3-1  V282     110   563 1.115   [1.05,1.13] 0.83 0.05 0.09 0.01 0.891 0.890 0.158 0.877 0.192 0.530    260    nan  1.19  0.94 0.0342 0.0424 0.0000   2.7 Y  
22+    A2 .3-1  V282old   36   184 1.516   [1.44,1.63] 0.92 0.16 0.38 0.01 1.153 1.150 0.523 1.027 0.525 0.459    273    nan  1.20  1.26 0.0516 0.0818 0.0000   3.4 Y  
22+    A2 .3-1  TORQ      81   415 1.214   [1.11,1.33] 0.82 0.07 0.07 0.01 1.295 1.293 0.238 1.273 0.248 0.584    423    nan  1.06  1.11 0.0437 0.0591 0.0000   3.2 Y  
22+    A2 .3-1  T64F      25   128 1.338   [1.31,1.45] 0.84 0.22 0.27 0.02 1.366 1.361 0.359 1.318 0.378 0.596    415    nan  1.04  1.29 0.0535 0.0786 0.0000   3.8 Y  
22+    A2 .3-1  T64       21   108 1.324   [1.30,1.36] 0.83 0.26 0.50 0.01 1.361 1.355 0.353 1.315 0.376 0.616    417    nan  1.04  1.28 0.0549 0.0805 0.0000   3.8 Y  
22+    A2 .3-1  T64B       4    20 1.445     [1 route] 0.95 0.95 0.30 0.02 1.422 1.411 0.450 1.348 0.451 0.346    407    nan  1.04  1.39 0.0454 0.0675 0.0000   3.8 .  n<6
22+    A2 .3-1  T5        13    67 1.140     [1 route] 0.85 0.39 0.35 0.02 1.299 1.293 0.142 1.292 0.157 0.492    469    nan  1.09  1.04 0.0488 0.0606 0.0000   3.5 Y  
22+    A2 .3-1  T4         5    26 1.298     [1 route] 0.84 0.78 0.41 0.34 1.440 1.421 0.323 1.404 0.323 0.582    445    nan  1.10  1.19 0.0323 0.0461 0.0000   2.8 .  n<6
22+    A2 .3-1  T3        26   133 1.023   [1.00,1.12] 0.81 0.22 0.22 0.06 1.172 1.167 0.110 1.167 0.123 0.519    409    nan  1.11  0.93 0.0385 0.0444 0.0000   2.8 Y  
22+    A2 .3-1  T2        12    61 1.330   [1.26,1.41] 0.82 0.45 0.28 0.18 1.315 1.303 0.381 1.259 0.382 0.599    371    nan  1.19  1.13 0.0269 0.0396 0.0000   3.0 Y  

22+    A3 >=1   V282      79   404 1.172   [0.97,1.18] 0.85 0.07 0.09 0.01 0.880 0.878 0.219 0.853 0.234 0.514    250    nan  1.18  1.00 0.0386 0.0497 0.0000   7.5 Y  
22+    A3 >=1   V282old    3    15 1.970     [1 route] 0.98 0.95  nan  nan 1.562 1.554 0.974 1.222 0.975 0.323    298    nan  1.26  1.57 0.0400 0.0800 0.0000  12.4 .  n<6
22+    A3 >=1   TORQ      25   128 1.333   [1.19,1.47] 0.77 0.22 0.33 0.07 1.178 1.168 0.365 1.120 0.368 0.746    346    nan  1.08  1.23 0.0494 0.0759 0.0000  10.1 Y  
22+    A3 >=1   T64F       7    36 1.386     [1 route] 0.82 0.63 0.86 0.12 1.346 1.326 0.390 1.288 0.462 0.654    422    nan  1.06  1.32 0.0448 0.0687 0.0000  12.3 .  surr
22+    A3 >=1   T64B       7    36 1.386     [1 route] 0.82 0.63 0.86 0.12 1.346 1.326 0.390 1.288 0.462 0.654    422    nan  1.06  1.32 0.0448 0.0687 0.0000  12.3 .  surr
22+    A3 >=1   T5         1     5 1.252     [1 route] 1.00 0.95  nan  nan 1.272 1.272 0.264 1.245 0.298 0.000    395    nan  1.35  0.92 0.0482 0.0605 0.0000   7.4 .  n<6
22+    A3 >=1   T4         4    20 1.212     [1 route] 0.93 0.95 0.44 0.08 1.311 1.299 0.237 1.289 0.239 0.345    439    nan  1.05  1.15 0.0641 0.0811 0.0000   7.0 .  n<6,coh
22+    A3 >=1   T2        13    67 1.460   [1.38,1.55] 0.78 0.39 0.37 0.16 1.106 1.084 0.528 0.972 0.536 0.813    258    nan  1.16  1.28 0.0466 0.0789 0.0000  10.2 Y  


========================================================================================================================================================
BAND 0.60-1.20 Hz   (window 10.24 s, df 0.0977 Hz, 6 bins)
========================================================================================================================================================
speed  amp      group      n   sec   |H|       [95%CI]  coh  flr  sur   sh  Mcoh    bc  Mgai  Mpha  M_al  Minc    lag     gd   Hxz   Hzy  inRMS  ouRMS   rail  sa95 a  why
0-8    A1 <0.3  V282      52   266 0.790   [0.75,1.08] 0.82 0.11 0.07 0.05 1.498 1.497 0.215 1.483 0.287 0.380    348    115  1.36  0.58 0.0041 0.0036 0.0012   8.2 Y  
0-8    A1 <0.3  V282old   10    51 1.156     [1 route] 0.85 0.53 0.70 0.06 1.749 1.742 0.203 1.737 0.303 0.485    353    151  1.35  0.86 0.0053 0.0066 0.0000  12.7 .  surr
0-8    A1 <0.3  TORQ      30   154 0.898   [0.76,1.05] 0.48 0.19 0.25 0.07 1.637 1.628 0.174 1.628 0.439 0.967    394    -64  0.94  0.83 0.0048 0.0063 0.0000   5.0 Y  
0-8    A1 <0.3  T64F      13    67 0.921   [0.81,1.03] 0.70 0.39 0.21 0.02 1.703 1.694 0.151 1.696 0.286 0.649    398    118  1.02  0.89 0.0050 0.0057 0.0000   4.5 Y  
0-8    A1 <0.3  T64        8    41 0.821   [0.78,0.85] 0.83 0.63 0.19 0.11 1.603 1.598 0.274 1.579 0.429 0.345    396    -38  1.00  0.80 0.0047 0.0043 0.0000   3.8 Y  
0-8    A1 <0.3  T64B       5    26 1.081     [1 route] 0.70 0.78 0.60 0.14 1.859 1.832 0.218 1.846 0.322 0.771    400    248  1.04  1.02 0.0055 0.0074 0.0000   8.1 .  n<6,coh,surr
0-8    A1 <0.3  T5         2    10 0.697     [1 route] 0.86 0.95  nan  nan 1.520 1.514 0.308 1.489 0.361 0.282    450    101  1.01  0.70 0.0033 0.0025 0.0000   4.0 .  n<6,coh
0-8    A1 <0.3  T4         7    36 1.187     [1 route] 0.62 0.63 0.32 0.02 2.037 2.005 0.436 1.990 0.770 1.030    467   -210  1.02  1.16 0.0048 0.0077 0.0000   9.7 .  coh
0-8    A1 <0.3  T3         3    15 0.562     [1 route] 0.93 0.95  nan  nan 1.377 1.374 0.441 1.304 0.603 0.162    407   -335  0.97  0.57 0.0052 0.0031 0.0000   4.3 .  n<6,coh
0-8    A1 <0.3  T2         5    26 1.388     [1 route] 0.64 0.78 0.59 0.47 1.485 1.399 0.519 1.392 0.734 1.223    214    308  1.37  0.98 0.0042 0.0080 0.0000   4.5 .  n<6,coh

0-8    A2 .3-1  V282       1     5 0.847     [1 route] 1.00 0.95  nan  nan 1.364 1.364 0.305 1.329 0.452 0.000    299    356  1.21  0.70 0.0031 0.0028 0.0000  28.4 .  n<6
0-8    A2 .3-1  V282old    1     5 1.501     [1 route] 1.00 0.95  nan  nan 2.119 2.119 0.639 2.020 0.772 0.000    398    234  1.52  0.99 0.0074 0.0115 0.0518 122.1 .  n<6
0-8    A2 .3-1  TORQ       6    31 2.748   [1.98,3.39] 0.70 0.78 0.76 0.16 3.671 3.596 2.155 2.972 2.230 1.805    423    308  0.84  2.61 0.0099 0.0350 0.0000 124.9 .  coh
0-8    A2 .3-1  T64F       1     5 3.019     [1 route] 1.00 0.95  nan  nan 3.791 3.791 2.265 3.040 2.537 0.000    436   -968  0.81  3.72 0.0071 0.0228 0.0000 126.8 .  n<6
0-8    A2 .3-1  T64        1     5 3.019     [1 route] 1.00 0.95  nan  nan 3.791 3.791 2.265 3.040 2.537 0.000    436   -968  0.81  3.72 0.0071 0.0228 0.0000 126.8 .  n<6
0-8    A2 .3-1  T4         1     5 3.572     [1 route] 1.00 0.95  nan  nan 4.677 4.677 3.239 3.374 3.351 0.000    431    702  0.91  3.75 0.0186 0.0758 0.0000 165.8 .  n<6
0-8    A2 .3-1  T3         2    10 2.013     [1 route] 0.96 0.95  nan  nan 2.889 2.881 1.086 2.677 1.198 0.429    503   -223  0.81  2.46 0.0076 0.0160 0.0000  71.4 .  n<6
0-8    A2 .3-1  T2         2    10 2.451     [1 route] 0.87 0.95  nan  nan 2.650 2.604 1.518 2.172 1.598 0.982    295    -79  1.52  1.52 0.0063 0.0170 0.0000 160.9 .  n<6,coh

0-8    A3 >=1   V282old    2    10 0.820   [0.71,1.11] 0.90 0.95  nan  nan 1.432 1.424 0.279 1.405 0.314 0.293    322    344  1.31  0.64 0.0126 0.0113 0.0239 173.2 .  n<6,coh
0-8    A3 >=1   TORQ      11    56 1.014   [0.86,2.66] 0.80 0.45 0.39 0.29 1.778 1.766 0.350 1.743 0.499 0.709   -339    804  0.65  1.63 0.0583 0.0749 0.0000 151.8 Y  
0-8    A3 >=1   T64F       1     5 1.585     [1 route] 1.00 0.95  nan  nan 2.247 2.247 0.816 2.093 1.049 0.000    388   -130  1.05  1.53 0.0166 0.0279 0.0000 174.2 .  n<6
0-8    A3 >=1   T64B       1     5 1.585     [1 route] 1.00 0.95  nan  nan 2.247 2.247 0.816 2.093 1.049 0.000    388   -130  1.05  1.53 0.0166 0.0279 0.0000 174.2 .  n<6
0-8    A3 >=1   T5         1     5 1.433     [1 route] 1.00 0.95  nan  nan 1.851 1.851 1.095 1.493 1.493 0.000    258   1142  0.82  1.75 0.0070 0.0123 0.0000  81.5 .  n<6
0-8    A3 >=1   T4         3    15 0.863     [1 route] 0.92 0.95  nan  nan 1.562 1.550 0.217 1.546 0.252 0.381   -267    748  0.64  1.34 0.0769 0.0737 0.0000 186.0 .  n<6,coh
0-8    A3 >=1   T3         4    20 1.197     [1 route] 0.89 0.95 0.32 0.38 2.053 2.040 0.604 1.962 0.724 0.465   -448    850  0.67  1.88 0.0682 0.0959 0.0000 137.5 .  n<6,coh,phase-wrap-risk
0-8    A3 >=1   T2         2    10 3.315     [1 route] 0.94 0.95  nan  nan 3.145 3.119 2.379 2.057 2.772 0.813    152    976  1.49  2.23 0.0180 0.0622 0.0000 185.5 .  n<6,coh

8-15   A1 <0.3  V282      23   118 0.838   [0.74,0.96] 0.70 0.24 0.22 0.01 1.569 1.565 0.203 1.556 0.258 0.556    355    164  1.34  0.63 0.0073 0.0074 0.0000   2.0 Y  
8-15   A1 <0.3  V282old   21   108 0.982   [0.98,1.55] 0.57 0.26 0.28 0.03 1.580 1.569 0.155 1.572 0.200 0.856    322    256  1.36  0.72 0.0067 0.0088 0.0000   3.9 Y  
8-15   A1 <0.3  TORQ      83   425 0.734   [0.60,0.88] 0.34 0.07 0.10 0.02 1.510 1.506 0.271 1.485 0.403 1.035    390     42  0.95  0.69 0.0080 0.0102 0.0000   3.4 Y  
8-15   A1 <0.3  T64F      42   215 0.876   [0.86,0.94] 0.39 0.14 0.22 0.02 1.580 1.571 0.147 1.573 0.352 1.102    371     17  0.99  0.87 0.0085 0.0119 0.0000   4.0 Y  
8-15   A1 <0.3  T64       17    87 0.933   [0.93,0.94] 0.57 0.31 0.19 0.17 1.706 1.694 0.172 1.698 0.412 0.870    422    -29  1.00  0.92 0.0095 0.0123 0.0000   3.3 Y  
8-15   A1 <0.3  T64B      25   128 0.858     [1 route] 0.32 0.22 0.42 0.20 1.472 1.451 0.202 1.458 0.288 1.259    318    129  0.99  0.86 0.0076 0.0117 0.0000   4.3 Y  
8-15   A1 <0.3  T5         1     5 1.320     [1 route] 1.00 0.95  nan  nan 2.165 2.165 0.684 2.054 1.003 0.000    421    547  0.88  1.48 0.0065 0.0095 0.0000   5.3 .  n<6
8-15   A1 <0.3  T4        18    92 0.578     [1 route] 0.33 0.31 0.16 0.01 1.468 1.454 0.437 1.402 0.515 0.878    435    238  0.90  0.62 0.0073 0.0078 0.0000   3.4 Y  
8-15   A1 <0.3  T3         5    26 0.584   [0.58,1.30] 0.50 0.78 0.33 0.23 1.496 1.467 0.428 1.433 0.806 0.718   -594   -544  0.88  0.68 0.0082 0.0077 0.0000   1.8 .  n<6,coh,surr,phase-wrap-risk
8-15   A1 <0.3  T2        17    87 0.700   [0.68,0.94] 0.42 0.31 0.31 0.02 1.469 1.456 0.351 1.427 0.413 0.826    371    132  1.36  0.51 0.0077 0.0085 0.0000   2.5 Y  

8-15   A2 .3-1  V282      28   143 1.057   [1.01,1.31] 0.80 0.21 0.11 0.06 1.488 1.485 0.093 1.485 0.096 0.541    296    326  1.36  0.78 0.0104 0.0124 0.0000  12.3 Y  
8-15   A2 .3-1  V282old   10    51 0.960   [0.96,0.98] 0.71 0.53 0.36 0.21 1.480 1.467 0.169 1.470 0.212 0.613    320    231  1.28  0.76 0.0106 0.0122 0.0000  12.9 Y  
8-15   A2 .3-1  TORQ      42   215 1.254   [1.07,1.54] 0.46 0.14 0.18 0.12 1.826 1.814 0.303 1.801 0.496 1.367    352    -10  0.91  1.24 0.0111 0.0206 0.0000  10.2 Y  
8-15   A2 .3-1  T64F      16    82 1.438   [1.01,1.84] 0.57 0.35 0.59 0.23 1.838 1.811 0.475 1.776 0.509 1.254    300    192  1.00  1.43 0.0131 0.0252 0.0000  10.5 Y  
8-15   A2 .3-1  T64       10    51 1.215   [1.01,1.38] 0.63 0.53 0.50 0.07 1.689 1.663 0.290 1.664 0.357 0.930    301    230  1.00  1.22 0.0132 0.0204 0.0000   9.9 Y  
8-15   A2 .3-1  T64B       6    31 1.844     [1 route] 0.59 0.78 1.06 0.48 2.223 2.141 1.040 1.965 1.060 1.468    299    168  1.01  1.82 0.0130 0.0315 0.0000  19.1 .  coh,surr
8-15   A2 .3-1  T5         3    15 1.017     [1 route] 0.38 0.95  nan  nan 1.718 1.593 0.594 1.612 1.072 1.288    344   -231  0.83  1.12 0.0134 0.0234 0.0000  37.5 .  n<6,coh
8-15   A2 .3-1  T4        11    56 1.297     [1 route] 0.60 0.45 0.42 0.00 2.124 2.098 0.344 2.096 0.659 1.144    485   -203  1.01  1.29 0.0106 0.0185 0.0000   9.4 Y  
8-15   A2 .3-1  T3         1     5 0.722     [1 route] 1.00 0.95  nan  nan 1.638 1.638 0.769 1.447 1.107 0.000    403   -167  0.89  0.84 0.0096 0.0098 0.0000   3.4 .  n<6
8-15   A2 .3-1  T2        11    56 1.480   [1.06,1.66] 0.51 0.45 0.57 0.04 2.027 1.985 0.598 1.936 0.739 1.424    334     44  1.36  1.09 0.0068 0.0142 0.0000   7.9 Y  

8-15   A3 >=1   V282      12    61 1.097   [1.04,1.11] 0.79 0.45 0.41 0.04 1.573 1.564 0.139 1.566 0.176 0.561    294    418  1.35  0.81 0.0147 0.0181 0.0000  23.2 Y  
8-15   A3 >=1   V282old    1     5 1.825     [1 route] 1.00 0.95  nan  nan 2.391 2.391 1.110 2.118 1.250 0.000    380   -246  1.43  1.29 0.0121 0.0239 0.0000 112.5 .  n<6
8-15   A3 >=1   TORQ      18    92 2.503   [2.03,2.64] 0.71 0.31 0.86 0.06 2.421 2.385 1.510 1.893 1.515 1.781    236    303  1.02  2.05 0.0298 0.0917 0.0000  78.2 Y  
8-15   A3 >=1   T64F       3    15 2.280   [1.32,2.48] 0.87 0.95  nan  nan 2.405 2.365 1.360 1.983 1.449 0.870    270   -304  1.07  2.10 0.0289 0.0718 0.0000  80.8 .  n<6,coh
8-15   A3 >=1   T64        1     5 1.320     [1 route] 1.00 0.95  nan  nan 1.843 1.843 0.525 1.767 0.857 0.000    370   -311  1.13  1.16 0.0200 0.0277 0.0000  80.8 .  n<6
8-15   A3 >=1   T64B       2    10 2.480     [1 route] 0.92 0.95  nan  nan 2.592 2.572 1.611 2.030 1.679 0.648    262   -261  1.06  2.32 0.0324 0.0857 0.0000  76.3 .  n<6,coh
8-15   A3 >=1   T4         4    20 2.705     [1 route] 0.77 0.95 2.54 0.45 2.623 2.463 1.750 1.954 1.803 1.805    248    337  0.98  2.70 0.0411 0.1346 0.0000  84.1 .  n<6,coh,surr
8-15   A3 >=1   T3         1     5 2.641     [1 route] 1.00 0.95  nan  nan 3.628 3.628 1.971 3.046 2.475 0.000    514   -114  1.01  2.56 0.0106 0.0302 0.0000  91.9 .  n<6,phase-wrap-risk
8-15   A3 >=1   T2        10    51 2.613   [2.04,2.63] 0.79 0.53 0.43 0.02 2.544 2.498 1.700 1.893 1.721 1.520    214    398  1.33  1.98 0.0258 0.0791 0.0000  77.9 Y  

15-22  A1 <0.3  V282      47   241 1.629   [1.10,1.90] 0.74 0.12 0.22 0.00 2.000 1.995 0.644 1.894 0.776 0.975    298    -49  1.36  1.18 0.0108 0.0206 0.0000   1.1 Y  
15-22  A1 <0.3  V282old   22   113 1.790   [1.43,2.21] 0.66 0.26 0.29 0.33 2.130 2.112 0.798 1.975 1.038 1.304    313   -146  1.34  1.33 0.0086 0.0192 0.0000   1.7 Y  
15-22  A1 <0.3  TORQ      82   420 1.224   [1.09,1.39] 0.45 0.07 0.18 0.05 1.760 1.753 0.269 1.739 0.657 1.372    352   -187  0.86  1.04 0.0092 0.0169 0.0000   1.9 Y  
15-22  A1 <0.3  T64F      32   164 1.241   [1.13,1.51] 0.58 0.18 0.25 0.13 1.805 1.795 0.278 1.784 0.500 1.090    355    -25  1.01  1.22 0.0094 0.0156 0.0000   2.0 Y  
15-22  A1 <0.3  T64       26   133 1.176   [1.13,1.32] 0.54 0.22 0.20 0.11 1.774 1.760 0.238 1.758 0.482 1.123    358    -24  1.02  1.14 0.0093 0.0152 0.0000   2.0 Y  
15-22  A1 <0.3  T64B       6    31 1.508     [1 route] 0.78 0.78 0.75 0.25 1.964 1.933 0.537 1.889 0.708 0.852    347    -47  1.00  1.52 0.0101 0.0175 0.0000   1.8 Y  
15-22  A1 <0.3  T5         9    46 1.536     [1 route] 0.60 0.53 0.48 0.12 2.061 2.018 0.562 1.983 1.218 1.331    358   -648  0.86  1.70 0.0106 0.0215 0.0000   3.2 Y  
15-22  A1 <0.3  T4         3    15 1.077     [1 route] 0.63 0.95  nan  nan 1.388 1.314 0.432 1.319 0.661 0.897    293   -226  1.03  1.05 0.0083 0.0121 0.0000   2.0 .  n<6,coh
15-22  A1 <0.3  T3        30   154 1.205   [0.95,1.30] 0.42 0.19 0.25 0.19 1.795 1.775 0.527 1.716 0.926 1.444    358   -195  0.92  1.18 0.0088 0.0170 0.0000   1.5 Y  
15-22  A1 <0.3  T2         8    41 1.549   [1.55,1.92] 0.55 0.63 0.85 0.22 1.858 1.793 0.648 1.741 0.794 1.377    267    -78  1.35  1.15 0.0080 0.0169 0.0000   1.1 .  coh,surr

15-22  A2 .3-1  V282      30   154 1.411   [1.41,1.63] 0.71 0.19 0.27 0.08 1.747 1.739 0.422 1.696 0.462 0.927    286    177  1.34  1.05 0.0126 0.0212 0.0000   6.0 Y  
15-22  A2 .3-1  V282old   14    72 1.408   [1.41,1.53] 0.69 0.39 0.27 0.02 1.671 1.652 0.454 1.608 0.491 0.952    263    192  1.35  1.04 0.0134 0.0229 0.0000   6.9 Y  
15-22  A2 .3-1  TORQ      78   399 1.684   [1.37,1.88] 0.62 0.08 0.13 0.09 1.970 1.964 0.692 1.845 0.800 1.327    307    -34  1.10  1.37 0.0149 0.0320 0.0000   7.7 Y  
15-22  A2 .3-1  T64F      20   102 1.943   [1.79,2.10] 0.76 0.28 0.49 0.01 2.197 2.183 0.953 1.980 1.073 1.097    312    -91  1.05  1.83 0.0194 0.0433 0.0000   8.6 Y  
15-22  A2 .3-1  T64        8    41 1.885   [1.79,2.10] 0.77 0.63 0.46 0.06 2.278 2.249 0.912 2.088 1.167 1.029    353   -162  1.06  1.76 0.0125 0.0269 0.0000   6.4 Y  
15-22  A2 .3-1  T64B      12    61 1.968     [1 route] 0.77 0.45 0.41 0.02 2.200 2.178 0.989 1.965 1.090 1.072    303    -73  1.05  1.86 0.0229 0.0514 0.0000   9.7 Y  
15-22  A2 .3-1  T5         4    20 1.400     [1 route] 0.72 0.95 0.55 0.18 2.324 2.249 0.566 2.254 1.069 1.169    552   -471  0.91  1.47 0.0125 0.0233 0.0000   5.6 .  n<6,coh,phase-wrap-risk
15-22  A2 .3-1  T4         6    31 2.254     [1 route] 0.62 0.78 0.51 0.39 2.531 2.452 1.538 2.010 1.648 1.541    299    -43  0.94  2.34 0.0119 0.0342 0.0000  11.2 .  coh
15-22  A2 .3-1  T3         9    46 0.979   [0.93,1.07] 0.50 0.53 0.44 0.08 1.566 1.534 0.295 1.538 0.626 1.004    342   -144  0.92  0.98 0.0100 0.0143 0.0000   5.7 .  coh
15-22  A2 .3-1  T2        39   200 1.567   [1.47,1.63] 0.60 0.15 0.45 0.09 1.823 1.811 0.573 1.731 0.631 1.317    287     75  1.35  1.16 0.0138 0.0283 0.0000   7.3 Y  

15-22  A3 >=1   V282      13    67 1.226     [1 route] 0.72 0.39 0.41 0.02 1.681 1.668 0.284 1.657 0.320 0.768    311    198  1.33  0.91 0.0155 0.0225 0.0000  14.6 Y  
15-22  A3 >=1   V282old    3    15 1.559     [1 route] 0.93 0.95  nan  nan 1.804 1.792 0.618 1.695 0.634 0.426    282    182  1.39  1.13 0.0359 0.0588 0.0000  20.6 .  n<6,coh
15-22  A3 >=1   TORQ      22   113 1.979   [1.87,2.35] 0.72 0.26 0.35 0.13 2.109 2.090 0.995 1.859 1.084 1.325    281    -42  0.95  1.75 0.0270 0.0645 0.0000  13.4 Y  
15-22  A3 >=1   T64F       8    41 1.960   [1.87,2.43] 0.78 0.63 0.65 0.14 2.058 2.022 0.980 1.809 1.043 1.074    268    -30  1.00  1.94 0.0336 0.0754 0.0000  13.4 Y  
15-22  A3 >=1   T64        2    10 2.426     [1 route] 0.98 0.95  nan  nan 2.665 2.660 1.429 2.249 1.478 0.305    330    -45  1.02  2.35 0.0294 0.0719 0.0000  12.2 .  n<6
15-22  A3 >=1   T64B       6    31 1.868     [1 route] 0.74 0.78 0.68 0.11 1.921 1.865 0.896 1.699 0.946 1.128    251     16  1.00  1.86 0.0349 0.0765 0.0000  14.1 .  coh
15-22  A3 >=1   T4         8    41 1.964     [1 route] 0.68 0.63 1.15 0.01 2.276 2.214 1.109 1.987 1.302 1.495    315    -54  0.96  1.94 0.0239 0.0604 0.0000  13.4 .  surr
15-22  A3 >=1   T2         6    31 2.236     [1 route] 0.77 0.78 0.69 0.37 2.286 2.223 1.301 1.880 1.336 1.303    260     11  1.35  1.67 0.0203 0.0533 0.0000  13.6 .  coh

22+    A1 <0.3  V282     168   860 1.872   [1.34,1.90] 0.87 0.04 0.17 0.02 2.118 2.118 0.884 1.925 0.980 0.710    289    -56  1.35  1.38 0.0178 0.0357 0.0000   0.8 Y  
22+    A1 <0.3  V282old   32   164 1.945   [1.91,2.03] 0.87 0.18 0.11 0.09 2.093 2.089 0.965 1.857 1.065 0.753    278    -44  1.35  1.43 0.0209 0.0437 0.0000   1.2 Y  
22+    A1 <0.3  TORQ      81   415 1.737   [1.50,1.91] 0.74 0.07 0.14 0.15 2.042 2.038 0.750 1.899 0.939 1.036    310   -114  0.93  1.49 0.0145 0.0294 0.0000   1.3 Y  
22+    A1 <0.3  T64F      31   159 1.825   [1.63,2.43] 0.81 0.18 0.34 0.12 2.140 2.134 0.828 1.973 0.985 0.875    317    -93  1.01  1.79 0.0175 0.0355 0.0000   1.6 Y  
22+    A1 <0.3  T64       26   133 1.736   [1.23,1.83] 0.83 0.22 0.12 0.06 2.067 2.061 0.739 1.930 0.910 0.777    319   -103  1.01  1.70 0.0178 0.0339 0.0000   1.5 Y  
22+    A1 <0.3  T64B       5    26 2.434     [1 route] 0.83 0.78 0.83 0.23 2.679 2.640 1.459 2.247 1.574 1.117    308    -47  1.01  2.40 0.0159 0.0427 0.0000   1.6 .  n<6
22+    A1 <0.3  T5         6    31 1.348     [1 route] 0.56 0.78 0.71 0.50 1.825 1.762 0.559 1.737 0.901 1.165    316   -198  0.85  1.37 0.0110 0.0201 0.0000   1.2 .  coh,surr
22+    A1 <0.3  T4         5    26 1.624     [1 route] 0.51 0.78 0.69 0.22 1.850 1.720 0.862 1.637 1.069 1.670    248   -194  0.86  1.79 0.0111 0.0267 0.0000   1.8 .  n<6,coh
22+    A1 <0.3  T3        20   102 1.545   [1.22,1.75] 0.70 0.28 0.27 0.25 1.918 1.904 0.619 1.815 0.900 1.012    325   -178  0.90  1.57 0.0130 0.0243 0.0000   1.2 Y  
22+    A1 <0.3  T2        19    97 1.842   [1.82,2.06] 0.75 0.28 0.27 0.00 2.049 2.033 0.863 1.858 0.983 1.124    282    -53  1.34  1.36 0.0122 0.0265 0.0000   1.1 Y  

22+    A2 .3-1  V282     110   563 1.789   [1.71,2.00] 0.80 0.05 0.10 0.04 1.983 1.981 0.806 1.812 0.870 0.909    278     23  1.35  1.32 0.0209 0.0421 0.0000   2.7 Y  
22+    A2 .3-1  V282old   36   184 1.784   [1.72,1.88] 0.86 0.16 0.41 0.08 1.922 1.918 0.803 1.746 0.839 0.743    266    102  1.34  1.33 0.0288 0.0558 0.0000   3.4 Y  
22+    A2 .3-1  TORQ      81   415 1.724   [1.53,1.97] 0.69 0.07 0.10 0.06 1.971 1.966 0.730 1.830 0.877 1.192    305    -98  0.90  1.43 0.0181 0.0380 0.0000   3.2 Y  
22+    A2 .3-1  T64F      25   128 1.901   [1.53,2.28] 0.73 0.22 0.35 0.16 2.059 2.046 0.907 1.849 0.972 1.166    291    -11  1.02  1.85 0.0215 0.0479 0.0000   3.8 Y  
22+    A2 .3-1  T64       21   108 1.960   [1.67,2.28] 0.74 0.26 0.27 0.23 2.104 2.089 0.966 1.869 1.031 1.182    289    -17  1.02  1.91 0.0218 0.0499 0.0000   3.8 Y  
22+    A2 .3-1  T64B       4    20 1.531     [1 route] 0.78 0.95 0.81 0.58 1.864 1.816 0.713 1.722 0.760 0.838    304     63  1.02  1.50 0.0197 0.0356 0.0000   3.8 .  n<6,coh,surr
22+    A2 .3-1  T5        13    67 1.739     [1 route] 0.78 0.39 0.59 0.15 2.038 2.022 0.799 1.875 0.990 0.946    313   -157  0.93  1.72 0.0190 0.0381 0.0000   3.5 Y  
22+    A2 .3-1  T4         5    26 1.553     [1 route] 0.70 0.78 0.63 0.38 2.049 1.987 0.692 1.928 1.102 1.221    393   -330  0.97  1.44 0.0137 0.0276 0.0000   2.8 .  n<6,coh
22+    A2 .3-1  T3        26   133 1.425   [1.38,1.46] 0.58 0.22 0.27 0.05 1.729 1.711 0.457 1.667 0.776 1.268    301   -196  0.92  1.48 0.0149 0.0285 0.0000   2.8 Y  
22+    A2 .3-1  T2        12    61 1.786   [1.71,1.95] 0.75 0.45 0.45 0.15 2.145 2.123 0.789 1.994 0.944 1.055    330    -86  1.36  1.31 0.0174 0.0362 0.0000   3.0 Y  

22+    A3 >=1   V282      79   404 1.759   [1.76,1.87] 0.85 0.07 0.18 0.03 1.950 1.948 0.772 1.791 0.831 0.782    280     59  1.35  1.29 0.0237 0.0456 0.0000   7.5 Y  
22+    A3 >=1   V282old    3    15 1.973     [1 route] 0.84 0.95  nan  nan 2.048 1.998 0.977 1.800 1.093 0.898    256     46  1.36  1.45 0.0197 0.0428 0.0000  12.4 .  n<6,coh
22+    A3 >=1   TORQ      25   128 1.859   [1.58,2.10] 0.63 0.22 0.45 0.35 1.981 1.960 0.945 1.741 1.008 1.442    255     68  1.19  1.46 0.0226 0.0539 0.0000  10.1 Y  
22+    A3 >=1   T64F       7    36 1.714     [1 route] 0.53 0.63 0.91 0.13 1.940 1.858 0.925 1.706 1.152 1.583    260    -42  1.01  1.63 0.0207 0.0497 0.0000  12.3 .  coh,surr
22+    A3 >=1   T64B       7    36 1.714     [1 route] 0.53 0.63 0.91 0.13 1.940 1.858 0.925 1.706 1.152 1.583    260    -42  1.01  1.63 0.0207 0.0497 0.0000  12.3 .  coh,surr
22+    A3 >=1   T5         1     5 2.176     [1 route] 1.00 0.95  nan  nan 2.831 2.831 1.399 2.461 1.454 0.000    393     73  0.94  2.35 0.0161 0.0370 0.0000   7.4 .  n<6
22+    A3 >=1   T4         4    20 1.381     [1 route] 0.61 0.95 0.98 0.04 1.782 1.686 0.651 1.659 0.998 1.152    347   -328  0.96  1.35 0.0162 0.0303 0.0000   7.0 .  n<6,coh,surr
22+    A3 >=1   T2        13    67 2.028   [1.96,2.22] 0.72 0.39 0.31 0.56 2.084 2.055 1.091 1.776 1.113 1.299    243    181  1.37  1.48 0.0255 0.0622 0.0000  10.2 Y  


========================================================================================================================================================
BAND 1.20-2.40 Hz   (window 5.12 s, df 0.1953 Hz, 6 bins)
========================================================================================================================================================
speed  amp      group      n   sec   |H|       [95%CI]  coh  flr  sur   sh  Mcoh    bc  Mgai  Mpha  M_al  Minc    lag     gd   Hxz   Hzy  inRMS  ouRMS   rail  sa95 a  why
0-8    A1 <0.3  V282     151   387 1.384   [1.09,1.83] 0.56 0.04 0.07 0.24 1.724 1.721 0.441 1.667 0.858 1.243    150   -177  0.87  1.27 0.0021 0.0039 0.0022   6.5 Y  
0-8    A1 <0.3  V282old   57   146 1.265   [1.21,1.42] 0.32 0.10 0.16 0.14 1.123 1.097 0.616 0.939 0.982 1.811     85   -272  0.88  0.99 0.0029 0.0066 0.0009   7.2 Y  
0-8    A1 <0.3  TORQ     156   399 1.238   [0.73,1.56] 0.35 0.04 0.15 0.23 1.234 1.225 0.306 1.195 0.612 1.806    116   -128  0.42  0.89 0.0030 0.0066 0.0000   4.0 Y  
0-8    A1 <0.3  T64F      52   133 1.110   [0.67,1.73] 0.33 0.11 0.27 0.44 1.265 1.237 0.259 1.238 0.687 1.899    131   -251  0.51  2.03 0.0029 0.0063 0.0000   4.6 Y  
0-8    A1 <0.3  T64       30    77 0.685   [0.69,1.35] 0.25 0.19 0.32 0.27 1.420 1.394 0.348 1.376 0.896 1.464    221   -742  0.47  1.39 0.0024 0.0039 0.0000   3.8 Y  
0-8    A1 <0.3  T64B      22    56 1.732     [1 route] 0.57 0.26 0.49 0.18 1.587 1.537 0.766 1.389 1.019 1.849    121   -185  0.54  2.84 0.0034 0.0086 0.0000   5.3 Y  
0-8    A1 <0.3  T5         8    20 1.517     [1 route] 0.66 0.63 0.35 0.38 1.499 1.428 0.672 1.340 0.712 1.288     90    169  0.29  3.78 0.0019 0.0038 0.0000   3.3 Y  
0-8    A1 <0.3  T4        31    79 1.443   [1.44,1.68] 0.43 0.18 0.37 0.46 1.313 1.273 0.558 1.189 0.795 1.824    112   -134  0.30  3.34 0.0033 0.0078 0.0000   4.2 Y  
0-8    A1 <0.3  T3        23    59 1.217   [1.22,2.04] 0.54 0.24 0.35 0.15 1.512 1.495 0.398 1.459 0.573 1.126    127     -2  0.22  3.05 0.0028 0.0047 0.0000   3.3 Y  
0-8    A1 <0.3  T2        42   108 1.320   [0.71,1.69] 0.35 0.14 0.26 0.21 1.293 1.265 0.616 1.137 0.846 1.743    106   -140  1.02  0.92 0.0032 0.0073 0.0000   3.6 Y  

0-8    A2 .3-1  V282       7    18 0.664   [0.43,2.29] 0.20 0.63 0.43 0.15 1.319 1.204 0.696 1.120 1.138 1.522    292   -560  0.91  0.53 0.0041 0.0073 0.0022  28.7 .  coh,surr,phase-wrap-risk
0-8    A2 .3-1  V282old    8    20 0.481   [0.47,1.85] 0.17 0.63 0.37 0.38 1.292 1.192 0.553 1.167 0.660 1.404   -278    662  1.06  0.50 0.0044 0.0065 0.0808  51.7 .  coh,surr,phase-wrap-risk
0-8    A2 .3-1  TORQ      28    72 0.148   [0.13,0.64] 0.01 0.21 0.21 0.11 0.995 0.962 0.860 0.499 0.887 1.348    181    855  0.23  0.44 0.0053 0.0072 0.0000  48.4 .  coh,surr
0-8    A2 .3-1  T64F       7    18 0.648   [0.65,1.17] 0.25 0.63 0.32 0.45 1.444 1.365 0.490 1.358 0.671 1.335    228    589  0.61  0.80 0.0051 0.0077 0.0000  85.9 .  coh
0-8    A2 .3-1  T64        4    10 0.983   [0.96,1.89] 0.35 0.95 0.64 0.46 1.885 1.751 0.728 1.738 1.019 1.394   -216     74  0.52  1.57 0.0045 0.0083 0.0000  69.1 .  n<6,coh,surr
0-8    A2 .3-1  T64B       3     8 0.912     [1 route] 0.73 0.95  nan  nan 1.443 1.401 0.342 1.402 0.566 0.694    194    789  0.71  1.13 0.0058 0.0069 0.0000 116.2 .  n<6,coh
0-8    A2 .3-1  T5         3     8 0.713     [1 route] 0.56 0.95  nan  nan 0.879 0.732 0.540 0.693 0.856 0.973     29   -381  0.39  1.20 0.0035 0.0045 0.0000  29.6 .  n<6,coh
0-8    A2 .3-1  T4         7    18 0.262   [0.22,1.40] 0.05 0.63 0.43 0.34 0.920 0.826 0.754 0.528 0.887 1.149     20    226  0.15  0.75 0.0080 0.0095 0.0000  30.8 .  coh,surr
0-8    A2 .3-1  T3         6    15 0.785     [1 route] 0.25 0.78 0.71 0.31 1.350 1.210 0.337 1.308 0.908 1.470   -267   -765  0.22  2.17 0.0036 0.0060 0.0000  75.4 .  coh,surr,phase-wrap-risk
0-8    A2 .3-1  T2         5    13 0.473   [0.47,2.62] 0.12 0.78 0.62 0.22 1.171 0.983 0.669 0.961 1.011 1.558    172   -504  0.98  0.43 0.0031 0.0052 0.0000  12.6 .  n<6,coh,surr

0-8    A3 >=1   V282       1     3 0.839     [1 route] 1.00 0.95  nan  nan 1.686 1.686 0.269 1.665 0.567 0.000    325    873  1.17  0.71 0.0166 0.0144 0.0234 172.6 .  n<6,phase-wrap-risk
0-8    A3 >=1   V282old    7    18 0.321   [0.32,1.23] 0.14 0.63 0.23 0.19 1.123 1.079 0.772 0.815 0.916 0.879   -151  -1026  1.12  0.26 0.0148 0.0149 0.0580 171.6 .  coh,surr
0-8    A3 >=1   TORQ      34    87 0.345   [0.30,0.85] 0.51 0.17 0.07 0.04 0.912 0.910 0.662 0.627 0.692 0.367   -113    720  0.30  1.13 0.0565 0.0290 0.0011 182.3 Y  
0-8    A3 >=1   T64F       9    23 0.389   [0.39,1.01] 0.22 0.53 0.18 0.09 1.381 1.361 0.665 1.210 0.757 0.748   -237     61  0.42  1.04 0.0211 0.0187 0.0000 189.1 .  coh,phase-wrap-risk
0-8    A3 >=1   T64        3     8 0.736   [0.74,1.01] 0.17 0.95  nan  nan 1.248 0.389 0.351 1.198 0.821 2.372   -143     42  0.52  1.56 0.0061 0.0151 0.0000 177.3 .  n<6,coh,bias
0-8    A3 >=1   T64B       6    15 0.394     [1 route] 0.27 0.78 0.16 0.11 1.391 1.367 0.662 1.223 0.754 0.632   -239     60  0.42  1.06 0.0255 0.0202 0.0000 194.9 .  coh,phase-wrap-risk
0-8    A3 >=1   T5         2     5 1.790     [1 route] 0.76 0.95  nan  nan 1.570 1.461 1.071 1.148 1.402 1.150    -91    285  0.29  4.23 0.0133 0.0298 0.0000 128.1 .  n<6,coh
0-8    A3 >=1   T4        10    26 0.399     [1 route] 0.84 0.53 0.04 0.08 0.875 0.873 0.609 0.629 0.621 0.186   -109    639  0.34  1.15 0.0674 0.0304 0.0000 190.7 Y  
0-8    A3 >=1   T3         8    20 0.333     [1 route] 0.79 0.63 0.06 0.09 0.914 0.912 0.672 0.620 0.723 0.195   -106    861  0.30  1.10 0.0847 0.0334 0.0049 158.5 Y  
0-8    A3 >=1   T2         5    13 1.659   [1.46,1.95] 0.72 0.78 0.58 0.45 2.160 2.125 1.091 1.864 1.144 0.952   -167    578  0.97  1.74 0.0159 0.0333 0.0000 190.9 .  n<6,coh

8-15   A1 <0.3  V282     110   282 1.185   [1.07,1.33] 0.42 0.05 0.08 0.07 1.421 1.415 0.559 1.307 0.962 1.432    135   -249  0.89  0.96 0.0046 0.0089 0.0000   1.7 Y  
8-15   A1 <0.3  V282old   81   207 1.358   [1.34,1.58] 0.33 0.07 0.13 0.03 1.349 1.333 0.813 1.077 1.065 1.883    101   -234  0.90  1.05 0.0047 0.0115 0.0000   2.9 Y  
8-15   A1 <0.3  TORQ     299   765 1.404   [1.22,1.55] 0.37 0.02 0.11 0.08 1.279 1.274 0.693 1.075 0.923 1.866     96   -185  0.35  1.30 0.0054 0.0130 0.0000   2.9 Y  
8-15   A1 <0.3  T64F     136   348 1.411   [1.23,1.50] 0.37 0.04 0.15 0.01 1.329 1.319 0.678 1.143 0.893 1.876    102   -167  0.48  2.35 0.0054 0.0130 0.0000   3.4 Y  
8-15   A1 <0.3  T64       74   189 1.355   [1.23,1.54] 0.35 0.08 0.16 0.06 1.272 1.254 0.619 1.111 0.782 1.831     97   -114  0.48  2.30 0.0053 0.0124 0.0000   3.2 Y  
8-15   A1 <0.3  T64B      62   159 1.491     [1 route] 0.42 0.10 0.12 0.02 1.431 1.411 0.791 1.193 1.058 1.896    108   -224  0.48  2.44 0.0055 0.0137 0.0000   3.6 Y  
8-15   A1 <0.3  T5         4    10 0.891     [1 route] 0.45 0.95 0.53 0.16 1.501 1.407 0.493 1.417 0.588 1.042    158     76  0.31  1.79 0.0083 0.0120 0.0000   5.1 .  n<6,coh,surr
8-15   A1 <0.3  T4        58   148 1.450     [1 route] 0.38 0.10 0.24 0.32 1.320 1.298 0.911 0.955 1.119 1.801     82   -218  0.24  2.55 0.0053 0.0129 0.0000   2.8 Y  
8-15   A1 <0.3  T3        27    69 1.125   [0.91,1.62] 0.42 0.21 0.29 0.34 1.188 1.158 0.482 1.086 0.746 1.413    111   -154  0.26  2.90 0.0065 0.0122 0.0000   1.9 Y  
8-15   A1 <0.3  T2        74   189 1.694   [1.45,1.79] 0.40 0.08 0.16 0.07 1.435 1.416 0.998 1.032 1.180 2.045     75   -200  0.86  1.39 0.0049 0.0135 0.0000   1.8 Y  

8-15   A2 .3-1  V282      64   164 0.784   [0.64,1.19] 0.23 0.09 0.21 0.07 1.337 1.319 0.325 1.297 0.831 1.751    193   -271  0.93  0.66 0.0056 0.0108 0.0000  12.0 Y  
8-15   A2 .3-1  V282old   35    90 0.830   [0.64,2.10] 0.18 0.16 0.27 0.19 1.233 1.192 0.279 1.201 0.749 1.897    148   -318  0.89  0.75 0.0065 0.0136 0.0000  12.0 .  coh
8-15   A2 .3-1  TORQ     123   315 1.106   [0.89,1.34] 0.21 0.05 0.16 0.09 0.863 0.839 0.321 0.801 0.561 2.242     81   -171  0.29  0.91 0.0066 0.0167 0.0000  10.6 Y  
8-15   A2 .3-1  T64F      38    97 1.053   [0.80,1.58] 0.18 0.15 0.34 0.11 0.899 0.811 0.382 0.814 0.678 2.387     76   -147  0.51  1.61 0.0067 0.0176 0.0000  11.0 .  coh
8-15   A2 .3-1  T64       20    51 1.229   [1.09,1.58] 0.23 0.28 0.59 0.22 1.077 0.940 0.408 0.996 0.765 2.348     78    -72  0.51  1.90 0.0075 0.0201 0.0000   9.8 .  coh
8-15   A2 .3-1  T64B      18    46 0.937     [1 route] 0.15 0.31 0.55 0.08 0.835 0.626 0.472 0.688 0.802 2.340     67   -238  0.51  1.41 0.0056 0.0143 0.0000  15.9 .  coh,surr,bias
8-15   A2 .3-1  T5        13    33 1.036     [1 route] 0.26 0.39 0.47 0.18 0.827 0.650 0.189 0.805 0.523 1.916     87   -187  0.28  2.22 0.0081 0.0177 0.0000  18.1 .  coh
8-15   A2 .3-1  T4        28    72 1.247     [1 route] 0.36 0.21 0.34 0.13 0.980 0.925 0.459 0.866 0.694 1.714     82   -216  0.28  2.16 0.0069 0.0150 0.0000  10.1 Y  
8-15   A2 .3-1  T3         8    20 0.791   [0.77,1.75] 0.40 0.63 0.34 0.12 1.100 0.942 0.384 1.031 0.727 1.607    110   -115  0.30  1.29 0.0080 0.0145 0.0000   6.0 .  coh
8-15   A2 .3-1  T2        36    92 1.497   [1.19,1.79] 0.23 0.16 0.54 0.01 1.170 1.073 0.751 0.897 0.940 2.792     65   -162  0.88  1.29 0.0054 0.0172 0.0000   9.6 Y  

8-15   A3 >=1   V282      18    46 0.356   [0.33,1.90] 0.07 0.31 0.35 0.13 1.036 0.966 0.668 0.792 0.887 1.588    143    905  0.83  0.37 0.0059 0.0096 0.0000  20.3 .  coh,surr
8-15   A3 >=1   V282old    3     8 0.422   [0.37,2.04] 0.23 0.95  nan  nan 1.084 1.001 0.603 0.901 0.798 0.830    152   1046  0.89  0.40 0.0144 0.0136 0.0000  47.2 .  n<6,coh
8-15   A3 >=1   TORQ      40   102 2.515   [0.93,3.75] 0.31 0.15 0.54 0.20 2.039 1.953 1.842 0.875 2.036 3.707     10   -280  0.46  2.90 0.0125 0.0577 0.0000  74.4 Y  
8-15   A3 >=1   T64F      10    26 1.084   [1.08,1.27] 0.11 0.53 1.33 0.16 1.052 0.000 0.699 0.786 1.051 3.617     23   -436  0.47  1.15 0.0110 0.0422 0.0000  80.6 .  coh,surr,bias
8-15   A3 >=1   T64        1     3 1.179     [1 route] 1.00 0.95  nan  nan 1.982 1.982 1.151 1.614 1.355 0.000    150    -46  0.37  3.31 0.0131 0.0214 0.0000  83.7 .  n<6
8-15   A3 >=1   T64B       9    23 1.274     [1 route] 0.13 0.53 1.31 0.02 1.233 0.293 0.904 0.839 1.228 3.788     10   -475  0.49  1.22 0.0107 0.0439 0.0000  80.6 .  coh,surr,bias
8-15   A3 >=1   T4        10    26 1.477     [1 route] 0.26 0.53 0.88 0.30 0.916 0.425 0.702 0.589 0.815 2.568    -35     -6  0.23  1.72 0.0105 0.0315 0.0000  73.7 .  coh,surr,bias
8-15   A3 >=1   T3         3     8 1.187     [1 route] 0.78 0.95  nan  nan 1.187 1.044 0.468 1.091 0.806 1.128    105   -287  0.36  2.13 0.0132 0.0223 0.0000  90.4 .  n<6,coh
8-15   A3 >=1   T2        17    44 4.040   [2.46,4.09] 0.56 0.31 1.07 0.24 3.502 3.402 3.223 1.372 3.498 3.541      1   -349  0.78  3.55 0.0143 0.0782 0.0000  72.4 Y  

15-22  A1 <0.3  V282     140   358 3.504   [2.74,3.78] 0.72 0.04 0.12 0.10 3.235 3.230 2.796 1.628 2.883 2.145     88   -124  0.88  2.98 0.0074 0.0318 0.0000   1.0 Y  
15-22  A1 <0.3  V282old   66   169 3.027   [2.55,3.51] 0.63 0.09 0.42 0.15 2.757 2.742 2.282 1.548 2.413 2.319     96   -161  0.92  2.51 0.0068 0.0271 0.0000   1.4 Y  
15-22  A1 <0.3  TORQ     244   625 3.127   [2.78,3.63] 0.61 0.02 0.19 0.15 2.765 2.760 2.378 1.411 2.485 2.475     86   -139  0.25  2.67 0.0072 0.0298 0.0000   1.6 Y  
15-22  A1 <0.3  T64F      92   236 2.948   [2.42,3.82] 0.57 0.06 0.31 0.05 2.598 2.585 2.259 1.283 2.372 2.464     80   -154  0.50  4.42 0.0067 0.0267 0.0000   1.7 Y  
15-22  A1 <0.3  T64       76   195 3.039   [2.42,3.82] 0.58 0.08 0.30 0.04 2.673 2.657 2.299 1.364 2.433 2.516     84   -175  0.50  4.65 0.0066 0.0268 0.0000   1.7 Y  
15-22  A1 <0.3  T64B      16    41 2.700     [1 route] 0.62 0.35 0.65 0.03 2.402 2.344 2.178 1.013 2.240 2.101     60    -49  0.53  3.89 0.0071 0.0263 0.0000   1.8 Y  
15-22  A1 <0.3  T5        24    61 2.683     [1 route] 0.54 0.24 0.60 0.17 2.333 2.274 1.941 1.294 2.077 2.550     83   -156  0.24  5.70 0.0090 0.0345 0.0000   2.4 Y  
15-22  A1 <0.3  T4         9    23 3.036     [1 route] 0.68 0.53 0.61 0.43 2.552 2.481 2.416 0.822 2.446 1.889     44    -39  0.23  7.11 0.0067 0.0254 0.0000   1.9 Y  
15-22  A1 <0.3  T3        81   207 3.215   [3.00,3.93] 0.66 0.07 0.42 0.11 2.839 2.827 2.324 1.631 2.435 2.328    100   -132  0.27  7.11 0.0075 0.0301 0.0000   1.3 Y  
15-22  A1 <0.3  T2        38    97 3.983   [3.72,4.04] 0.72 0.15 0.37 0.73 3.750 3.731 3.475 1.411 3.536 2.375     68   -105  0.85  3.30 0.0067 0.0334 0.0000   1.1 Y  

15-22  A2 .3-1  V282      54   138 2.763   [1.37,2.98] 0.40 0.11 0.44 0.23 2.661 2.623 2.205 1.490 2.380 3.331    100   -192  0.91  2.23 0.0070 0.0315 0.0000   6.1 Y  
15-22  A2 .3-1  V282old   38    97 1.982   [1.75,2.77] 0.45 0.15 0.34 0.19 1.577 1.529 1.174 1.053 1.348 2.375     85   -197  0.96  1.60 0.0080 0.0254 0.0000   7.1 Y  
15-22  A2 .3-1  TORQ     183   468 2.850   [2.47,3.11] 0.47 0.03 0.36 0.04 2.431 2.420 2.149 1.138 2.265 3.082     74   -165  0.48  2.23 0.0089 0.0385 0.0000   7.0 Y  
15-22  A2 .3-1  T64F      40   102 3.052   [2.32,4.09] 0.61 0.15 0.32 0.38 2.618 2.591 2.327 1.198 2.462 2.370     76   -180  0.50  4.77 0.0094 0.0376 0.0000   9.3 Y  
15-22  A2 .3-1  T64       14    36 2.452   [2.32,4.09] 0.52 0.39 0.97 0.42 2.231 2.148 1.693 1.453 1.913 2.249     97   -249  0.49  3.38 0.0072 0.0247 0.0000   8.2 Y  
15-22  A2 .3-1  T64B      26    67 3.251     [1 route] 0.65 0.22 0.59 0.28 2.802 2.766 2.550 1.161 2.676 2.291     72   -175  0.51  5.19 0.0104 0.0430 0.0000   9.7 Y  
15-22  A2 .3-1  T5        18    46 2.539     [1 route] 0.43 0.31 0.46 0.51 1.929 1.778 1.633 1.026 1.676 3.166     51     81  0.24  6.96 0.0097 0.0398 0.0000   4.0 Y  
15-22  A2 .3-1  T4        15    38 3.231     [1 route] 0.65 0.35 1.07 0.08 2.534 2.461 2.337 0.980 2.420 2.413     47   -149  0.20  9.11 0.0101 0.0414 0.0000   9.0 Y  
15-22  A2 .3-1  T3        22    56 2.113   [1.64,2.32] 0.50 0.26 0.48 0.38 1.992 1.913 1.305 1.506 1.629 2.616    127   -213  0.34  4.25 0.0077 0.0264 0.0000   5.3 Y  
15-22  A2 .3-1  T2        88   225 3.015   [2.78,3.23] 0.46 0.07 0.37 0.34 2.747 2.723 2.473 1.195 2.606 3.411     73   -199  0.92  2.40 0.0085 0.0406 0.0000   6.9 Y  

15-22  A3 >=1   V282      24    61 1.647     [1 route] 0.39 0.24 0.45 0.08 1.787 1.725 1.055 1.443 1.308 2.293    132   -239  0.92  1.26 0.0081 0.0238 0.0000  14.1 Y  
15-22  A3 >=1   V282old    6    15 0.508     [1 route] 0.13 0.78 0.34 0.17 1.214 1.058 0.559 1.077 0.818 1.457    189   1092  0.98  0.52 0.0110 0.0172 0.0000  21.0 .  coh,surr
15-22  A3 >=1   TORQ      43   110 5.051   [3.56,6.12] 0.70 0.13 0.52 1.06 4.628 4.604 4.485 1.141 4.553 3.113     49   -137  0.29  4.59 0.0185 0.1152 0.0000  13.7 Y  
15-22  A3 >=1   T64F      14    36 5.719   [3.14,5.92] 0.69 0.39 0.71 1.35 5.249 5.171 5.115 1.179 5.167 3.364     44   -146  0.44  9.42 0.0195 0.1348 0.0000  14.5 Y  
15-22  A3 >=1   T64        2     5 3.141     [1 route] 0.92 0.95  nan  nan 2.969 2.923 2.491 1.615 2.696 1.038    116   -200  0.58  4.60 0.0136 0.0483 0.0000  12.8 .  n<6,coh
15-22  A3 >=1   T64B      12    31 5.923     [1 route] 0.70 0.45 1.14 1.36 5.422 5.332 5.299 1.149 5.345 3.412     41   -136  0.44 10.05 0.0203 0.1442 0.0000  14.6 Y  
15-22  A3 >=1   T4        16    41 3.668     [1 route] 0.76 0.35 0.56 0.11 2.998 2.950 2.727 1.245 2.792 2.128     72   -103  0.30  7.96 0.0183 0.0785 0.0000  13.2 Y  
15-22  A3 >=1   T2        13    33 6.146   [3.12,6.56] 0.77 0.39 0.90 1.25 6.027 5.978 5.937 1.041 6.002 2.868     19   -173  0.68  5.86 0.0175 0.1295 0.0000  12.7 Y  

22+    A1 <0.3  V282     404  1034 3.619   [3.48,3.64] 0.79 0.01 0.13 0.07 3.377 3.376 2.867 1.785 2.954 2.030    100   -106  0.92  3.09 0.0101 0.0436 0.0000   0.8 Y  
22+    A1 <0.3  V282old   90   230 3.923   [3.84,4.16] 0.79 0.07 0.47 0.08 3.690 3.683 3.240 1.766 3.332 2.110     96   -127  0.92  3.35 0.0118 0.0551 0.0000   1.2 Y  
22+    A1 <0.3  TORQ     222   568 3.974   [3.61,4.48] 0.78 0.03 0.24 0.08 3.667 3.664 3.304 1.589 3.375 2.206     83   -114  0.34  3.42 0.0110 0.0525 0.0000   1.1 Y  
22+    A1 <0.3  T64F      76   195 4.079   [3.15,5.21] 0.77 0.08 0.46 0.17 3.795 3.785 3.435 1.612 3.501 2.346     83   -115  0.48  6.62 0.0117 0.0578 0.0000   1.3 Y  
22+    A1 <0.3  T64       61   156 3.377   [3.15,3.40] 0.74 0.10 0.37 0.02 3.130 3.119 2.630 1.697 2.717 2.069    100   -111  0.51  5.16 0.0101 0.0416 0.0000   1.2 Y  
22+    A1 <0.3  T64B      15    38 5.211     [1 route] 0.85 0.35 1.31 0.51 4.843 4.810 4.596 1.527 4.636 2.278     63    -96  0.44  9.80 0.0166 0.0993 0.0000   1.3 Y  
22+    A1 <0.3  T5        20    51 3.831     [1 route] 0.70 0.28 0.80 0.01 3.662 3.623 3.203 1.775 3.288 2.385     89   -120  0.20  8.40 0.0087 0.0412 0.0000   1.1 Y  
22+    A1 <0.3  T4        13    33 4.190     [1 route] 0.85 0.39 0.53 0.13 3.815 3.785 3.542 1.418 3.605 1.781     75   -111  0.26  8.36 0.0151 0.0725 0.0000   1.1 Y  
22+    A1 <0.3  T3        56   143 3.662   [3.53,3.96] 0.81 0.11 0.48 0.12 3.390 3.380 2.919 1.722 2.999 1.896     96   -105  0.26  7.53 0.0106 0.0456 0.0000   0.9 Y  
22+    A1 <0.3  T2        57   146 4.131   [3.96,4.39] 0.77 0.10 0.38 0.17 3.787 3.776 3.490 1.472 3.561 2.176     72   -123  0.87  3.52 0.0100 0.0493 0.0000   1.1 Y  

22+    A2 .3-1  V282     203   520 3.684   [2.75,3.77] 0.67 0.03 0.27 0.07 3.493 3.488 2.974 1.833 3.076 2.765    104   -126  0.92  3.12 0.0114 0.0547 0.0000   2.8 Y  
22+    A2 .3-1  V282old   59   151 3.652   [2.88,3.97] 0.61 0.10 0.53 0.03 3.431 3.410 3.053 1.565 3.132 2.966     89   -117  0.93  2.88 0.0122 0.0603 0.0000   3.2 Y  
22+    A2 .3-1  TORQ     159   407 3.897   [3.62,4.30] 0.71 0.04 0.39 0.07 3.507 3.501 3.182 1.473 3.255 2.489     77   -117  0.25  3.28 0.0124 0.0598 0.0000   3.1 Y  
22+    A2 .3-1  T64F      47   120 4.241   [3.93,5.01] 0.71 0.12 0.85 0.08 3.798 3.779 3.489 1.500 3.559 2.609     73   -113  0.47  7.21 0.0123 0.0632 0.0000   3.5 Y  
22+    A2 .3-1  T64       38    97 4.396   [4.08,5.01] 0.69 0.15 0.88 0.26 3.945 3.918 3.621 1.565 3.670 2.846     73    -90  0.46  7.66 0.0114 0.0612 0.0000   3.9 Y  
22+    A2 .3-1  T64B       9    23 3.935     [1 route] 0.80 0.53 1.14 0.52 3.558 3.514 3.282 1.375 3.400 1.773     70   -153  0.49  6.38 0.0156 0.0713 0.0000   2.6 Y  
22+    A2 .3-1  T5        27    69 3.359     [1 route] 0.72 0.21 0.74 0.45 3.070 3.043 2.653 1.544 2.746 2.124     90   -123  0.25  6.88 0.0128 0.0532 0.0000   3.3 Y  
22+    A2 .3-1  T4        12    31 4.436     [1 route] 0.81 0.45 0.72 0.20 3.869 3.814 3.674 1.213 3.711 2.264     56    -84  0.21  9.69 0.0142 0.0730 0.0000   2.5 Y  
22+    A2 .3-1  T3        49   125 3.556   [3.49,3.60] 0.71 0.12 0.60 0.02 3.205 3.187 2.830 1.505 2.895 2.415     86    -99  0.26  7.47 0.0118 0.0526 0.0000   2.8 Y  
22+    A2 .3-1  T2        24    61 4.223   [3.31,4.61] 0.71 0.24 1.05 0.19 3.876 3.839 3.579 1.488 3.669 2.613     72   -147  0.87  3.75 0.0127 0.0662 0.0000   3.0 Y  

22+    A3 >=1   V282     125   320 3.528   [3.50,5.48] 0.62 0.05 0.44 0.28 3.199 3.189 2.743 1.646 2.823 2.901     90   -114  0.90  3.05 0.0118 0.0554 0.0000   7.3 Y  
22+    A3 >=1   V282old    6    15 2.342     [1 route] 0.64 0.78 1.70 0.33 1.991 1.797 1.683 1.063 1.843 2.103     79   -130  1.00  1.86 0.0116 0.0383 0.0000  10.9 .  coh,surr
22+    A3 >=1   TORQ      38    97 4.141   [3.27,5.11] 0.72 0.15 0.68 0.09 3.619 3.594 3.348 1.373 3.418 2.596     64   -105  0.50  4.10 0.0175 0.0878 0.0000   9.9 Y  
22+    A3 >=1   T64F      11    28 3.084     [1 route] 0.70 0.45 1.13 0.18 2.549 2.474 2.137 1.389 2.217 2.124     76    -46  0.46  5.57 0.0195 0.0738 0.0000  12.6 Y  
22+    A3 >=1   T64B      11    28 3.084     [1 route] 0.70 0.45 1.13 0.18 2.549 2.474 2.137 1.389 2.217 2.124     76    -46  0.46  5.57 0.0195 0.0738 0.0000  12.6 Y  
22+    A3 >=1   T5         3     8 4.457     [1 route] 0.92 0.95  nan  nan 4.067 4.006 3.721 1.643 3.796 1.412     82    -90  0.27  7.97 0.0148 0.0719 0.0000   8.2 .  n<6,coh
22+    A3 >=1   T4         5    13 4.012     [1 route] 0.58 0.78 1.45 0.77 3.595 3.348 3.381 1.222 3.475 3.209     59   -159  0.25  6.93 0.0132 0.0710 0.0000   6.0 .  n<6,coh
22+    A3 >=1   T3         1     3 3.788     [1 route] 1.00 0.95  nan  nan 3.475 3.475 3.216 1.316 3.321 0.000     55    -23  0.26  8.96 0.0121 0.0497 0.0000   4.9 .  n<6
22+    A3 >=1   T2        18    46 4.992   [4.73,5.48] 0.79 0.31 2.08 0.38 4.474 4.436 4.245 1.411 4.312 2.474     54   -125  0.76  4.41 0.0178 0.1027 0.0000  11.2 Y  


========================================================================================================================================================
BAND 2.40-4.00 Hz   (window 5.12 s, df 0.1953 Hz, 8 bins)
========================================================================================================================================================
speed  amp      group      n   sec   |H|       [95%CI]  coh  flr  sur   sh  Mcoh    bc  Mgai  Mpha  M_al  Minc    lag     gd   Hxz   Hzy  inRMS  ouRMS   rail  sa95 a  why
0-8    A1 <0.3  V282     151   387 2.650   [2.47,3.16] 0.57 0.04 0.19 0.02 2.001 1.991 1.713 1.033 1.991 2.393     13   -222  0.76  2.89 0.0012 0.0042 0.0022   6.5 .  NONCAUSAL-BAND
0-8    A1 <0.3  V282old   57   146 2.697   [2.62,2.95] 0.40 0.10 0.25 0.14 2.088 2.035 1.759 1.125 1.850 3.561    -23   -144  0.78  2.83 0.0015 0.0069 0.0009   7.2 .  NONCAUSAL-BAND
0-8    A1 <0.3  TORQ     156   399 2.054   [1.48,2.69] 0.26 0.04 0.23 0.23 1.544 1.517 1.125 1.058 1.383 3.584    -12   -233  0.13  1.06 0.0016 0.0066 0.0000   4.0 .  NONCAUSAL-BAND
0-8    A1 <0.3  T64F      52   133 1.586   [1.23,2.60] 0.25 0.11 0.47 0.60 1.148 1.069 0.758 0.862 1.091 3.010     -4   -231  0.39  4.11 0.0018 0.0061 0.0000   4.6 .  NONCAUSAL-BAND
0-8    A1 <0.3  T64       30    77 1.311   [1.23,2.20] 0.37 0.19 0.33 0.55 1.256 1.196 0.634 1.085 1.217 2.101     -4   -313  0.36  3.35 0.0019 0.0048 0.0000   3.8 .  NONCAUSAL-BAND
0-8    A1 <0.3  T64B      22    56 2.602     [1 route] 0.35 0.26 0.92 0.25 2.087 1.928 1.836 0.992 2.043 3.745     -5   -234  0.44  5.68 0.0016 0.0075 0.0000   5.3 .  NONCAUSAL-BAND
0-8    A1 <0.3  T5         8    20 2.336     [1 route] 0.43 0.63 0.92 0.44 2.029 1.787 1.790 0.954 2.019 2.715     15   -240  0.17 10.46 0.0008 0.0031 0.0000   3.3 .  coh,NONCAUSAL-BAND
0-8    A1 <0.3  T4        31    79 3.034   [3.03,7.95] 0.37 0.18 0.90 0.30 2.542 2.441 2.162 1.337 2.325 4.021    -19   -204  0.15 17.14 0.0016 0.0081 0.0000   4.2 .  NONCAUSAL-BAND
0-8    A1 <0.3  T3        23    59 2.263   [2.26,4.26] 0.42 0.24 0.51 0.21 2.024 1.954 1.652 1.170 1.969 2.581      6   -322  0.17 11.30 0.0015 0.0053 0.0000   3.3 .  NONCAUSAL-BAND
0-8    A1 <0.3  T2        42   108 2.224   [1.71,3.00] 0.25 0.14 0.46 0.65 1.887 1.781 1.361 1.307 1.608 4.041    -23   -223  0.94  1.82 0.0015 0.0071 0.0000   3.6 .  NONCAUSAL-BAND

0-8    A2 .3-1  V282       7    18 2.196   [0.70,7.78] 0.26 0.63 1.46 1.33 2.090 1.643 1.921 0.823 2.088 3.651     14   -139  0.81  1.89 0.0019 0.0087 0.0022  28.7 .  coh,surr,NONCAUSAL-BAND
0-8    A2 .3-1  V282old    8    20 1.359   [1.36,2.86] 0.22 0.63 1.00 0.32 1.187 0.314 0.621 1.012 1.099 3.239     -6   -278  0.86  1.22 0.0020 0.0070 0.0808  51.7 .  coh,surr,bias,NONCAUSAL-BAND
0-8    A2 .3-1  TORQ      28    72 0.670   [0.36,1.92] 0.05 0.21 0.44 0.34 0.779 0.530 0.577 0.524 0.644 3.020    -23   -143  0.09  1.75 0.0023 0.0072 0.0000  48.4 .  coh,surr,bias,NONCAUSAL-BAND
0-8    A2 .3-1  T64F       7    18 1.525   [1.53,3.96] 0.16 0.63 1.36 0.36 1.374 0.409 1.146 0.759 1.278 3.711    -25     -2  0.43  2.66 0.0019 0.0077 0.0000  85.9 .  coh,surr,bias,NONCAUSAL-BAND
0-8    A2 .3-1  T64        4    10 1.783   [1.78,3.96] 0.24 0.95 1.85 0.46 1.812 0.840 1.191 1.365 1.644 3.210    -47     19  0.39  3.78 0.0021 0.0079 0.0000  69.1 .  n<6,coh,surr,bias,NONCAUSAL-BAND
0-8    A2 .3-1  T64B       3     8 2.990     [1 route] 0.45 0.95  nan  nan 2.543 1.675 2.234 1.214 2.543 3.827     -5      7  0.57  4.59 0.0015 0.0074 0.0000 116.2 .  n<6,coh,bias,NONCAUSAL-BAND
0-8    A2 .3-1  T5         3     8 3.175     [1 route] 0.53 0.95  nan  nan 3.252 2.752 2.626 1.918 2.773 3.464    -59    148  0.17 14.18 0.0012 0.0059 0.0000  29.6 .  n<6,coh,NONCAUSAL-BAND
0-8    A2 .3-1  T4         7    18 0.428   [0.43,1.67] 0.04 0.63 1.32 0.60 1.067 0.616 0.625 0.865 0.837 2.466      3   -771  0.14  2.52 0.0033 0.0083 0.0000  30.8 .  coh,surr,bias,NONCAUSAL-BAND
0-8    A2 .3-1  T3         6    15 0.933     [1 route] 0.21 0.78 0.71 1.42 1.280 0.949 0.797 1.001 1.198 2.104     56   -335  0.14  6.03 0.0019 0.0047 0.0000  75.4 .  coh,surr,bias,NONCAUSAL-BAND
0-8    A2 .3-1  T2         5    13 2.604   [2.17,2.84] 0.47 0.78 1.61 0.40 2.445 2.177 1.917 1.518 2.190 2.723    -29   -310  0.85  2.61 0.0020 0.0078 0.0000  12.6 .  n<6,coh,surr,NONCAUSAL-BAND

0-8    A3 >=1   V282       1     3 1.609     [1 route] 1.00 0.95  nan  nan 1.539 1.539 0.710 1.365 1.429 0.000     37   -136  0.82  1.94 0.0043 0.0072 0.0234 172.6 .  n<6,NONCAUSAL-BAND
0-8    A3 >=1   V282old    7    18 0.587   [0.57,1.87] 0.18 0.63 0.35 0.39 0.985 0.838 0.453 0.875 0.797 1.465     32   -259  0.81  0.50 0.0053 0.0084 0.0580 171.6 .  coh,surr,NONCAUSAL-BAND
0-8    A3 >=1   TORQ      34    87 0.225   [0.19,0.55] 0.12 0.17 0.10 0.15 1.033 1.024 0.776 0.682 0.804 0.811   -105    592  0.17  0.84 0.0152 0.0128 0.0011 182.3 .  coh,NONCAUSAL-BAND
0-8    A3 >=1   T64F       9    23 0.574   [0.57,5.11] 0.28 0.53 0.28 0.31 1.101 1.041 0.517 0.972 0.601 1.132    -82    657  0.47  1.26 0.0109 0.0142 0.0000 189.1 .  coh,NONCAUSAL-BAND
0-8    A3 >=1   T64        3     8 1.546   [1.54,5.11] 0.47 0.95  nan  nan 1.288 0.015 0.840 0.976 1.236 2.575     11    318  0.57  2.31 0.0037 0.0114 0.0000 177.3 .  n<6,coh,bias,NONCAUSAL-BAND
0-8    A3 >=1   T64B       6    15 0.582     [1 route] 0.32 0.78 0.39 0.36 1.146 1.075 0.524 1.019 0.614 0.973    -90    674  0.46  1.28 0.0131 0.0154 0.0000 194.9 .  coh,surr,NONCAUSAL-BAND
0-8    A3 >=1   T5         2     5 1.398     [1 route] 0.38 0.95  nan  nan 2.515 2.369 1.295 2.157 1.504 1.690    149    189  0.19  6.07 0.0041 0.0104 0.0000 128.1 .  n<6,coh,NONCAUSAL-BAND,phase-wrap-risk
0-8    A3 >=1   T4        10    26 0.240     [1 route] 0.26 0.53 0.18 0.29 1.088 1.075 0.767 0.772 0.828 0.537   -114    598  0.17  1.30 0.0221 0.0132 0.0000 190.7 .  coh,surr,NONCAUSAL-BAND
0-8    A3 >=1   T3         8    20 0.238     [1 route] 0.09 0.63 0.31 0.03 1.012 0.970 0.796 0.625 0.902 0.818    -53    634  0.14  2.11 0.0142 0.0125 0.0049 158.5 .  coh,surr,NONCAUSAL-BAND
0-8    A3 >=1   T2         5    13 0.655   [0.64,1.27] 0.24 0.78 0.51 0.24 0.964 0.819 0.432 0.862 0.877 1.244    -24   -444  0.89  0.65 0.0074 0.0106 0.0000 190.9 .  n<6,coh,surr,NONCAUSAL-BAND

8-15   A1 <0.3  V282     110   282 3.745   [3.29,4.00] 0.53 0.05 0.53 0.13 3.066 3.044 2.890 1.024 3.042 3.802     24   -168  0.73  4.49 0.0025 0.0135 0.0000   1.7 .  NONCAUSAL-BAND
8-15   A1 <0.3  V282old   81   207 4.275   [4.24,4.93] 0.49 0.07 0.47 0.27 3.530 3.493 3.349 1.117 3.445 4.592     -8   -162  0.76  4.91 0.0026 0.0165 0.0000   2.9 .  NONCAUSAL-BAND
8-15   A1 <0.3  TORQ     299   765 3.964   [3.66,4.23] 0.54 0.02 0.32 0.12 3.123 3.114 3.019 0.798 3.114 3.914      4   -145  0.13  2.16 0.0030 0.0171 0.0000   2.9 .  NONCAUSAL-BAND
8-15   A1 <0.3  T64F     136   348 3.855   [3.63,4.21] 0.50 0.04 0.37 0.28 3.040 3.020 2.952 0.727 3.040 4.042      7   -135  0.46  7.53 0.0030 0.0171 0.0000   3.4 .  NONCAUSAL-BAND
8-15   A1 <0.3  T64       74   189 3.701   [3.48,3.93] 0.48 0.08 0.48 0.31 2.999 2.963 2.887 0.814 2.987 3.995     17   -135  0.45  7.46 0.0029 0.0160 0.0000   3.2 .  NONCAUSAL-BAND
8-15   A1 <0.3  T64B      62   159 4.215     [1 route] 0.58 0.10 0.70 0.21 3.404 3.369 3.282 0.903 3.375 3.821     -1   -156  0.47  8.12 0.0032 0.0182 0.0000   3.6 .  NONCAUSAL-BAND
8-15   A1 <0.3  T5         4    10 3.129     [1 route] 0.49 0.95 2.36 1.51 2.788 2.208 2.226 1.679 2.366 3.404     50     -9  0.18 18.12 0.0029 0.0137 0.0000   5.1 .  n<6,coh,surr,NONCAUSAL-BAND
8-15   A1 <0.3  T4        58   148 4.290     [1 route] 0.62 0.10 0.66 0.14 3.508 3.477 3.354 1.029 3.459 3.564     -4   -158  0.16 23.80 0.0032 0.0179 0.0000   2.8 .  NONCAUSAL-BAND
8-15   A1 <0.3  T3        27    69 3.690   [3.69,3.75] 0.55 0.21 1.45 0.68 2.866 2.778 2.791 0.650 2.863 3.715     15   -100  0.16 20.57 0.0027 0.0143 0.0000   1.9 .  NONCAUSAL-BAND
8-15   A1 <0.3  T2        74   189 4.244   [3.67,4.48] 0.60 0.08 0.41 0.02 3.425 3.398 3.289 0.956 3.403 3.690      1   -173  0.75  4.90 0.0031 0.0175 0.0000   1.8 .  NONCAUSAL-BAND

8-15   A2 .3-1  V282      64   164 2.014   [1.75,3.74] 0.23 0.09 0.47 0.35 1.402 1.306 1.174 0.768 1.381 4.090     22   -151  0.74  2.34 0.0032 0.0148 0.0000  12.0 .  NONCAUSAL-BAND
8-15   A2 .3-1  V282old   35    90 2.863   [2.52,4.27] 0.24 0.16 0.62 0.00 2.322 2.158 2.251 0.568 2.304 5.144     -4    -95  0.77  3.50 0.0028 0.0168 0.0000  12.0 .  NONCAUSAL-BAND
8-15   A2 .3-1  TORQ     123   315 2.553   [2.28,2.79] 0.28 0.05 0.28 0.28 1.664 1.617 1.582 0.515 1.646 4.337     -1   -111  0.13  1.66 0.0033 0.0165 0.0000  10.6 .  NONCAUSAL-BAND
8-15   A2 .3-1  T64F      38    97 2.804   [2.72,2.97] 0.33 0.15 0.71 0.15 1.963 1.844 1.888 0.539 1.939 4.158     -1    -94  0.44  5.60 0.0034 0.0173 0.0000  11.0 .  NONCAUSAL-BAND
8-15   A2 .3-1  T64       20    51 2.911   [2.91,2.97] 0.38 0.28 0.61 0.45 2.246 2.079 2.209 0.408 2.226 3.809     -4    -55  0.44  5.85 0.0037 0.0184 0.0000   9.8 .  NONCAUSAL-BAND
8-15   A2 .3-1  T64B      18    46 2.739     [1 route] 0.31 0.31 1.52 0.41 2.006 1.710 1.817 0.849 1.980 4.444      4   -176  0.45  5.37 0.0031 0.0160 0.0000  15.9 .  coh,surr,NONCAUSAL-BAND
8-15   A2 .3-1  T5        13    33 2.347     [1 route] 0.27 0.39 0.89 0.26 1.484 0.909 1.389 0.525 1.482 4.391     -5     44  0.17 12.84 0.0031 0.0156 0.0000  18.1 .  coh,bias,NONCAUSAL-BAND
8-15   A2 .3-1  T4        28    72 2.670     [1 route] 0.41 0.21 0.72 0.40 1.929 1.807 1.753 0.804 1.910 3.576      3   -194  0.17 12.75 0.0035 0.0157 0.0000  10.1 .  NONCAUSAL-BAND
8-15   A2 .3-1  T3         8    20 1.764   [1.76,3.12] 0.25 0.63 1.09 0.39 1.229 0.000 1.078 0.590 1.229 3.909     -4    -66  0.16 10.43 0.0041 0.0177 0.0000   6.0 .  coh,surr,bias,NONCAUSAL-BAND
8-15   A2 .3-1  T2        36    92 2.858   [2.86,3.14] 0.24 0.16 0.69 0.37 2.001 1.803 1.883 0.677 1.981 5.217     -1   -126  0.77  3.19 0.0027 0.0162 0.0000   9.6 .  NONCAUSAL-BAND

8-15   A3 >=1   V282      18    46 1.093   [0.98,8.54] 0.14 0.31 0.68 0.31 0.891 0.423 0.285 0.844 0.877 3.329     29   -215  0.69  1.34 0.0039 0.0135 0.0000  20.3 .  coh,surr,bias,NONCAUSAL-BAND
8-15   A3 >=1   V282old    3     8 1.828   [1.42,4.46] 0.37 0.95  nan  nan 2.529 1.959 1.239 2.205 1.441 3.200     70   -528  0.71  2.57 0.0049 0.0188 0.0000  47.2 .  n<6,coh,bias,NONCAUSAL-BAND
8-15   A3 >=1   TORQ      40   102 1.167   [1.11,1.97] 0.08 0.15 0.79 0.13 0.705 0.187 0.604 0.364 0.694 4.301     -3    -57  0.19  1.88 0.0047 0.0213 0.0000  74.4 .  coh,surr,bias,NONCAUSAL-BAND
8-15   A3 >=1   T64F      10    26 1.969   [1.97,4.19] 0.17 0.53 1.12 0.10 2.052 1.417 1.483 1.417 1.867 4.692     17    724  0.45  4.95 0.0048 0.0248 0.0000  80.6 .  coh,surr,bias,NONCAUSAL-BAND
8-15   A3 >=1   T64        1     3 4.190     [1 route] 1.00 0.95  nan  nan 5.135 5.135 4.524 2.430 4.842 0.000     36   -332  0.47  9.17 0.0049 0.0258 0.0000  83.7 .  n<6,NONCAUSAL-BAND
8-15   A3 >=1   T64B       9    23 2.095     [1 route] 0.18 0.53 1.56 0.22 2.130 1.539 1.487 1.525 1.899 4.655     10    768  0.45  4.93 0.0047 0.0247 0.0000  80.6 .  coh,surr,bias,NONCAUSAL-BAND
8-15   A3 >=1   T4        10    26 1.358     [1 route] 0.13 0.53 1.38 0.19 1.359 0.638 0.987 0.935 1.242 3.796    -16   -231  0.15  8.46 0.0049 0.0204 0.0000  73.7 .  coh,surr,bias,NONCAUSAL-BAND
8-15   A3 >=1   T3         3     8 2.166     [1 route] 0.39 0.95  nan  nan 2.382 1.772 1.305 1.992 1.997 3.183     57    539  0.20 11.17 0.0047 0.0183 0.0000  90.4 .  n<6,coh,bias,NONCAUSAL-BAND
8-15   A3 >=1   T2        17    44 1.553   [1.44,5.27] 0.13 0.31 0.60 0.02 0.878 0.000 0.780 0.402 0.848 4.021     -7     -8  0.75  1.92 0.0046 0.0201 0.0000  72.4 .  coh,bias,NONCAUSAL-BAND

15-22  A1 <0.3  V282     140   358 4.463   [2.69,4.85] 0.46 0.04 0.28 0.34 3.545 3.520 3.506 0.524 3.545 5.024      6   -112  0.69  5.01 0.0030 0.0203 0.0000   1.0 .  NONCAUSAL-BAND
15-22  A1 <0.3  V282old   66   169 4.979   [4.46,6.19] 0.51 0.09 0.74 0.42 4.133 4.089 4.060 0.772 4.115 4.868     -1   -132  0.73  5.40 0.0028 0.0197 0.0000   1.4 .  NONCAUSAL-BAND
15-22  A1 <0.3  TORQ     244   625 4.555   [4.06,5.23] 0.50 0.02 0.30 0.22 3.660 3.648 3.621 0.530 3.653 4.601      1   -102  0.15  3.66 0.0031 0.0199 0.0000   1.6 .  NONCAUSAL-BAND
15-22  A1 <0.3  T64F      92   236 4.313   [4.11,4.57] 0.49 0.06 0.48 0.16 3.396 3.364 3.371 0.411 3.396 4.494      3    -68  0.46  8.93 0.0030 0.0187 0.0000   1.7 .  NONCAUSAL-BAND
15-22  A1 <0.3  T64       76   195 4.482   [4.41,4.57] 0.51 0.08 0.60 0.13 3.557 3.521 3.535 0.397 3.555 4.414      7    -61  0.46  9.36 0.0030 0.0189 0.0000   1.7 .  NONCAUSAL-BAND
15-22  A1 <0.3  T64B      16    41 4.279     [1 route] 0.56 0.35 1.12 0.07 3.580 3.429 3.324 1.329 3.401 4.118    -21   -127  0.47  8.56 0.0030 0.0177 0.0000   1.8 .  NONCAUSAL-BAND
15-22  A1 <0.3  T5        24    61 3.980     [1 route] 0.39 0.24 0.99 0.55 3.110 2.936 3.041 0.649 3.058 5.016    -10    -68  0.17 21.81 0.0032 0.0205 0.0000   2.4 .  NONCAUSAL-BAND
15-22  A1 <0.3  T4         9    23 4.831     [1 route] 0.64 0.53 1.73 1.21 4.048 3.861 3.916 1.027 3.999 3.850     -6   -149  0.17 26.00 0.0032 0.0199 0.0000   1.9 .  NONCAUSAL-BAND
15-22  A1 <0.3  T3        81   207 4.357   [3.30,4.64] 0.55 0.07 0.65 0.04 3.449 3.420 3.405 0.546 3.449 3.999      5   -113  0.16 24.18 0.0031 0.0185 0.0000   1.3 .  NONCAUSAL-BAND
15-22  A1 <0.3  T2        38    97 6.203   [5.65,6.33] 0.58 0.15 1.04 0.96 5.526 5.464 5.450 0.913 5.507 5.124     -1   -152  0.71  6.30 0.0030 0.0250 0.0000   1.1 .  NONCAUSAL-BAND

15-22  A2 .3-1  V282      54   138 3.712   [3.07,4.28] 0.26 0.11 0.97 0.07 3.003 2.878 2.943 0.598 3.003 6.319      6   -137  0.74  3.66 0.0030 0.0226 0.0000   6.1 .  NONCAUSAL-BAND
15-22  A2 .3-1  V282old   38    97 2.618   [1.90,5.12] 0.24 0.15 0.68 0.62 2.227 2.085 2.054 0.860 2.206 4.823     16   -136  0.73  2.60 0.0031 0.0176 0.0000   7.1 .  NONCAUSAL-BAND
15-22  A2 .3-1  TORQ     183   468 3.932   [3.14,4.55] 0.29 0.03 0.47 0.38 3.183 3.151 3.136 0.545 3.175 6.096      0   -114  0.24  2.58 0.0036 0.0261 0.0000   7.0 .  NONCAUSAL-BAND
15-22  A2 .3-1  T64F      40   102 3.999   [3.90,5.44] 0.35 0.15 1.10 0.37 3.351 3.231 3.236 0.872 3.263 5.623    -17    -79  0.47  8.25 0.0034 0.0240 0.0000   9.3 .  NONCAUSAL-BAND
15-22  A2 .3-1  T64       14    36 3.915   [3.91,5.44] 0.34 0.39 1.12 1.12 3.150 2.761 3.079 0.665 3.142 5.677     -2    -51  0.46  8.16 0.0027 0.0190 0.0000   8.2 .  coh,NONCAUSAL-BAND
15-22  A2 .3-1  T64B      26    67 4.154     [1 route] 0.38 0.22 0.94 0.29 3.657 3.497 3.501 1.054 3.537 5.448    -21   -112  0.47  8.67 0.0037 0.0262 0.0000   9.7 .  NONCAUSAL-BAND
15-22  A2 .3-1  T5        18    46 2.829     [1 route] 0.17 0.31 1.82 0.30 2.163 1.513 1.985 0.859 2.153 6.558      5   -139  0.16 16.97 0.0036 0.0258 0.0000   4.0 .  coh,surr,bias,NONCAUSAL-BAND
15-22  A2 .3-1  T4        15    38 4.260     [1 route] 0.48 0.35 1.47 0.53 3.554 3.360 3.474 0.751 3.553 4.637      3   -163  0.16 24.29 0.0037 0.0240 0.0000   9.0 .  NONCAUSAL-BAND
15-22  A2 .3-1  T3        22    56 2.661   [2.66,2.77] 0.32 0.26 0.66 0.24 2.067 1.884 1.974 0.612 2.058 3.985     12    -63  0.16 16.04 0.0033 0.0164 0.0000   5.3 .  NONCAUSAL-BAND
15-22  A2 .3-1  T2        88   225 4.535   [4.02,5.00] 0.32 0.07 0.65 0.99 3.821 3.757 3.774 0.600 3.820 6.518      4   -124  0.73  4.44 0.0036 0.0293 0.0000   6.9 .  NONCAUSAL-BAND

15-22  A3 >=1   V282      24    61 2.009     [1 route] 0.21 0.24 0.97 0.36 1.853 1.671 1.453 1.149 1.646 3.925     44   -172  0.62  1.85 0.0035 0.0160 0.0000  14.1 .  coh,NONCAUSAL-BAND
15-22  A3 >=1   V282old    6    15 1.615     [1 route] 0.30 0.78 1.37 0.28 1.861 1.562 0.904 1.627 1.216 2.480    -66    144  0.78  1.77 0.0058 0.0175 0.0000  21.0 .  coh,surr,NONCAUSAL-BAND
15-22  A3 >=1   TORQ      43   110 5.342   [3.08,7.55] 0.47 0.13 1.02 0.18 4.928 4.858 4.892 0.593 4.921 5.493     -1   -120  0.14  4.34 0.0068 0.0540 0.0000  13.7 .  NONCAUSAL-BAND
15-22  A3 >=1   T64F      14    36 4.245   [4.10,8.80] 0.35 0.39 2.22 0.32 3.444 3.048 3.320 0.914 3.424 5.994     -6   -139  0.47  8.27 0.0070 0.0514 0.0000  14.5 .  coh,surr,NONCAUSAL-BAND
15-22  A3 >=1   T64        2     5 8.797     [1 route] 0.90 0.95  nan  nan 8.135 7.968 8.032 1.287 8.102 3.275     19    -43  0.49 17.58 0.0039 0.0369 0.0000  12.8 .  n<6,coh,NONCAUSAL-BAND
15-22  A3 >=1   T64B      12    31 4.098     [1 route] 0.33 0.45 1.74 0.21 3.321 2.842 3.180 0.959 3.292 5.952     -8   -144  0.47  7.98 0.0074 0.0534 0.0000  14.6 .  coh,NONCAUSAL-BAND
15-22  A3 >=1   T4        16    41 3.653     [1 route] 0.31 0.35 1.54 0.74 3.226 2.903 3.035 1.093 3.193 5.627    -10   -247  0.16 19.84 0.0048 0.0326 0.0000  13.2 .  coh,NONCAUSAL-BAND
15-22  A3 >=1   T2        13    33 7.261   [2.09,7.94] 0.69 0.39 1.64 0.42 6.794 6.699 6.753 0.751 6.792 4.250      2   -145  0.51  9.42 0.0084 0.0740 0.0000  12.7 .  NONCAUSAL-BAND

22+    A1 <0.3  V282     404  1034 6.787   [5.74,7.45] 0.52 0.01 0.70 0.15 5.975 5.964 5.900 0.947 5.962 7.318     19   -137  0.66  7.67 0.0029 0.0295 0.0000   0.8 .  NONCAUSAL-BAND
22+    A1 <0.3  V282old   90   230 8.342   [8.04,8.96] 0.63 0.07 0.92 0.01 7.493 7.458 7.420 1.044 7.493 6.824     11   -146  0.65  9.70 0.0037 0.0402 0.0000   1.2 .  NONCAUSAL-BAND
22+    A1 <0.3  TORQ     222   568 7.815   [6.99,8.86] 0.60 0.03 0.47 0.27 6.966 6.951 6.908 0.899 6.966 6.723     10   -150  0.11  4.30 0.0039 0.0409 0.0000   1.1 .  NONCAUSAL-BAND
22+    A1 <0.3  T64F      76   195 8.137  [6.17,10.64] 0.57 0.08 1.23 0.58 7.415 7.367 7.368 0.833 7.415 7.314      8   -151  0.48 16.76 0.0040 0.0447 0.0000   1.3 .  NONCAUSAL-BAND
22+    A1 <0.3  T64       61   156 6.391   [6.17,6.48] 0.56 0.10 1.30 0.64 5.581 5.530 5.543 0.650 5.574 5.978     12   -100  0.47 13.42 0.0034 0.0297 0.0000   1.2 .  NONCAUSAL-BAND
22+    A1 <0.3  T64B      15    38 10.637     [1 route] 0.66 0.35 1.98 1.81 9.852 9.646 9.771 1.264 9.851 8.017      5   -196  0.50 20.99 0.0060 0.0807 0.0000   1.3 .  NONCAUSAL-BAND
22+    A1 <0.3  T5        20    51 7.582     [1 route] 0.65 0.28 1.01 0.00 6.845 6.723 6.777 0.961 6.844 5.755     16   -148  0.17 40.46 0.0037 0.0359 0.0000   1.1 .  NONCAUSAL-BAND
22+    A1 <0.3  T4        13    33 8.078     [1 route] 0.68 0.39 1.73 0.81 7.281 7.111 7.159 1.325 7.270 5.853      4   -190  0.17 42.62 0.0054 0.0542 0.0000   1.1 .  NONCAUSAL-BAND
22+    A1 <0.3  T3        56   143 6.976   [6.75,7.82] 0.56 0.11 0.88 0.07 6.114 6.050 6.062 0.791 6.107 6.602     13   -115  0.16 40.16 0.0034 0.0328 0.0000   0.9 .  NONCAUSAL-BAND
22+    A1 <0.3  T2        57   146 8.079   [7.60,9.08] 0.66 0.10 1.52 0.00 7.193 7.148 7.127 0.978 7.193 6.161     12   -148  0.66  9.86 0.0040 0.0409 0.0000   1.1 .  NONCAUSAL-BAND

22+    A2 .3-1  V282     203   520 5.899   [5.52,7.32] 0.36 0.03 0.38 0.47 5.234 5.202 5.142 0.974 5.212 8.251     20   -141  0.70  6.10 0.0035 0.0357 0.0000   2.8 .  NONCAUSAL-BAND
22+    A2 .3-1  V282old   59   151 5.900   [5.46,8.04] 0.36 0.10 1.06 0.14 5.152 5.037 5.041 1.066 5.152 8.383      9   -152  0.72  6.50 0.0040 0.0417 0.0000   3.2 .  NONCAUSAL-BAND
22+    A2 .3-1  TORQ     159   407 7.150   [6.52,8.00] 0.50 0.04 0.73 0.34 6.291 6.264 6.240 0.800 6.291 7.395     11   -130  0.10  4.00 0.0041 0.0426 0.0000   3.1 .  NONCAUSAL-BAND
22+    A2 .3-1  T64F      47   120 7.018   [5.92,9.20] 0.47 0.12 1.02 0.48 6.238 6.138 6.179 0.855 6.234 7.699     15   -131  0.46 14.56 0.0041 0.0432 0.0000   3.5 .  NONCAUSAL-BAND
22+    A2 .3-1  T64       38    97 7.192   [5.92,9.20] 0.46 0.15 1.22 0.66 6.453 6.325 6.389 0.906 6.438 7.853     17   -125  0.46 15.03 0.0039 0.0421 0.0000   3.9 .  NONCAUSAL-BAND
22+    A2 .3-1  T64B       9    23 6.909     [1 route] 0.58 0.53 2.64 0.15 6.251 5.880 6.151 1.109 6.239 6.708      7   -151  0.46 14.41 0.0048 0.0473 0.0000   2.6 .  NONCAUSAL-BAND
22+    A2 .3-1  T5        27    69 6.415     [1 route] 0.51 0.21 1.38 1.05 5.527 5.361 5.509 0.439 5.527 7.115      6    -53  0.17 34.05 0.0039 0.0374 0.0000   3.3 .  NONCAUSAL-BAND
22+    A2 .3-1  T4        12    31 9.049     [1 route] 0.65 0.45 2.54 1.43 8.496 8.289 8.420 1.138 8.496 6.464     10   -186  0.16 52.11 0.0046 0.0527 0.0000   2.5 .  NONCAUSAL-BAND
22+    A2 .3-1  T3        49   125 6.684   [6.53,6.80] 0.48 0.12 1.77 0.68 5.793 5.696 5.741 0.774 5.793 7.447      8   -124  0.16 37.93 0.0038 0.0381 0.0000   2.8 .  NONCAUSAL-BAND
22+    A2 .3-1  T2        24    61 7.973   [6.35,8.48] 0.61 0.24 1.04 0.18 7.171 7.041 7.078 1.151 7.171 6.667     11   -179  0.67  9.67 0.0047 0.0495 0.0000   3.0 .  NONCAUSAL-BAND

22+    A3 >=1   V282     125   320 3.675   [3.63,7.60] 0.28 0.05 0.74 0.51 3.214 3.164 3.112 0.804 3.158 6.318     23   -102  0.72  3.40 0.0041 0.0308 0.0000   7.3 .  NONCAUSAL-BAND
22+    A3 >=1   V282old    6    15 3.408     [1 route] 0.25 0.78 2.77 0.42 2.861 1.256 2.619 1.152 2.859 6.298     19   -142  0.77  3.62 0.0040 0.0293 0.0000  10.9 .  coh,surr,bias,NONCAUSAL-BAND
22+    A3 >=1   TORQ      38    97 6.689   [5.36,8.35] 0.54 0.15 1.34 0.04 6.130 6.035 6.017 1.175 6.108 6.656      2   -210  0.20  4.83 0.0066 0.0633 0.0000   9.9 .  NONCAUSAL-BAND
22+    A3 >=1   T64F      11    28 5.373     [1 route] 0.47 0.45 1.95 0.83 5.065 4.752 4.849 1.464 5.011 6.068     -1   -252  0.45 11.15 0.0066 0.0553 0.0000  12.6 .  NONCAUSAL-BAND
22+    A3 >=1   T64B      11    28 5.373     [1 route] 0.47 0.45 1.95 0.83 5.065 4.752 4.849 1.464 5.011 6.068     -1   -252  0.45 11.15 0.0066 0.0553 0.0000  12.6 .  NONCAUSAL-BAND
22+    A3 >=1   T5         3     8 9.154     [1 route] 0.86 0.95  nan  nan 8.450 8.260 8.428 0.611 8.439 3.566      6     22  0.17 41.99 0.0041 0.0411 0.0000   8.2 .  n<6,coh,NONCAUSAL-BAND
22+    A3 >=1   T4         5    13 6.428     [1 route] 0.60 0.78 3.15 0.92 6.069 5.708 5.784 1.838 5.945 5.052    -18   -246  0.16 35.01 0.0059 0.0498 0.0000   6.0 .  n<6,coh,NONCAUSAL-BAND
22+    A3 >=1   T3         1     3 6.224     [1 route] 1.00 0.95  nan  nan 6.383 6.383 5.797 2.670 5.897 0.000    -57    -13  0.14 43.89 0.0053 0.0358 0.0000   4.9 .  n<6,NONCAUSAL-BAND
22+    A3 >=1   T2        18    46 7.653   [6.46,8.66] 0.62 0.31 2.47 0.89 7.210 7.034 7.131 1.069 7.203 6.718      6    -98  0.61  8.72 0.0071 0.0745 0.0000  11.2 .  NONCAUSAL-BAND


========================================================================================================================================================
CROSS-SCALE CONSISTENCY: the same band read at two window lengths (leakage / df control)
========================================================================================================================================================
   0.15-0.30 15-22  A2 .3-1  TORQ   |H| 1.050@20s vs 1.124@41s ( 7.0%)  Mcoh 0.752 vs 0.827  lag 499 vs 582 ms
   0.15-0.30 22+    A1 <0.3  V282   |H| 0.809@20s vs 0.814@41s ( 0.7%)  Mcoh 0.659 vs 0.588  lag 456 vs 431 ms
   0.15-0.30 22+    A1 <0.3  TORQ   |H| 0.908@20s vs 0.893@41s ( 1.6%)  Mcoh 0.920 vs 0.915  lag 663 vs 679 ms
   0.15-0.30 22+    A2 .3-1  V282   |H| 0.881@20s vs 0.856@41s ( 2.8%)  Mcoh 0.346 vs 0.349  lag 220 vs 235 ms
   0.15-0.30 22+    A2 .3-1  TORQ   |H| 0.922@20s vs 0.934@41s ( 1.3%)  Mcoh 0.790 vs 0.791  lag 549 vs 577 ms
   0.15-0.30 22+    A3 >=1   V282   |H| 0.926@20s vs 0.925@41s ( 0.1%)  Mcoh 0.312 vs 0.318  lag 191 vs 194 ms
   0.15-0.30 22+    A3 >=1   TORQ   |H| 1.007@20s vs 1.103@41s ( 9.6%)  Mcoh 0.655 vs 0.551  lag 433 vs 338 ms
   0.30-0.60 0-8    A1 <0.3  V282   |H| 0.936@10s vs 0.641@20s (31.5%)  Mcoh 0.805 vs 0.814  lag 293 vs 370 ms
   0.30-0.60 8-15   A1 <0.3  TORQ   |H| 0.928@10s vs 0.921@20s ( 0.8%)  Mcoh 1.112 vs 1.174  lag 431 vs 519 ms
   0.30-0.60 8-15   A1 <0.3  T64F   |H| 1.011@10s vs 1.017@20s ( 0.6%)  Mcoh 1.127 vs 1.187  lag 417 vs 491 ms
   0.30-0.60 8-15   A2 .3-1  TORQ   |H| 1.195@10s vs 1.086@20s ( 9.1%)  Mcoh 1.174 vs 1.248  lag 396 vs 499 ms
   0.30-0.60 8-15   A3 >=1   TORQ   |H| 1.356@10s vs 1.321@20s ( 2.6%)  Mcoh 1.018 vs 0.832  lag 236 vs 246 ms
   0.30-0.60 15-22  A1 <0.3  V282   |H| 0.960@10s vs 0.918@20s ( 4.4%)  Mcoh 1.007 vs 0.975  lag 355 vs 384 ms
   0.30-0.60 15-22  A1 <0.3  TORQ   |H| 1.205@10s vs 1.235@20s ( 2.5%)  Mcoh 1.520 vs 1.510  lag 519 vs 543 ms
   0.30-0.60 15-22  A1 <0.3  T64F   |H| 1.343@10s vs 1.345@20s ( 0.1%)  Mcoh 1.649 vs 1.673  lag 538 vs 583 ms
   0.30-0.60 15-22  A2 .3-1  V282   |H| 1.047@10s vs 1.074@20s ( 2.6%)  Mcoh 0.807 vs 0.795  lag 246 vs 258 ms
   0.30-0.60 15-22  A2 .3-1  TORQ   |H| 1.231@10s vs 1.252@20s ( 1.7%)  Mcoh 1.284 vs 1.279  lag 403 vs 412 ms
   0.30-0.60 15-22  A2 .3-1  T64F   |H| 1.582@10s vs 1.559@20s ( 1.4%)  Mcoh 1.656 vs 1.698  lag 436 vs 476 ms
   0.30-0.60 15-22  A3 >=1   TORQ   |H| 1.528@10s vs 1.551@20s ( 1.5%)  Mcoh 1.355 vs 1.424  lag 356 vs 389 ms
   0.30-0.60 22+    A1 <0.3  V282   |H| 1.277@10s vs 1.204@20s ( 5.7%)  Mcoh 1.346 vs 1.278  lag 410 vs 428 ms
   0.30-0.60 22+    A1 <0.3  TORQ   |H| 1.423@10s vs 1.396@20s ( 1.9%)  Mcoh 1.631 vs 1.614  lag 499 vs 535 ms
   0.30-0.60 22+    A1 <0.3  T64F   |H| 1.507@10s vs 1.476@20s ( 2.0%)  Mcoh 1.685 vs 1.670  lag 499 vs 535 ms
   0.30-0.60 22+    A2 .3-1  V282   |H| 1.115@10s vs 1.088@20s ( 2.4%)  Mcoh 0.890 vs 0.859  lag 260 vs 280 ms
   0.30-0.60 22+    A2 .3-1  TORQ   |H| 1.214@10s vs 1.221@20s ( 0.6%)  Mcoh 1.293 vs 1.341  lag 423 vs 477 ms
   0.30-0.60 22+    A2 .3-1  T64F   |H| 1.338@10s vs 1.322@20s ( 1.2%)  Mcoh 1.361 vs 1.389  lag 415 vs 476 ms
   0.30-0.60 22+    A3 >=1   V282   |H| 1.172@10s vs 1.217@20s ( 3.8%)  Mcoh 0.878 vs 0.908  lag 250 vs 265 ms
   0.30-0.60 22+    A3 >=1   TORQ   |H| 1.333@10s vs 1.547@20s (16.1%)  Mcoh 1.168 vs 1.437  lag 346 vs 427 ms
   1.20-2.40 0-8    A1 <0.3  V282   |H| 1.384@5s vs 1.359@10s ( 1.8%)  Mcoh 1.721 vs 1.679  lag 150 vs 139 ms
   1.20-2.40 0-8    A1 <0.3  TORQ   |H| 1.238@5s vs 1.413@10s (14.2%)  Mcoh 1.225 vs 1.516  lag 116 vs 122 ms
   1.20-2.40 0-8    A1 <0.3  T64F   |H| 1.110@5s vs 1.352@10s (21.8%)  Mcoh 1.237 vs 1.620  lag 131 vs 151 ms
   1.20-2.40 0-8    A3 >=1   TORQ   |H| 0.345@5s vs 0.415@10s (20.2%)  Mcoh 0.910 vs 0.877  lag -113 vs -104 ms
   1.20-2.40 8-15   A1 <0.3  V282   |H| 1.185@5s vs 1.421@10s (19.9%)  Mcoh 1.415 vs 1.482  lag 135 vs 110 ms
   1.20-2.40 8-15   A1 <0.3  TORQ   |H| 1.404@5s vs 1.334@10s ( 5.0%)  Mcoh 1.274 vs 1.260  lag 96 vs 104 ms
   1.20-2.40 8-15   A1 <0.3  T64F   |H| 1.411@5s vs 1.371@10s ( 2.8%)  Mcoh 1.319 vs 1.313  lag 102 vs 108 ms
   1.20-2.40 8-15   A2 .3-1  V282   |H| 0.784@5s vs 0.768@10s ( 2.1%)  Mcoh 1.319 vs 1.234  lag 193 vs 185 ms
   1.20-2.40 8-15   A2 .3-1  TORQ   |H| 1.106@5s vs 1.160@10s ( 4.9%)  Mcoh 0.839 vs 0.998  lag 81 vs 96 ms
   1.20-2.40 8-15   A3 >=1   TORQ   |H| 2.515@5s vs 3.107@10s (23.5%)  Mcoh 1.953 vs 2.669  lag 10 vs 17 ms
   1.20-2.40 15-22  A1 <0.3  V282   |H| 3.504@5s vs 3.459@10s ( 1.3%)  Mcoh 3.230 vs 3.205  lag 88 vs 91 ms
   1.20-2.40 15-22  A1 <0.3  TORQ   |H| 3.127@5s vs 2.981@10s ( 4.7%)  Mcoh 2.760 vs 2.669  lag 86 vs 93 ms
   1.20-2.40 15-22  A1 <0.3  T64F   |H| 2.948@5s vs 2.569@10s (12.8%)  Mcoh 2.585 vs 2.286  lag 80 vs 78 ms
   1.20-2.40 15-22  A2 .3-1  V282   |H| 2.763@5s vs 3.323@10s (20.3%)  Mcoh 2.623 vs 3.319  lag 100 vs 93 ms
   1.20-2.40 15-22  A2 .3-1  TORQ   |H| 2.850@5s vs 3.020@10s ( 6.0%)  Mcoh 2.420 vs 2.687  lag 74 vs 87 ms
   1.20-2.40 15-22  A2 .3-1  T64F   |H| 3.052@5s vs 3.235@10s ( 6.0%)  Mcoh 2.591 vs 2.774  lag 76 vs 77 ms
   1.20-2.40 15-22  A3 >=1   V282   |H| 1.647@5s vs 1.604@10s ( 2.6%)  Mcoh 1.725 vs 1.776  lag 132 vs 155 ms
   1.20-2.40 15-22  A3 >=1   TORQ   |H| 5.051@5s vs 4.507@10s (10.8%)  Mcoh 4.604 vs 4.226  lag 49 vs 66 ms
   1.20-2.40 15-22  A3 >=1   T64F   |H| 5.719@5s vs 3.287@10s (42.5%)  Mcoh 5.171 vs 2.978  lag 44 vs 117 ms
   1.20-2.40 22+    A1 <0.3  V282   |H| 3.619@5s vs 3.482@10s ( 3.8%)  Mcoh 3.376 vs 3.262  lag 100 vs 103 ms
   1.20-2.40 22+    A1 <0.3  TORQ   |H| 3.974@5s vs 3.774@10s ( 5.0%)  Mcoh 3.664 vs 3.519  lag 83 vs 93 ms
   1.20-2.40 22+    A1 <0.3  T64F   |H| 4.079@5s vs 3.955@10s ( 3.0%)  Mcoh 3.785 vs 3.739  lag 83 vs 91 ms
   1.20-2.40 22+    A2 .3-1  V282   |H| 3.684@5s vs 3.621@10s ( 1.7%)  Mcoh 3.488 vs 3.484  lag 104 vs 108 ms
   1.20-2.40 22+    A2 .3-1  TORQ   |H| 3.897@5s vs 3.958@10s ( 1.6%)  Mcoh 3.501 vs 3.618  lag 77 vs 81 ms
   1.20-2.40 22+    A2 .3-1  T64F   |H| 4.241@5s vs 4.241@10s ( 0.0%)  Mcoh 3.779 vs 3.834  lag 73 vs 73 ms
   1.20-2.40 22+    A3 >=1   V282   |H| 3.528@5s vs 3.605@10s ( 2.2%)  Mcoh 3.189 vs 3.315  lag 90 vs 100 ms
   1.20-2.40 22+    A3 >=1   TORQ   |H| 4.141@5s vs 3.868@10s ( 6.6%)  Mcoh 3.594 vs 3.358  lag 64 vs 64 ms
   1.20-2.40 22+    A3 >=1   T64F   |H| 3.084@5s vs 3.054@10s ( 1.0%)  Mcoh 2.474 vs 2.464  lag 76 vs 76 ms
   0.60-1.20 0-8    A1 <0.3  V282   |H| 0.790@10s vs 0.871@5s (10.2%)  Mcoh 1.497 vs 1.541  lag 348 vs 327 ms
   0.60-1.20 0-8    A1 <0.3  TORQ   |H| 0.898@10s vs 1.066@5s (18.8%)  Mcoh 1.628 vs 1.730  lag 394 vs 357 ms
   0.60-1.20 0-8    A1 <0.3  T64F   |H| 0.921@10s vs 1.024@5s (11.2%)  Mcoh 1.694 vs 1.687  lag 398 vs 349 ms
   0.60-1.20 0-8    A3 >=1   TORQ   |H| 1.014@10s vs 0.695@5s (31.4%)  Mcoh 1.766 vs 1.484  lag -339 vs -341 ms
   0.60-1.20 8-15   A1 <0.3  V282   |H| 0.838@10s vs 0.837@5s ( 0.1%)  Mcoh 1.565 vs 1.520  lag 355 vs 330 ms
   0.60-1.20 8-15   A1 <0.3  TORQ   |H| 0.734@10s vs 0.810@5s (10.4%)  Mcoh 1.506 vs 1.550  lag 390 vs 364 ms
   0.60-1.20 8-15   A1 <0.3  T64F   |H| 0.876@10s vs 0.925@5s ( 5.7%)  Mcoh 1.571 vs 1.616  lag 371 vs 356 ms
   0.60-1.20 8-15   A2 .3-1  V282   |H| 1.057@10s vs 0.945@5s (10.6%)  Mcoh 1.485 vs 1.472  lag 296 vs 287 ms
   0.60-1.20 8-15   A2 .3-1  TORQ   |H| 1.254@10s vs 1.041@5s (17.0%)  Mcoh 1.814 vs 1.592  lag 352 vs 315 ms
   0.60-1.20 8-15   A2 .3-1  T64F   |H| 1.438@10s vs 1.370@5s ( 4.7%)  Mcoh 1.811 vs 1.756  lag 300 vs 284 ms
   0.60-1.20 8-15   A3 >=1   V282   |H| 1.097@10s vs 1.077@5s ( 1.8%)  Mcoh 1.564 vs 1.502  lag 294 vs 275 ms
   0.60-1.20 8-15   A3 >=1   TORQ   |H| 2.503@10s vs 2.251@5s (10.1%)  Mcoh 2.385 vs 2.114  lag 236 vs 216 ms
   0.60-1.20 15-22  A1 <0.3  V282   |H| 1.629@10s vs 1.462@5s (10.3%)  Mcoh 1.995 vs 1.825  lag 298 vs 281 ms
   0.60-1.20 15-22  A1 <0.3  TORQ   |H| 1.224@10s vs 1.316@5s ( 7.5%)  Mcoh 1.753 vs 1.747  lag 352 vs 309 ms
   0.60-1.20 15-22  A1 <0.3  T64F   |H| 1.241@10s vs 1.427@5s (15.0%)  Mcoh 1.795 vs 1.848  lag 355 vs 309 ms
   0.60-1.20 15-22  A2 .3-1  V282   |H| 1.411@10s vs 1.310@5s ( 7.2%)  Mcoh 1.739 vs 1.654  lag 286 vs 274 ms
   0.60-1.20 15-22  A2 .3-1  TORQ   |H| 1.684@10s vs 1.468@5s (12.8%)  Mcoh 1.964 vs 1.750  lag 307 vs 279 ms
   0.60-1.20 15-22  A2 .3-1  T64F   |H| 1.943@10s vs 1.756@5s ( 9.6%)  Mcoh 2.183 vs 1.937  lag 312 vs 273 ms
   0.60-1.20 15-22  A3 >=1   V282   |H| 1.226@10s vs 1.156@5s ( 5.7%)  Mcoh 1.668 vs 1.589  lag 311 vs 284 ms
   0.60-1.20 15-22  A3 >=1   TORQ   |H| 1.979@10s vs 1.880@5s ( 5.0%)  Mcoh 2.090 vs 1.913  lag 281 vs 248 ms
   0.60-1.20 15-22  A3 >=1   T64F   |H| 1.960@10s vs 2.025@5s ( 3.3%)  Mcoh 2.022 vs 2.057  lag 268 vs 252 ms
   0.60-1.20 22+    A1 <0.3  V282   |H| 1.872@10s vs 1.895@5s ( 1.2%)  Mcoh 2.118 vs 2.126  lag 289 vs 273 ms
   0.60-1.20 22+    A1 <0.3  TORQ   |H| 1.737@10s vs 1.690@5s ( 2.7%)  Mcoh 2.038 vs 1.979  lag 310 vs 286 ms
   0.60-1.20 22+    A1 <0.3  T64F   |H| 1.825@10s vs 1.785@5s ( 2.2%)  Mcoh 2.134 vs 2.092  lag 317 vs 298 ms
   0.60-1.20 22+    A2 .3-1  V282   |H| 1.789@10s vs 1.776@5s ( 0.8%)  Mcoh 1.981 vs 1.961  lag 278 vs 262 ms
   0.60-1.20 22+    A2 .3-1  TORQ   |H| 1.724@10s vs 1.741@5s ( 1.0%)  Mcoh 1.966 vs 1.898  lag 305 vs 264 ms
   0.60-1.20 22+    A2 .3-1  T64F   |H| 1.901@10s vs 1.852@5s ( 2.6%)  Mcoh 2.046 vs 1.914  lag 291 vs 246 ms
   0.60-1.20 22+    A3 >=1   V282   |H| 1.759@10s vs 1.667@5s ( 5.2%)  Mcoh 1.948 vs 1.836  lag 280 vs 258 ms
   0.60-1.20 22+    A3 >=1   TORQ   |H| 1.859@10s vs 1.965@5s ( 5.7%)  Mcoh 1.960 vs 2.004  lag 255 vs 238 ms

========================================================================================================================================================
RANKED: where TORQ misses V282 most, weighted by the torque routes' own laterally-engaged exposure
  dM = M_coh(bias-corrected, torque) - M_coh(V282). score = dM x exposure fraction of that speed x amp cell.
========================================================================================================================================================
#   band Hz    speed  amp       exp%  |H|V  |H|T   M_V   M_T     dM   score   Mgain V/T    Mpha V/T    M_al V/T   lag V/T ms   Minc V/T    Hxz V/T    Hzy V/T    n V/T
  1 1.20-2.40  15-22  A3 >=1     3.2  1.65  5.05 1.725 4.604 +2.879 +0.0931  1.05/ 4.48  1.44/ 1.14  1.31/ 4.55   132/   49 2.29/3.11 0.92/0.29 1.26/4.59  24/ 43
  2 0.30-0.60  15-22  A1 <0.3   12.0  0.96  1.21 1.007 1.520 +0.513 +0.0618  0.13/ 0.21  1.00/ 1.51  0.13/ 0.21   355/  519 0.74/0.64 1.19/1.05 0.81/1.09  47/ 82
  3 0.30-0.60  15-22  A2 .3-1   11.5  1.05  1.23 0.807 1.284 +0.477 +0.0547  0.09/ 0.28  0.81/ 1.26  0.13/ 0.28   246/  403 0.45/0.77 1.17/1.07 0.90/1.13  30/ 78
  4 0.15-0.30  15-22  A1 <0.3   12.0  0.78  1.14 0.636 1.088 +0.453 +0.0545  0.22/ 0.16  0.60/ 1.08  0.23/ 0.18   435/  719 0.28/0.32 1.07/1.03 0.73/1.10  10/ 22
  5 0.30-0.60  8-15   A1 <0.3   18.0  0.74  0.93 0.811 1.112 +0.302 +0.0545  0.27/ 0.07  0.77/ 1.11  0.27/ 0.09   322/  431 0.39/0.53 1.17/1.03 0.63/0.89  23/ 83
  6 0.15-0.30  22+    A2 .3-1    8.8  0.88  0.92 0.346 0.790 +0.444 +0.0391  0.12/ 0.09  0.32/ 0.79  0.12/ 0.09   220/  549 0.23/0.35 1.06/1.05 0.83/0.88  64/ 36
  7 0.15-0.30  15-22  A2 .3-1   11.5  0.93  1.05 0.416 0.752 +0.336 +0.0385  0.08/ 0.06  0.41/ 0.75  0.08/ 0.06   281/  499 0.22/0.36 1.06/1.04 0.88/1.01  17/ 30
  8 0.30-0.60  8-15   A2 .3-1    9.1  1.02  1.20 0.767 1.174 +0.406 +0.0371  0.02/ 0.21  0.77/ 1.16  0.06/ 0.22   257/  396 0.28/0.64 1.19/1.05 0.85/1.10  28/ 42
  9 0.30-0.60  22+    A2 .3-1    8.8  1.11  1.21 0.890 1.293 +0.404 +0.0355  0.16/ 0.24  0.88/ 1.27  0.19/ 0.25   260/  423 0.53/0.58 1.19/1.06 0.94/1.11 110/ 81
 10 0.60-1.20  8-15   A3 >=1     3.9  1.10  2.50 1.564 2.385 +0.820 +0.0321  0.14/ 1.51  1.57/ 1.89  0.18/ 1.51   294/  236 0.56/1.78 1.35/1.02 0.81/2.05  12/ 18
 11 0.60-1.20  8-15   A2 .3-1    9.1  1.06  1.25 1.485 1.814 +0.329 +0.0301  0.09/ 0.30  1.49/ 1.80  0.10/ 0.50   296/  352 0.54/1.37 1.36/0.91 0.78/1.24  28/ 42
 12 0.30-0.60  0-8    A1 <0.3   13.9  0.94  0.74 0.805 1.010 +0.205 +0.0286  0.08/ 0.30  0.81/ 0.97  0.11/ 0.33   293/  400 0.65/0.68 1.22/1.07 0.79/0.68  52/ 30
 13 0.60-1.20  15-22  A2 .3-1   11.5  1.41  1.68 1.739 1.964 +0.225 +0.0258  0.42/ 0.69  1.70/ 1.84  0.46/ 0.80   286/  307 0.93/1.33 1.34/1.10 1.05/1.37  30/ 78
 14 1.20-2.40  22+    A1 <0.3    8.8  3.62  3.97 3.376 3.664 +0.288 +0.0253  2.87/ 3.30  1.78/ 1.59  2.95/ 3.37   100/   83 2.03/2.21 0.92/0.34 3.09/3.42 404/222
 15 0.30-0.60  22+    A1 <0.3    8.8  1.28  1.42 1.346 1.631 +0.285 +0.0250  0.31/ 0.43  1.31/ 1.57  0.32/ 0.45   410/  499 0.68/0.52 1.20/1.04 1.07/1.32 168/ 81
 16 0.15-0.30  22+    A1 <0.3    8.8  0.81  0.91 0.659 0.920 +0.261 +0.0230  0.22/ 0.19  0.62/ 0.90  0.22/ 0.21   456/  663 0.31/0.27 1.07/1.03 0.76/0.87  63/ 20
 17 0.60-1.20  0-8    A1 <0.3   13.9  0.79  0.90 1.497 1.628 +0.131 +0.0182  0.22/ 0.17  1.48/ 1.63  0.29/ 0.44   348/  394 0.38/0.97 1.36/0.94 0.58/0.83  52/ 30
 18 0.30-0.60  15-22  A3 >=1     3.2  1.08  1.53 0.889 1.355 +0.466 +0.0151  0.17/ 0.58  0.88/ 1.24  0.20/ 0.58   268/  356 0.44/0.83 1.19/1.05 0.92/1.42  13/ 22
 19 0.60-1.20  15-22  A3 >=1     3.2  1.23  1.98 1.668 2.090 +0.422 +0.0136  0.28/ 0.99  1.66/ 1.86  0.32/ 1.08   311/  281 0.77/1.32 1.33/0.95 0.91/1.75  13/ 22
 20 0.30-0.60  8-15   A3 >=1     3.9  1.19  1.36 0.720 1.018 +0.298 +0.0117  0.19/ 0.49  0.70/ 0.91  0.20/ 0.51   219/  236 0.37/0.74 1.19/1.05 1.00/1.27  12/ 18
 21 1.20-2.40  22+    A3 >=1     2.7  3.53  4.14 3.189 3.594 +0.406 +0.0110  2.74/ 3.35  1.65/ 1.37  2.82/ 3.42    90/   64 2.90/2.60 0.90/0.50 3.05/4.10 125/ 38
 22 0.06-0.15  22+    A2 .3-1    8.8  0.87  0.87 0.234 0.358 +0.125 +0.0110  0.13/ 0.14  0.19/ 0.34  0.14/ 0.15   301/  478 0.11/0.26 1.02/1.02 0.85/0.86  35/ 13
 23 0.15-0.30  22+    A3 >=1     2.7  0.93  1.01 0.312 0.655 +0.344 +0.0093  0.09/ 0.05  0.30/ 0.66  0.10/ 0.06   191/  433 0.20/0.37 1.06/1.04 0.87/0.98  47/ 16
 24 0.30-0.60  22+    A3 >=1     2.7  1.17  1.33 0.878 1.168 +0.290 +0.0079  0.22/ 0.37  0.85/ 1.12  0.23/ 0.37   250/  346 0.51/0.75 1.18/1.08 1.00/1.23  79/ 25
 25 0.06-0.15  22+    A1 <0.3    8.8  0.66  0.68 0.420 0.500 +0.080 +0.0070  0.34/ 0.33  0.25/ 0.40  0.34/ 0.34   445/  681 0.27/0.31 1.02/1.02 0.65/0.67  18/  6
 26 1.20-2.40  22+    A2 .3-1    8.8  3.68  3.90 3.488 3.501 +0.013 +0.0012  2.97/ 3.18  1.83/ 1.47  3.08/ 3.25   104/   77 2.77/2.49 0.92/0.25 3.12/3.28 203/159
 27 0.60-1.20  22+    A3 >=1     2.7  1.76  1.86 1.948 1.960 +0.012 +0.0003  0.77/ 0.94  1.79/ 1.74  0.83/ 1.01   280/  255 0.78/1.44 1.35/1.19 1.29/1.46  79/ 25
 28 0.06-0.15  22+    A3 >=1     2.7  0.94  1.05 0.146 0.137 -0.009 -0.0002  0.06/ 0.08  0.13/ 0.14  0.07/ 0.09   205/  185 0.08/0.19 1.01/1.01 0.93/1.04  30/  6
 29 0.60-1.20  22+    A2 .3-1    8.8  1.79  1.72 1.981 1.966 -0.015 -0.0013  0.81/ 0.73  1.81/ 1.83  0.87/ 0.88   278/  305 0.91/1.19 1.35/0.90 1.32/1.43 110/ 81
 30 0.60-1.20  22+    A1 <0.3    8.8  1.87  1.74 2.118 2.038 -0.079 -0.0070  0.88/ 0.75  1.93/ 1.90  0.98/ 0.94   289/  310 0.71/1.04 1.35/0.93 1.38/1.49 168/ 81
 31 0.60-1.20  8-15   A1 <0.3   18.0  0.84  0.73 1.565 1.506 -0.060 -0.0107  0.20/ 0.27  1.56/ 1.49  0.26/ 0.40   355/  390 0.56/1.03 1.34/0.95 0.63/0.69  23/ 83
 32 1.20-2.40  15-22  A2 .3-1   11.5  2.76  2.85 2.623 2.420 -0.202 -0.0232  2.21/ 2.15  1.49/ 1.14  2.38/ 2.27   100/   74 3.33/3.08 0.91/0.48 2.23/2.23  54/183
 33 1.20-2.40  8-15   A1 <0.3   18.0  1.18  1.40 1.415 1.274 -0.140 -0.0253  0.56/ 0.69  1.31/ 1.07  0.96/ 0.92   135/   96 1.43/1.87 0.89/0.35 0.96/1.30 110/299
 34 0.60-1.20  15-22  A1 <0.3   12.0  1.63  1.22 1.995 1.753 -0.242 -0.0292  0.64/ 0.27  1.89/ 1.74  0.78/ 0.66   298/  352 0.98/1.37 1.36/0.86 1.18/1.04  47/ 82
 35 1.20-2.40  8-15   A2 .3-1    9.1  0.78  1.11 1.319 0.839 -0.480 -0.0438  0.32/ 0.32  1.30/ 0.80  0.83/ 0.56   193/   81 1.75/2.24 0.93/0.29 0.66/0.91  64/123
 36 1.20-2.40  15-22  A1 <0.3   12.0  3.50  3.13 3.230 2.760 -0.470 -0.0566  2.80/ 2.38  1.63/ 1.41  2.88/ 2.48    88/   86 2.14/2.47 0.88/0.25 2.98/2.67 140/244
 37 1.20-2.40  0-8    A1 <0.3   13.9  1.38  1.24 1.721 1.225 -0.496 -0.0691  0.44/ 0.31  1.67/ 1.20  0.86/ 0.61   150/  116 1.24/1.81 0.87/0.42 1.27/0.89 151/156

  37 of 72 cells readable in BOTH builds. Distinct speed x amp cells covered: 10 of 12, = 92.1% of torque-mode laterally-engaged time.
  CELLS THAT COULD NOT BE READ (printed, not silently dropped):
    0.06-0.15  8-15   A1 <0.3  exp  18.0%  V282 no windows; TORQ n2 coh0.99/flr0.95 surrnan bias0.02 lag874ms
    0.15-0.30  8-15   A1 <0.3  exp  18.0%  V282 n4 coh0.91/flr0.95 surr0.24 bias0.11 lag448ms
    2.40-4.00  8-15   A1 <0.3  exp  18.0%  V282 n110 coh0.53/flr0.05 surr0.53 bias0.36 lag24ms NONCAUSAL-BAND; TORQ n299 coh0.54/flr0.02 surr0.32 bias0.23 lag4ms NONCAUSAL-BAND
    0.06-0.15  0-8    A1 <0.3  exp  13.9%  V282 n5 coh0.91/flr0.78 surr0.33 bias0.08 lag1555ms; TORQ no windows
    0.15-0.30  0-8    A1 <0.3  exp  13.9%  TORQ n2 coh1.00/flr0.95 surrnan bias0.03 lag534ms
    2.40-4.00  0-8    A1 <0.3  exp  13.9%  V282 n151 coh0.57/flr0.04 surr0.19 bias0.19 lag13ms NONCAUSAL-BAND; TORQ n156 coh0.26/flr0.04 surr0.23 bias0.29 lag-12ms NONCAUSAL-BAND
    0.06-0.15  15-22  A1 <0.3  exp  12.0%  V282 n1 coh1.00/flr0.95 surrnan bias0.00 lag326ms; TORQ n2 coh0.98/flr0.95 surrnan bias0.08 lag749ms
    2.40-4.00  15-22  A1 <0.3  exp  12.0%  V282 n140 coh0.46/flr0.04 surr0.28 bias0.42 lag6ms NONCAUSAL-BAND; TORQ n244 coh0.50/flr0.02 surr0.30 bias0.29 lag1ms NONCAUSAL-BAND
    0.06-0.15  15-22  A2 .3-1  exp  11.5%  V282 n5 coh0.98/flr0.78 surr0.32 bias0.05 lag426ms
    2.40-4.00  15-22  A2 .3-1  exp  11.5%  V282 n54 coh0.26/flr0.11 surr0.97 bias0.86 lag6ms NONCAUSAL-BAND; TORQ n183 coh0.29/flr0.03 surr0.47 bias0.45 lag0ms NONCAUSAL-BAND
    0.06-0.15  8-15   A2 .3-1  exp   9.1%  V282 no windows; TORQ n3 coh0.90/flr0.95 surrnan bias0.15 lag519ms
    0.15-0.30  8-15   A2 .3-1  exp   9.1%  V282 n2 coh0.97/flr0.95 surrnan bias0.07 lag310ms
    2.40-4.00  8-15   A2 .3-1  exp   9.1%  V282 n64 coh0.23/flr0.09 surr0.47 bias0.51 lag22ms NONCAUSAL-BAND; TORQ n123 coh0.28/flr0.05 surr0.28 bias0.39 lag-1ms NONCAUSAL-BAND
    2.40-4.00  22+    A1 <0.3  exp   8.8%  V282 n404 coh0.52/flr0.01 surr0.70 bias0.36 lag19ms NONCAUSAL-BAND; TORQ n222 coh0.60/flr0.03 surr0.47 bias0.45 lag10ms NONCAUSAL-BAND
    2.40-4.00  22+    A2 .3-1  exp   8.8%  V282 n203 coh0.36/flr0.03 surr0.38 bias0.58 lag20ms NONCAUSAL-BAND; TORQ n159 coh0.50/flr0.04 surr0.73 bias0.58 lag11ms NONCAUSAL-BAND
    0.06-0.15  0-8    A3 >=1   exp   5.1%  V282 no windows; TORQ no windows
    0.15-0.30  0-8    A3 >=1   exp   5.1%  V282 no windows; TORQ n3 coh0.93/flr0.95 surrnan bias0.13 lag455ms
    0.30-0.60  0-8    A3 >=1   exp   5.1%  V282 no windows
    0.60-1.20  0-8    A3 >=1   exp   5.1%  V282 no windows
    1.20-2.40  0-8    A3 >=1   exp   5.1%  V282 n1 coh1.00/flr0.95 surrnan bias0.00 lag325ms phase-wrap-risk
    2.40-4.00  0-8    A3 >=1   exp   5.1%  V282 n1 coh1.00/flr0.95 surrnan bias0.00 lag37ms NONCAUSAL-BAND; TORQ n34 coh0.12/flr0.17 surr0.10 bias0.14 lag-105ms NONCAUSAL-BAND
    0.06-0.15  8-15   A3 >=1   exp   3.9%  V282 no windows; TORQ n5 coh0.99/flr0.78 surr0.25 bias0.05 lag209ms
    0.15-0.30  8-15   A3 >=1   exp   3.9%  V282 n4 coh0.97/flr0.95 surr0.26 bias0.09 lag305ms
    1.20-2.40  8-15   A3 >=1   exp   3.9%  V282 n18 coh0.07/flr0.31 surr0.35 bias0.37 lag143ms
    2.40-4.00  8-15   A3 >=1   exp   3.9%  V282 n18 coh0.14/flr0.31 surr0.68 bias0.78 lag29ms NONCAUSAL-BAND; TORQ n40 coh0.08/flr0.15 surr0.79 bias0.68 lag-3ms NONCAUSAL-BAND
    0.06-0.15  15-22  A3 >=1   exp   3.2%  V282 n2 coh0.99/flr0.95 surrnan bias0.04 lag369ms; TORQ no windows
    0.15-0.30  15-22  A3 >=1   exp   3.2%  V282 n5 coh0.99/flr0.78 surr0.36 bias0.05 lag278ms; TORQ n9 coh0.93/flr0.53 surr0.49 bias0.08 lag423ms
    2.40-4.00  15-22  A3 >=1   exp   3.2%  V282 n24 coh0.21/flr0.24 surr0.97 bias0.80 lag44ms NONCAUSAL-BAND; TORQ n43 coh0.47/flr0.13 surr1.02 bias0.83 lag-1ms NONCAUSAL-BAND
    0.06-0.15  0-8    A2 .3-1  exp   2.8%  V282 no windows; TORQ no windows
    0.15-0.30  0-8    A2 .3-1  exp   2.8%  V282 n2 coh1.00/flr0.95 surrnan bias0.01 lag398ms; TORQ n1 coh1.00/flr0.95 surrnan bias0.00 lag716ms
    0.30-0.60  0-8    A2 .3-1  exp   2.8%  V282 n1 coh1.00/flr0.95 surrnan bias0.00 lag285ms; TORQ n6 coh0.69/flr0.78 surr1.06 bias0.65 lag230ms
    0.60-1.20  0-8    A2 .3-1  exp   2.8%  V282 n1 coh1.00/flr0.95 surrnan bias0.00 lag299ms; TORQ n6 coh0.70/flr0.78 surr0.76 bias0.74 lag423ms
    1.20-2.40  0-8    A2 .3-1  exp   2.8%  V282 n7 coh0.20/flr0.63 surr0.43 bias0.54 lag292ms phase-wrap-risk; TORQ n28 coh0.01/flr0.21 surr0.21 bias0.25 lag181ms
    2.40-4.00  0-8    A2 .3-1  exp   2.8%  V282 n7 coh0.26/flr0.63 surr1.46 bias1.29 lag14ms NONCAUSAL-BAND; TORQ n28 coh0.05/flr0.21 surr0.44 bias0.57 lag-23ms NONCAUSAL-BAND
    2.40-4.00  22+    A3 >=1   exp   2.7%  V282 n125 coh0.28/flr0.05 surr0.74 bias0.56 lag23ms NONCAUSAL-BAND; TORQ n38 coh0.54/flr0.15 surr1.34 bias1.08 lag2ms NONCAUSAL-BAND

========================================================================================================================================================
RANKED: where T64F misses V282 most, weighted by the torque routes' own laterally-engaged exposure
  dM = M_coh(bias-corrected, torque) - M_coh(V282). score = dM x exposure fraction of that speed x amp cell.
========================================================================================================================================================
#   band Hz    speed  amp       exp%  |H|V  |H|T   M_V   M_T     dM   score   Mgain V/T    Mpha V/T    M_al V/T   lag V/T ms   Minc V/T    Hxz V/T    Hzy V/T    n V/T
  1 1.20-2.40  15-22  A3 >=1     3.2  1.65  5.72 1.725 5.171 +3.446 +0.1114  1.05/ 5.11  1.44/ 1.18  1.31/ 5.17   132/   44 2.29/3.36 0.92/0.44 1.26/9.42  24/ 14
  2 0.30-0.60  15-22  A2 .3-1   11.5  1.05  1.58 0.807 1.656 +0.849 +0.0973  0.09/ 0.59  0.81/ 1.56  0.13/ 0.59   246/  436 0.45/0.97 1.17/1.05 0.90/1.52  30/ 20
  3 0.30-0.60  15-22  A1 <0.3   12.0  0.96  1.34 1.007 1.649 +0.642 +0.0773  0.13/ 0.35  1.00/ 1.61  0.13/ 0.35   355/  538 0.74/0.50 1.19/1.06 0.81/1.28  47/ 32
  4 0.15-0.30  15-22  A1 <0.3   12.0  0.78  1.29 0.636 1.222 +0.587 +0.0707  0.22/ 0.29  0.60/ 1.19  0.23/ 0.29   435/  725 0.28/0.30 1.07/1.02 0.73/1.26  10/ 10
  5 0.30-0.60  8-15   A1 <0.3   18.0  0.74  1.01 0.811 1.127 +0.316 +0.0570  0.27/ 0.02  0.77/ 1.13  0.27/ 0.06   322/  417 0.39/0.49 1.17/1.03 0.63/0.98  23/ 42
  6 0.60-1.20  15-22  A2 .3-1   11.5  1.41  1.94 1.739 2.183 +0.444 +0.0509  0.42/ 0.95  1.70/ 1.98  0.46/ 1.07   286/  312 0.93/1.10 1.34/1.05 1.05/1.83  30/ 20
  7 0.30-0.60  22+    A2 .3-1    8.8  1.11  1.34 0.890 1.361 +0.472 +0.0415  0.16/ 0.36  0.88/ 1.32  0.19/ 0.38   260/  415 0.53/0.60 1.19/1.04 0.94/1.29 110/ 25
  8 0.15-0.30  22+    A1 <0.3    8.8  0.81  1.21 0.659 1.128 +0.469 +0.0413  0.22/ 0.22  0.62/ 1.11  0.22/ 0.22   456/  670 0.31/0.26 1.07/1.03 0.76/1.18  63/  8
  9 0.30-0.60  8-15   A2 .3-1    9.1  1.02  1.31 0.767 1.180 +0.413 +0.0377  0.02/ 0.33  0.77/ 1.15  0.06/ 0.33   257/  377 0.28/0.82 1.19/1.03 0.85/1.28  28/ 16
 10 1.20-2.40  22+    A1 <0.3    8.8  3.62  4.08 3.376 3.785 +0.410 +0.0361  2.87/ 3.44  1.78/ 1.61  2.95/ 3.50   100/   83 2.03/2.35 0.92/0.48 3.09/6.62 404/ 76
 11 0.15-0.30  22+    A2 .3-1    8.8  0.88  1.18 0.346 0.698 +0.352 +0.0310  0.12/ 0.18  0.32/ 0.68  0.12/ 0.22   220/  377 0.23/0.35 1.06/1.02 0.83/1.16  64/ 13
 12 0.30-0.60  0-8    A1 <0.3   13.9  0.94  0.67 0.805 1.025 +0.220 +0.0306  0.08/ 0.34  0.81/ 0.98  0.11/ 0.37   293/  406 0.65/0.55 1.22/1.07 0.79/0.63  52/ 13
 13 0.60-1.20  8-15   A2 .3-1    9.1  1.06  1.44 1.485 1.811 +0.327 +0.0298  0.09/ 0.48  1.49/ 1.78  0.10/ 0.51   296/  300 0.54/1.25 1.36/1.00 0.78/1.43  28/ 16
 14 0.30-0.60  22+    A1 <0.3    8.8  1.28  1.51 1.346 1.685 +0.339 +0.0298  0.31/ 0.51  1.31/ 1.61  0.32/ 0.53   410/  499 0.68/0.40 1.20/1.04 1.07/1.45 168/ 31
 15 0.60-1.20  0-8    A1 <0.3   13.9  0.79  0.92 1.497 1.694 +0.196 +0.0274  0.22/ 0.15  1.48/ 1.70  0.29/ 0.29   348/  398 0.38/0.65 1.36/1.02 0.58/0.89  52/ 13
 16 1.20-2.40  22+    A2 .3-1    8.8  3.68  4.24 3.488 3.779 +0.291 +0.0257  2.97/ 3.49  1.83/ 1.50  3.08/ 3.56   104/   73 2.77/2.61 0.92/0.47 3.12/7.21 203/ 47
 17 0.60-1.20  15-22  A3 >=1     3.2  1.23  1.96 1.668 2.022 +0.354 +0.0114  0.28/ 0.98  1.66/ 1.81  0.32/ 1.04   311/  268 0.77/1.07 1.33/1.00 0.91/1.94  13/  8
 18 0.30-0.60  15-22  A3 >=1     3.2  1.08  1.43 0.889 1.198 +0.309 +0.0100  0.17/ 0.48  0.88/ 1.14  0.20/ 0.48   268/  328 0.44/0.84 1.19/1.04 0.92/1.39  13/  8
 19 0.60-1.20  22+    A2 .3-1    8.8  1.79  1.90 1.981 2.046 +0.065 +0.0057  0.81/ 0.91  1.81/ 1.85  0.87/ 0.97   278/  291 0.91/1.17 1.35/1.02 1.32/1.85 110/ 25
 20 0.60-1.20  22+    A1 <0.3    8.8  1.87  1.83 2.118 2.134 +0.017 +0.0015  0.88/ 0.83  1.93/ 1.97  0.98/ 0.98   289/  317 0.71/0.87 1.35/1.01 1.38/1.79 168/ 31
 21 0.60-1.20  8-15   A1 <0.3   18.0  0.84  0.88 1.565 1.571 +0.005 +0.0009  0.20/ 0.15  1.56/ 1.57  0.26/ 0.35   355/  371 0.56/1.10 1.34/0.99 0.63/0.87  23/ 42
 22 1.20-2.40  15-22  A2 .3-1   11.5  2.76  3.05 2.623 2.591 -0.032 -0.0037  2.21/ 2.33  1.49/ 1.20  2.38/ 2.46   100/   76 3.33/2.37 0.91/0.50 2.23/4.77  54/ 40
 23 1.20-2.40  8-15   A1 <0.3   18.0  1.18  1.41 1.415 1.319 -0.095 -0.0172  0.56/ 0.68  1.31/ 1.14  0.96/ 0.89   135/  102 1.43/1.88 0.89/0.48 0.96/2.35 110/136
 24 1.20-2.40  22+    A3 >=1     2.7  3.53  3.08 3.189 2.474 -0.715 -0.0194  2.74/ 2.14  1.65/ 1.39  2.82/ 2.22    90/   76 2.90/2.12 0.90/0.46 3.05/5.57 125/ 11
 25 0.60-1.20  15-22  A1 <0.3   12.0  1.63  1.24 1.995 1.795 -0.201 -0.0242  0.64/ 0.28  1.89/ 1.78  0.78/ 0.50   298/  355 0.98/1.09 1.36/1.01 1.18/1.22  47/ 32
 26 1.20-2.40  0-8    A1 <0.3   13.9  1.38  1.11 1.721 1.237 -0.484 -0.0675  0.44/ 0.26  1.67/ 1.24  0.86/ 0.69   150/  131 1.24/1.90 0.87/0.51 1.27/2.03 151/ 52
 27 1.20-2.40  15-22  A1 <0.3   12.0  3.50  2.95 3.230 2.585 -0.645 -0.0777  2.80/ 2.26  1.63/ 1.28  2.88/ 2.37    88/   80 2.14/2.46 0.88/0.50 2.98/4.42 140/ 92

  27 of 72 cells readable in BOTH builds. Distinct speed x amp cells covered: 9 of 12, = 88.2% of torque-mode laterally-engaged time.
  CELLS THAT COULD NOT BE READ (printed, not silently dropped):
    0.06-0.15  8-15   A1 <0.3  exp  18.0%  V282 no windows; T64F n1 coh1.00/flr0.95 surrnan bias0.00 lag88ms
    0.15-0.30  8-15   A1 <0.3  exp  18.0%  V282 n4 coh0.91/flr0.95 surr0.24 bias0.11 lag448ms
    2.40-4.00  8-15   A1 <0.3  exp  18.0%  V282 n110 coh0.53/flr0.05 surr0.53 bias0.36 lag24ms NONCAUSAL-BAND; T64F n136 coh0.50/flr0.04 surr0.37 bias0.35 lag7ms NONCAUSAL-BAND
    0.06-0.15  0-8    A1 <0.3  exp  13.9%  V282 n5 coh0.91/flr0.78 surr0.33 bias0.08 lag1555ms; T64F no windows
    0.15-0.30  0-8    A1 <0.3  exp  13.9%  T64F n1 coh1.00/flr0.95 surrnan bias0.00 lag633ms
    2.40-4.00  0-8    A1 <0.3  exp  13.9%  V282 n151 coh0.57/flr0.04 surr0.19 bias0.19 lag13ms NONCAUSAL-BAND; T64F n52 coh0.25/flr0.11 surr0.47 bias0.42 lag-4ms NONCAUSAL-BAND
    0.06-0.15  15-22  A1 <0.3  exp  12.0%  V282 n1 coh1.00/flr0.95 surrnan bias0.00 lag326ms; T64F n1 coh1.00/flr0.95 surrnan bias0.00 lag485ms
    2.40-4.00  15-22  A1 <0.3  exp  12.0%  V282 n140 coh0.46/flr0.04 surr0.28 bias0.42 lag6ms NONCAUSAL-BAND; T64F n92 coh0.49/flr0.06 surr0.48 bias0.47 lag3ms NONCAUSAL-BAND
    0.06-0.15  15-22  A2 .3-1  exp  11.5%  V282 n5 coh0.98/flr0.78 surr0.32 bias0.05 lag426ms; T64F n4 coh0.97/flr0.95 surr0.27 bias0.10 lag77ms
    0.15-0.30  15-22  A2 .3-1  exp  11.5%  T64F n8 coh0.88/flr0.63 surr0.74 bias0.15 lag628ms
    2.40-4.00  15-22  A2 .3-1  exp  11.5%  V282 n54 coh0.26/flr0.11 surr0.97 bias0.86 lag6ms NONCAUSAL-BAND; T64F n40 coh0.35/flr0.15 surr1.10 bias0.89 lag-17ms NONCAUSAL-BAND
    0.06-0.15  8-15   A2 .3-1  exp   9.1%  V282 no windows; T64F n1 coh1.00/flr0.95 surrnan bias0.00 lag376ms
    0.15-0.30  8-15   A2 .3-1  exp   9.1%  V282 n2 coh0.97/flr0.95 surrnan bias0.07 lag310ms; T64F n4 coh0.91/flr0.95 surr0.47 bias0.22 lag444ms
    1.20-2.40  8-15   A2 .3-1  exp   9.1%  T64F n38 coh0.18/flr0.15 surr0.34 bias0.39 lag76ms
    2.40-4.00  8-15   A2 .3-1  exp   9.1%  V282 n64 coh0.23/flr0.09 surr0.47 bias0.51 lag22ms NONCAUSAL-BAND; T64F n38 coh0.33/flr0.15 surr0.71 bias0.67 lag-1ms NONCAUSAL-BAND
    0.06-0.15  22+    A1 <0.3  exp   8.8%  T64F n4 coh0.84/flr0.95 surr0.50 bias0.17 lag159ms
    0.06-0.15  22+    A2 .3-1  exp   8.8%  T64F n4 coh0.98/flr0.95 surr0.45 bias0.07 lag116ms
    2.40-4.00  22+    A1 <0.3  exp   8.8%  V282 n404 coh0.52/flr0.01 surr0.70 bias0.36 lag19ms NONCAUSAL-BAND; T64F n76 coh0.57/flr0.08 surr1.23 bias0.84 lag8ms NONCAUSAL-BAND
    2.40-4.00  22+    A2 .3-1  exp   8.8%  V282 n203 coh0.36/flr0.03 surr0.38 bias0.58 lag20ms NONCAUSAL-BAND; T64F n47 coh0.47/flr0.12 surr1.02 bias1.11 lag15ms NONCAUSAL-BAND
    0.06-0.15  0-8    A3 >=1   exp   5.1%  V282 no windows; T64F no windows
    0.15-0.30  0-8    A3 >=1   exp   5.1%  V282 no windows; T64F n1 coh1.00/flr0.95 surrnan bias0.00 lag462ms
    0.30-0.60  0-8    A3 >=1   exp   5.1%  V282 no windows; T64F n1 coh1.00/flr0.95 surrnan bias0.00 lag332ms
    0.60-1.20  0-8    A3 >=1   exp   5.1%  V282 no windows; T64F n1 coh1.00/flr0.95 surrnan bias0.00 lag388ms
    1.20-2.40  0-8    A3 >=1   exp   5.1%  V282 n1 coh1.00/flr0.95 surrnan bias0.00 lag325ms phase-wrap-risk; T64F n9 coh0.22/flr0.53 surr0.18 bias0.24 lag-237ms phase-wrap-risk
    2.40-4.00  0-8    A3 >=1   exp   5.1%  V282 n1 coh1.00/flr0.95 surrnan bias0.00 lag37ms NONCAUSAL-BAND; T64F n9 coh0.28/flr0.53 surr0.28 bias0.36 lag-82ms NONCAUSAL-BAND
    0.06-0.15  8-15   A3 >=1   exp   3.9%  V282 no windows; T64F n1 coh1.00/flr0.95 surrnan bias0.00 lag733ms
    0.15-0.30  8-15   A3 >=1   exp   3.9%  V282 n4 coh0.97/flr0.95 surr0.26 bias0.09 lag305ms; T64F n4 coh0.93/flr0.95 surr0.31 bias0.16 lag480ms
    0.30-0.60  8-15   A3 >=1   exp   3.9%  T64F n3 coh0.88/flr0.95 surrnan bias0.26 lag376ms
    0.60-1.20  8-15   A3 >=1   exp   3.9%  T64F n3 coh0.87/flr0.95 surrnan bias0.44 lag270ms
    1.20-2.40  8-15   A3 >=1   exp   3.9%  V282 n18 coh0.07/flr0.31 surr0.35 bias0.37 lag143ms; T64F n10 coh0.11/flr0.53 surr1.33 bias1.14 lag23ms
    2.40-4.00  8-15   A3 >=1   exp   3.9%  V282 n18 coh0.14/flr0.31 surr0.68 bias0.78 lag29ms NONCAUSAL-BAND; T64F n10 coh0.17/flr0.53 surr1.12 bias1.48 lag17ms NONCAUSAL-BAND
    0.06-0.15  15-22  A3 >=1   exp   3.2%  V282 n2 coh0.99/flr0.95 surrnan bias0.04 lag369ms; T64F no windows
    0.15-0.30  15-22  A3 >=1   exp   3.2%  V282 n5 coh0.99/flr0.78 surr0.36 bias0.05 lag278ms; T64F n5 coh0.92/flr0.78 surr0.47 bias0.13 lag378ms
    2.40-4.00  15-22  A3 >=1   exp   3.2%  V282 n24 coh0.21/flr0.24 surr0.97 bias0.80 lag44ms NONCAUSAL-BAND; T64F n14 coh0.35/flr0.39 surr2.22 bias1.60 lag-6ms NONCAUSAL-BAND
    0.06-0.15  0-8    A2 .3-1  exp   2.8%  V282 no windows; T64F no windows
    0.15-0.30  0-8    A2 .3-1  exp   2.8%  V282 n2 coh1.00/flr0.95 surrnan bias0.01 lag398ms; T64F no windows
    0.30-0.60  0-8    A2 .3-1  exp   2.8%  V282 n1 coh1.00/flr0.95 surrnan bias0.00 lag285ms; T64F n1 coh1.00/flr0.95 surrnan bias0.00 lag-246ms
    0.60-1.20  0-8    A2 .3-1  exp   2.8%  V282 n1 coh1.00/flr0.95 surrnan bias0.00 lag299ms; T64F n1 coh1.00/flr0.95 surrnan bias0.00 lag436ms
    1.20-2.40  0-8    A2 .3-1  exp   2.8%  V282 n7 coh0.20/flr0.63 surr0.43 bias0.54 lag292ms phase-wrap-risk; T64F n7 coh0.25/flr0.63 surr0.32 bias0.47 lag228ms
    2.40-4.00  0-8    A2 .3-1  exp   2.8%  V282 n7 coh0.26/flr0.63 surr1.46 bias1.29 lag14ms NONCAUSAL-BAND; T64F n7 coh0.16/flr0.63 surr1.36 bias1.31 lag-25ms NONCAUSAL-BAND
    0.06-0.15  22+    A3 >=1   exp   2.7%  T64F n2 coh1.00/flr0.95 surrnan bias0.01 lag226ms
    0.15-0.30  22+    A3 >=1   exp   2.7%  T64F n5 coh0.89/flr0.78 surr0.27 bias0.15 lag366ms
    0.30-0.60  22+    A3 >=1   exp   2.7%  T64F n7 coh0.82/flr0.63 surr0.86 bias0.23 lag422ms
    0.60-1.20  22+    A3 >=1   exp   2.7%  T64F n7 coh0.53/flr0.63 surr0.91 bias0.56 lag260ms
    2.40-4.00  22+    A3 >=1   exp   2.7%  V282 n125 coh0.28/flr0.05 surr0.74 bias0.56 lag23ms NONCAUSAL-BAND; T64F n11 coh0.47/flr0.45 surr1.95 bias1.75 lag-1ms NONCAUSAL-BAND

wrote surface.json, ranked.json
