
### rh : hold (min over the band; [speed of the worst]) (turn-hold, goal >= 0.90 at >= 8 m/s)
| impl | member | age | 3.1 | 5 | 8-10 | 10-12.5 | 12.75-15 | 15.25-19 | 19.25-22 | 22.25-30 |
|---|---|---|---|---|---|---|---|---|---|---|
| P2 | nominal | 1-10 | 1.00 [3.1] | 1.00 [5] | 1.00 [9.5] | 0.99 [12.25] | 0.99 [13.25] | 1.00 [17] | 1.00 [21.25] | 0.98 [28.75] |
| P2 | nominal | +h10 | 1.00 [3.1] | 1.00 [5] | 1.00 [9.5] | 0.99 [12.25] | 0.99 [13.25] | 1.00 [15.75] | 0.99 [21.25] | 0.97 [28.75] |
| F2 | nominal | 1-10 | 1.00 [3.1] | 1.00 [5] | 1.00 [9.5] | 0.99 [12.25] | 0.99 [13.25] | 1.00 [15.75] | 1.00 [21.25] | 0.97 [28.75] |
| F2 | nominal | +h10 | 1.00 [3.1] | 1.00 [5] | 1.00 [9.5] | 0.99 [12.25] | 0.99 [13.25] | 1.00 [15.75] | 0.99 [21.25] | 0.96 [28.75] |
| D2a | nominal | 1-10 | 1.00 [3.1] | 1.00 [5] | 1.00 [9.5] | 0.99 [12.25] | 0.99 [13.25] | 1.00 [15.75] | 1.00 [21.25] | 0.98 [28.75] |
| D2a | nominal | +h10 | 1.00 [3.1] | 1.00 [5] | 1.00 [9.5] | 0.99 [12.25] | 0.99 [13.25] | 1.00 [15.75] | 0.99 [21.25] | 0.97 [28.75] |
| B0r | nominal | 1-10 | 1.00 [3.1] | 1.00 [5] | 1.00 [9.5] | 0.99 [12.25] | 0.99 [13.25] | 1.00 [17] | 0.99 [21.25] | 0.97 [28.75] |
| B0r | nominal | +h10 | 1.00 [3.1] | 1.00 [5] | 1.00 [9.5] | 0.99 [12.25] | 0.99 [13.25] | 1.00 [15.75] | 0.99 [21.25] | 0.96 [28.75] |
| P2 | bc | 1-10 | 1.00 [3.1] | 1.00 [5] | 1.00 [9.75] | 0.99 [12.25] | 0.99 [13.75] | 0.98 [18.5] | 0.98 [21.25] | 0.98 [22.25] |
| P2 | bc | +h10 | 1.00 [3.1] | 1.00 [5] | 1.00 [9.75] | 0.99 [12.25] | 0.99 [13.75] | 0.98 [18.5] | 0.98 [21.25] | 0.98 [22.25] |
| F2 | bc | 1-10 | 1.00 [3.1] | 1.00 [5] | 1.00 [9.75] | 0.99 [12.25] | 0.99 [13.75] | 0.98 [18.5] | 0.98 [21.25] | 0.98 [22.25] |
| F2 | bc | +h10 | 1.00 [3.1] | 1.00 [5] | 1.00 [9.75] | 0.99 [10.75] | 0.99 [13.75] | 0.98 [18.5] | 0.98 [21.25] | 0.98 [22.25] |
| D2a | bc | 1-10 | 1.00 [3.1] | 1.00 [5] | 1.00 [9.75] | 0.99 [12.25] | 0.99 [13.75] | 0.98 [18.5] | 0.98 [20] | 0.98 [24.5] |
| D2a | bc | +h10 | 1.00 [3.1] | 1.00 [5] | 1.00 [9.75] | 0.99 [10.75] | 0.99 [13.75] | 0.98 [18.5] | 0.98 [21.25] | 0.98 [22.25] |
| B0r | bc | 1-10 | 1.00 [3.1] | 1.00 [5] | 1.00 [9.75] | 0.99 [12.25] | 0.99 [13.75] | 0.98 [18.5] | 0.98 [21.25] | 0.98 [22.25] |
| B0r | bc | +h10 | 1.00 [3.1] | 1.00 [5] | 1.00 [9.75] | 0.99 [12.25] | 0.99 [13.75] | 0.98 [18.5] | 0.98 [20] | 0.98 [22.25] |
| P2 | F_hi | 1-10 | 0.99 [3.1] | 1.00 [5] | 0.99 [10] | 0.99 [11.5] | 0.99 [13.25] | 1.00 [15.75] | 0.99 [21.25] | 0.97 [28.75] |
| P2 | F_hi | +h10 | 0.99 [3.1] | 1.00 [5] | 0.99 [10] | 0.99 [10.75] | 0.99 [13.25] | 1.00 [15.75] | 0.99 [21.25] | 0.97 [28.75] |
| F2 | F_hi | 1-10 | 0.99 [3.1] | 1.00 [5] | 0.99 [9.75] | 0.99 [11.5] | 0.99 [13.25] | 1.00 [15.75] | 0.99 [21.25] | 0.97 [28.75] |
| F2 | F_hi | +h10 | 0.99 [3.1] | 1.00 [5] | 0.99 [9.5] | 0.99 [11.5] | 0.99 [13.25] | 1.00 [15.75] | 0.99 [21.25] | 0.97 [28.75] |
| D2a | F_hi | 1-10 | 0.99 [3.1] | 1.00 [5] | 0.99 [10] | 0.99 [11.5] | 0.99 [13.25] | 1.00 [15.75] | 0.99 [21.25] | 0.97 [28.75] |
| D2a | F_hi | +h10 | 0.99 [3.1] | 1.00 [5] | 0.99 [10] | 0.99 [11.5] | 0.99 [13.25] | 1.00 [15.75] | 0.99 [21.25] | 0.97 [28.75] |
| B0r | F_hi | 1-10 | 0.99 [3.1] | 1.00 [5] | 1.00 [10] | 0.99 [11.5] | 0.99 [13.25] | 1.00 [15.75] | 1.00 [20] | 0.97 [28.75] |
| B0r | F_hi | +h10 | 0.99 [3.1] | 1.00 [5] | 0.99 [9.5] | 0.99 [11.5] | 0.99 [13.25] | 1.00 [15.75] | 0.99 [21.25] | 0.97 [28.75] |
| P2 | b_lo*J_hi | 1-10 | 1.00 [3.1] | 1.00 [5] | 0.99 [8] | 0.99 [10.75] | 0.99 [13.75] | 0.98 [18.5] | 0.98 [21.25] | 0.98 [24.5] |
| P2 | b_lo*J_hi | +h10 | 1.00 [3.1] | 1.00 [5] | 0.99 [8] | 0.99 [12.25] | 0.99 [13.75] | 0.98 [18.5] | 0.98 [20] | 0.98 [22.25] |
| F2 | b_lo*J_hi | 1-10 | 1.00 [3.1] | 1.00 [5] | 0.99 [8] | 1.00 [11.5] | 0.99 [13.75] | 0.98 [18.5] | 0.98 [21.25] | 0.98 [24.5] |
| F2 | b_lo*J_hi | +h10 | 1.00 [3.1] | 1.00 [5] | 0.99 [8] | 0.99 [12.25] | 0.99 [13.75] | 0.98 [18.5] | 0.98 [20] | 0.98 [23.75] |
| D2a | b_lo*J_hi | 1-10 | 1.00 [3.1] | 1.00 [5] | 0.99 [8] | 0.99 [10.75] | 0.99 [13.75] | 0.98 [18.5] | 0.98 [21.25] | 0.98 [24.5] |
| D2a | b_lo*J_hi | +h10 | 1.00 [3.1] | 1.00 [5] | 0.99 [8] | 0.99 [10.75] | 0.99 [13.75] | 0.98 [18.5] | 0.98 [21.25] | 0.98 [22.25] |
| B0r | b_lo*J_hi | 1-10 | 1.00 [3.1] | 1.00 [5] | 0.99 [8] | 1.00 [11.5] | 0.99 [13.75] | 0.98 [18.5] | 0.98 [21.25] | 0.98 [24.5] |
| B0r | b_lo*J_hi | +h10 | 1.00 [3.1] | 1.00 [5] | 0.99 [8] | 0.99 [12.25] | 0.99 [13.75] | 0.98 [18.5] | 0.98 [21.25] | 0.98 [22.25] |

### rh : slips (sum over the band; [speed of the worst]) (hold slips summed over the band's speeds; 3 holds per speed)
| impl | member | age | 3.1 | 5 | 8-10 | 10-12.5 | 12.75-15 | 15.25-19 | 19.25-22 | 22.25-30 |
|---|---|---|---|---|---|---|---|---|---|---|
| P2 | nominal | 1-10 | 2 | 2 | 12 | 54 | 24 | 0 | 5 | 31 |
| P2 | nominal | +h10 | 3 | 2 | 11 | 56 | 26 | 1 | 7 | 48 |
| F2 | nominal | 1-10 | 2 | 2 | 9 | 54 | 24 | 1 | 3 | 54 |
| F2 | nominal | +h10 | 2 | 2 | 9 | 55 | 25 | 2 | 6 | 56 |
| D2a | nominal | 1-10 | 2 | 2 | 12 | 54 | 25 | 1 | 4 | 33 |
| D2a | nominal | +h10 | 3 | 2 | 12 | 56 | 27 | 1 | 6 | 51 |
| B0r | nominal | 1-10 | 2 | 2 | 8 | 53 | 24 | 1 | 5 | 56 |
| B0r | nominal | +h10 | 2 | 2 | 7 | 56 | 24 | 1 | 7 | 55 |
| P2 | bc | 1-10 | 2 | 2 | 13 | 30 | 2 | 0 | 0 | 0 |
| P2 | bc | +h10 | 2 | 2 | 10 | 33 | 2 | 0 | 0 | 0 |
| F2 | bc | 1-10 | 2 | 2 | 14 | 31 | 0 | 0 | 0 | 0 |
| F2 | bc | +h10 | 2 | 2 | 13 | 33 | 2 | 0 | 0 | 0 |
| D2a | bc | 1-10 | 2 | 2 | 13 | 30 | 2 | 0 | 0 | 0 |
| D2a | bc | +h10 | 2 | 2 | 10 | 33 | 2 | 0 | 0 | 0 |
| B0r | bc | 1-10 | 2 | 2 | 14 | 31 | 2 | 0 | 0 | 0 |
| B0r | bc | +h10 | 2 | 2 | 12 | 33 | 2 | 0 | 0 | 0 |
| P2 | F_hi | 1-10 | 0 | 0 | 22 | 36 | 27 | 2 | 3 | 84 |
| P2 | F_hi | +h10 | 0 | 0 | 21 | 38 | 27 | 4 | 8 | 95 |
| F2 | F_hi | 1-10 | 0 | 0 | 23 | 40 | 25 | 3 | 5 | 84 |
| F2 | F_hi | +h10 | 0 | 0 | 21 | 40 | 27 | 3 | 8 | 95 |
| D2a | F_hi | 1-10 | 0 | 0 | 21 | 37 | 27 | 2 | 3 | 84 |
| D2a | F_hi | +h10 | 0 | 0 | 21 | 37 | 27 | 3 | 8 | 97 |
| B0r | F_hi | 1-10 | 0 | 0 | 24 | 40 | 25 | 2 | 4 | 89 |
| B0r | F_hi | +h10 | 0 | 0 | 21 | 41 | 27 | 3 | 7 | 93 |
| P2 | b_lo*J_hi | 1-10 | 1 | 0 | 6 | 21 | 0 | 0 | 0 | 0 |
| P2 | b_lo*J_hi | +h10 | 1 | 1 | 9 | 31 | 0 | 0 | 0 | 0 |
| F2 | b_lo*J_hi | 1-10 | 1 | 1 | 4 | 25 | 0 | 0 | 0 | 0 |
| F2 | b_lo*J_hi | +h10 | 1 | 0 | 7 | 30 | 0 | 0 | 0 | 0 |
| D2a | b_lo*J_hi | 1-10 | 1 | 0 | 6 | 21 | 0 | 0 | 0 | 0 |
| D2a | b_lo*J_hi | +h10 | 1 | 1 | 9 | 31 | 0 | 0 | 0 | 0 |
| B0r | b_lo*J_hi | 1-10 | 1 | 1 | 5 | 24 | 0 | 0 | 0 | 0 |
| B0r | b_lo*J_hi | +h10 | 1 | 0 | 5 | 27 | 0 | 0 | 0 | 0 |

### rh : slips_max_hold (max over the band; [speed of the worst]) (max slips in one hold)
| impl | member | age | 3.1 | 5 | 8-10 | 10-12.5 | 12.75-15 | 15.25-19 | 19.25-22 | 22.25-30 |
|---|---|---|---|---|---|---|---|---|---|---|
| P2 | nominal | 1-10 | 1 [3.1] | 1 [5] | 2 [9.75] | 2 [10] | 1 [12.75] | 0 [15.25] | 1 [20.75] | 1 [22.25] |
| P2 | nominal | +h10 | 1 [3.1] | 1 [5] | 2 [9.75] | 2 [10] | 1 [12.75] | 1 [15.25] | 1 [20.25] | 1 [22.25] |
| F2 | nominal | 1-10 | 1 [3.1] | 1 [5] | 2 [9.75] | 2 [10] | 1 [12.75] | 1 [15.5] | 1 [20.75] | 1 [22.25] |
| F2 | nominal | +h10 | 1 [3.1] | 1 [5] | 2 [10] | 2 [10] | 1 [12.75] | 1 [15.25] | 1 [20.5] | 1 [22.25] |
| D2a | nominal | 1-10 | 1 [3.1] | 1 [5] | 2 [9.75] | 2 [10] | 1 [12.75] | 1 [15.5] | 1 [20.75] | 1 [22.25] |
| D2a | nominal | +h10 | 1 [3.1] | 1 [5] | 2 [9.75] | 2 [10] | 1 [12.75] | 1 [15.25] | 1 [20.25] | 1 [22.25] |
| B0r | nominal | 1-10 | 1 [3.1] | 1 [5] | 2 [9.75] | 2 [10] | 1 [12.75] | 1 [15.5] | 1 [20.75] | 1 [22.25] |
| B0r | nominal | +h10 | 1 [3.1] | 1 [5] | 2 [10] | 2 [10] | 1 [12.75] | 1 [15.25] | 1 [20.25] | 1 [22.25] |
| P2 | bc | 1-10 | 1 [3.1] | 1 [5] | 1 [9] | 1 [10] | 1 [12.75] | 0 [15.25] | 0 [19.25] | 0 [22.25] |
| P2 | bc | +h10 | 1 [3.1] | 1 [5] | 1 [9.25] | 1 [10] | 1 [12.75] | 0 [15.25] | 0 [19.25] | 0 [22.25] |
| F2 | bc | 1-10 | 1 [3.1] | 1 [5] | 1 [8.75] | 1 [10] | 0 [12.75] | 0 [15.25] | 0 [19.25] | 0 [22.25] |
| F2 | bc | +h10 | 1 [3.1] | 1 [5] | 1 [8.75] | 1 [10] | 1 [12.75] | 0 [15.25] | 0 [19.25] | 0 [22.25] |
| D2a | bc | 1-10 | 1 [3.1] | 1 [5] | 1 [9] | 1 [10] | 1 [12.75] | 0 [15.25] | 0 [19.25] | 0 [22.25] |
| D2a | bc | +h10 | 1 [3.1] | 1 [5] | 1 [9.25] | 1 [10] | 1 [12.75] | 0 [15.25] | 0 [19.25] | 0 [22.25] |
| B0r | bc | 1-10 | 1 [3.1] | 1 [5] | 1 [8.75] | 1 [10] | 1 [12.75] | 0 [15.25] | 0 [19.25] | 0 [22.25] |
| B0r | bc | +h10 | 1 [3.1] | 1 [5] | 1 [9] | 1 [10] | 1 [12.75] | 0 [15.25] | 0 [19.25] | 0 [22.25] |
| P2 | F_hi | 1-10 | 0 [3.1] | 0 [5] | 2 [9.25] | 1 [10] | 1 [12.75] | 1 [15.25] | 1 [20.75] | 1 [22.25] |
| P2 | F_hi | +h10 | 0 [3.1] | 0 [5] | 2 [9.5] | 2 [10] | 1 [12.75] | 1 [15.25] | 1 [20] | 1 [22.25] |
| F2 | F_hi | 1-10 | 0 [3.1] | 0 [5] | 2 [9.25] | 2 [10] | 1 [12.75] | 1 [15.25] | 1 [20.75] | 1 [22.25] |
| F2 | F_hi | +h10 | 0 [3.1] | 0 [5] | 2 [9.5] | 2 [10] | 1 [12.75] | 1 [15.25] | 1 [20] | 1 [22.25] |
| D2a | F_hi | 1-10 | 0 [3.1] | 0 [5] | 2 [9.25] | 2 [10] | 1 [12.75] | 1 [15.25] | 1 [20.75] | 1 [22.25] |
| D2a | F_hi | +h10 | 0 [3.1] | 0 [5] | 2 [9.5] | 2 [10] | 1 [12.75] | 1 [15.25] | 1 [20] | 1 [22.25] |
| B0r | F_hi | 1-10 | 0 [3.1] | 0 [5] | 2 [9.25] | 2 [10] | 1 [12.75] | 1 [15.25] | 1 [21] | 1 [22.25] |
| B0r | F_hi | +h10 | 0 [3.1] | 0 [5] | 2 [9.5] | 2 [10] | 1 [12.75] | 1 [15.25] | 1 [20.25] | 1 [22.25] |
| P2 | b_lo*J_hi | 1-10 | 1 [3.1] | 0 [5] | 1 [8] | 1 [10] | 0 [12.75] | 0 [15.25] | 0 [19.25] | 0 [22.25] |
| P2 | b_lo*J_hi | +h10 | 1 [3.1] | 1 [5] | 1 [8.25] | 1 [10] | 0 [12.75] | 0 [15.25] | 0 [19.25] | 0 [22.25] |
| F2 | b_lo*J_hi | 1-10 | 1 [3.1] | 1 [5] | 1 [9.75] | 1 [10] | 0 [12.75] | 0 [15.25] | 0 [19.25] | 0 [22.25] |
| F2 | b_lo*J_hi | +h10 | 1 [3.1] | 0 [5] | 1 [8] | 1 [10] | 0 [12.75] | 0 [15.25] | 0 [19.25] | 0 [22.25] |
| D2a | b_lo*J_hi | 1-10 | 1 [3.1] | 0 [5] | 1 [8] | 1 [10] | 0 [12.75] | 0 [15.25] | 0 [19.25] | 0 [22.25] |
| D2a | b_lo*J_hi | +h10 | 1 [3.1] | 1 [5] | 1 [8.25] | 1 [10] | 0 [12.75] | 0 [15.25] | 0 [19.25] | 0 [22.25] |
| B0r | b_lo*J_hi | 1-10 | 1 [3.1] | 1 [5] | 1 [8.5] | 1 [10] | 0 [12.75] | 0 [15.25] | 0 [19.25] | 0 [22.25] |
| B0r | b_lo*J_hi | +h10 | 1 [3.1] | 0 [5] | 1 [8] | 1 [10] | 0 [12.75] | 0 [15.25] | 0 [19.25] | 0 [22.25] |

### rh : rev (max over the band; [speed of the worst]) (omega reversals > 0.2 deg/s in the last 1.5 s of a hold = hunting)
| impl | member | age | 3.1 | 5 | 8-10 | 10-12.5 | 12.75-15 | 15.25-19 | 19.25-22 | 22.25-30 |
|---|---|---|---|---|---|---|---|---|---|---|
| P2 | nominal | 1-10 | 0 [3.1] | 0 [5] | 2 [10] | 2 [10] | 1 [12.75] | 1 [15.25] | 1 [19.25] | 1 [22.25] |
| P2 | nominal | +h10 | 1 [3.1] | 0 [5] | 2 [9] | 2 [10] | 2 [12.75] | 1 [15.25] | 1 [19.25] | 1 [22.25] |
| F2 | nominal | 1-10 | 0 [3.1] | 0 [5] | 2 [8.75] | 2 [10] | 2 [13.5] | 1 [15.25] | 1 [19.75] | 1 [22.25] |
| F2 | nominal | +h10 | 0 [3.1] | 0 [5] | 2 [8.75] | 2 [10.25] | 2 [12.75] | 1 [15.25] | 1 [19.5] | 1 [22.25] |
| D2a | nominal | 1-10 | 0 [3.1] | 0 [5] | 2 [10] | 2 [10] | 2 [12.75] | 1 [15.25] | 1 [19.25] | 1 [22.25] |
| D2a | nominal | +h10 | 1 [3.1] | 0 [5] | 2 [9] | 2 [10] | 2 [12.75] | 1 [15.25] | 1 [19.25] | 1 [22.25] |
| B0r | nominal | 1-10 | 0 [3.1] | 0 [5] | 2 [10] | 2 [10] | 2 [12.75] | 1 [15.25] | 1 [19.75] | 1 [22.25] |
| B0r | nominal | +h10 | 0 [3.1] | 0 [5] | 2 [8.75] | 2 [10] | 2 [12.75] | 1 [15.25] | 1 [19.25] | 1 [22.25] |
| P2 | bc | 1-10 | 0 [3.1] | 0 [5] | 1 [10] | 1 [10] | 1 [12.75] | 0 [15.25] | 0 [19.25] | 0 [22.25] |
| P2 | bc | +h10 | 0 [3.1] | 0 [5] | 1 [10] | 1 [10] | 1 [12.75] | 0 [15.25] | 0 [19.25] | 0 [22.25] |
| F2 | bc | 1-10 | 0 [3.1] | 0 [5] | 0 [8] | 1 [10.5] | 1 [12.75] | 0 [15.25] | 0 [19.25] | 1 [25.75] |
| F2 | bc | +h10 | 0 [3.1] | 0 [5] | 0 [8] | 1 [10.5] | 1 [12.75] | 0 [15.25] | 0 [19.25] | 0 [22.25] |
| D2a | bc | 1-10 | 0 [3.1] | 0 [5] | 1 [10] | 1 [10] | 1 [12.75] | 0 [15.25] | 0 [19.25] | 0 [22.25] |
| D2a | bc | +h10 | 0 [3.1] | 0 [5] | 1 [10] | 1 [10] | 1 [12.75] | 0 [15.25] | 0 [19.25] | 0 [22.25] |
| B0r | bc | 1-10 | 0 [3.1] | 0 [5] | 0 [8] | 1 [10.5] | 1 [12.75] | 0 [15.25] | 0 [19.25] | 0 [22.25] |
| B0r | bc | +h10 | 0 [3.1] | 0 [5] | 0 [8] | 1 [10.5] | 1 [12.75] | 0 [15.25] | 0 [19.25] | 0 [22.25] |
| P2 | F_hi | 1-10 | 0 [3.1] | 0 [5] | 2 [10] | 2 [10] | 1 [12.75] | 1 [15.25] | 1 [19.25] | 1 [22.25] |
| P2 | F_hi | +h10 | 0 [3.1] | 0 [5] | 2 [10] | 2 [10] | 1 [12.75] | 1 [15.25] | 1 [19.25] | 1 [22.25] |
| F2 | F_hi | 1-10 | 0 [3.1] | 0 [5] | 2 [10] | 2 [10] | 1 [12.75] | 1 [15.25] | 1 [19.25] | 1 [22.25] |
| F2 | F_hi | +h10 | 0 [3.1] | 0 [5] | 2 [10] | 2 [10] | 1 [12.75] | 1 [15.25] | 1 [19.25] | 1 [22.25] |
| D2a | F_hi | 1-10 | 0 [3.1] | 0 [5] | 2 [10] | 2 [10] | 1 [12.75] | 1 [15.25] | 1 [19.25] | 1 [22.25] |
| D2a | F_hi | +h10 | 0 [3.1] | 0 [5] | 2 [10] | 2 [10] | 1 [12.75] | 1 [15.25] | 1 [19.25] | 1 [22.25] |
| B0r | F_hi | 1-10 | 0 [3.1] | 0 [5] | 2 [10] | 2 [10] | 1 [12.75] | 1 [15.25] | 1 [19.25] | 1 [22.25] |
| B0r | F_hi | +h10 | 0 [3.1] | 0 [5] | 2 [10] | 2 [10] | 1 [12.75] | 1 [15.25] | 1 [19.25] | 1 [22.25] |
| P2 | b_lo*J_hi | 1-10 | 1 [3.1] | 0 [5] | 1 [8.25] | 1 [11.5] | 0 [12.75] | 0 [15.25] | 0 [19.25] | 0 [22.25] |
| P2 | b_lo*J_hi | +h10 | 1 [3.1] | 1 [5] | 2 [8.5] | 1 [10.25] | 0 [12.75] | 0 [15.25] | 0 [19.25] | 0 [22.25] |
| F2 | b_lo*J_hi | 1-10 | 1 [3.1] | 0 [5] | 1 [8] | 1 [11.75] | 0 [12.75] | 0 [15.25] | 0 [19.25] | 0 [22.25] |
| F2 | b_lo*J_hi | +h10 | 1 [3.1] | 0 [5] | 1 [8.25] | 1 [11.75] | 0 [12.75] | 0 [15.25] | 0 [19.25] | 0 [22.25] |
| D2a | b_lo*J_hi | 1-10 | 1 [3.1] | 0 [5] | 1 [8.25] | 1 [11.5] | 0 [12.75] | 0 [15.25] | 0 [19.25] | 0 [22.25] |
| D2a | b_lo*J_hi | +h10 | 1 [3.1] | 1 [5] | 2 [8.5] | 1 [12.5] | 0 [12.75] | 0 [15.25] | 0 [19.25] | 0 [22.25] |
| B0r | b_lo*J_hi | 1-10 | 1 [3.1] | 0 [5] | 1 [8.25] | 1 [11.75] | 0 [12.75] | 0 [15.25] | 0 [19.25] | 0 [22.25] |
| B0r | b_lo*J_hi | +h10 | 1 [3.1] | 0 [5] | 1 [8.25] | 1 [11.75] | 0 [12.75] | 0 [15.25] | 0 [19.25] | 0 [22.25] |

### rh : T_hf (max over the band; [speed of the worst]) (T 5-30 Hz rms in holds, counts; bar 2.0)
| impl | member | age | 3.1 | 5 | 8-10 | 10-12.5 | 12.75-15 | 15.25-19 | 19.25-22 | 22.25-30 |
|---|---|---|---|---|---|---|---|---|---|---|
| P2 | nominal | 1-10 | 1.13 [3.1] | 0.75 [5] | 0.52 [8.25] | 0.31 [12.5] | 0.34 [12.75] | 0.44 [18.25] | 0.40 [20.25] | 0.45 [26.75] |
| P2 | nominal | +h10 | 1.13 [3.1] | 0.74 [5] | 0.55 [8] | 0.30 [10.5] | 0.33 [14.25] | 0.41 [18.5] | 0.39 [21.75] | 0.49 [28] |
| F2 | nominal | 1-10 | 1.14 [3.1] | 0.76 [5] | 0.53 [8] | 0.36 [10.25] | 0.35 [14.5] | 0.43 [18.75] | 0.41 [19.75] | 0.49 [28.75] |
| F2 | nominal | +h10 | 1.17 [3.1] | 0.80 [5] | 0.54 [8.5] | 0.36 [10] | 0.35 [13.5] | 0.46 [18.5] | 0.43 [21] | 0.49 [30] |
| D2a | nominal | 1-10 | 1.14 [3.1] | 0.78 [5] | 0.53 [8] | 0.32 [10] | 0.32 [14.75] | 0.39 [16.5] | 0.38 [20.75] | 0.47 [28.75] |
| D2a | nominal | +h10 | 1.13 [3.1] | 0.74 [5] | 0.52 [8] | 0.32 [12.5] | 0.34 [15] | 0.39 [18] | 0.41 [20.25] | 0.48 [23.25] |
| B0r | nominal | 1-10 | 1.15 [3.1] | 0.78 [5] | 0.53 [8] | 0.36 [10.5] | 0.37 [12.75] | 0.44 [18.75] | 0.42 [19.5] | 0.47 [26.25] |
| B0r | nominal | +h10 | 1.18 [3.1] | 0.79 [5] | 0.53 [8] | 0.35 [10] | 0.37 [14.25] | 0.44 [18.5] | 0.44 [20] | 0.47 [22.5] |
| P2 | bc | 1-10 | 1.13 [3.1] | 0.68 [5] | 0.54 [8] | 0.32 [11.25] | 0.40 [15] | 0.46 [17.25] | 0.38 [20.25] | 0.47 [28.25] |
| P2 | bc | +h10 | 1.14 [3.1] | 0.70 [5] | 0.54 [8] | 0.30 [11.9] | 0.38 [14] | 0.44 [15.5] | 0.41 [19.25] | 0.43 [26] |
| F2 | bc | 1-10 | 1.16 [3.1] | 0.72 [5] | 0.55 [8] | 0.37 [10] | 0.38 [13.75] | 0.46 [17] | 0.41 [21] | 0.43 [29] |
| F2 | bc | +h10 | 1.18 [3.1] | 0.76 [5] | 0.57 [8] | 0.36 [10] | 0.39 [15] | 0.46 [17.5] | 0.40 [22] | 0.48 [26.5] |
| D2a | bc | 1-10 | 1.14 [3.1] | 0.75 [5] | 0.59 [8] | 0.30 [10.5] | 0.35 [13.75] | 0.44 [16.75] | 0.38 [20] | 0.47 [26.25] |
| D2a | bc | +h10 | 1.15 [3.1] | 0.70 [5] | 0.56 [8] | 0.34 [10.75] | 0.36 [13.75] | 0.44 [18] | 0.41 [19.5] | 0.42 [29.5] |
| B0r | bc | 1-10 | 1.16 [3.1] | 0.69 [5] | 0.54 [8] | 0.38 [10.5] | 0.38 [14.5] | 0.48 [17] | 0.43 [19.25] | 0.42 [28.25] |
| B0r | bc | +h10 | 1.19 [3.1] | 0.76 [5] | 0.60 [8] | 0.36 [11] | 0.39 [14.5] | 0.49 [17.75] | 0.41 [20] | 0.47 [26.5] |
| P2 | F_hi | 1-10 | 1.12 [3.1] | 0.71 [5] | 0.51 [8.5] | 0.32 [10] | 0.33 [15] | 0.42 [18.25] | 0.38 [19.5] | 0.47 [27.5] |
| P2 | F_hi | +h10 | 1.11 [3.1] | 0.73 [5] | 0.50 [8] | 0.30 [10.25] | 0.35 [15] | 0.39 [18] | 0.38 [20.5] | 0.45 [29] |
| F2 | F_hi | 1-10 | 1.15 [3.1] | 0.75 [5] | 0.54 [8] | 0.35 [12.5] | 0.35 [13] | 0.43 [19] | 0.39 [20.25] | 0.48 [28] |
| F2 | F_hi | +h10 | 1.12 [3.1] | 0.73 [5] | 0.56 [8] | 0.37 [10] | 0.37 [14.25] | 0.42 [19] | 0.39 [20.75] | 0.48 [27.25] |
| D2a | F_hi | 1-10 | 1.13 [3.1] | 0.75 [5] | 0.56 [8] | 0.32 [10] | 0.32 [15] | 0.43 [18.25] | 0.39 [19.5] | 0.50 [23] |
| D2a | F_hi | +h10 | 1.12 [3.1] | 0.74 [5] | 0.50 [8] | 0.31 [10.25] | 0.32 [14.75] | 0.40 [15.75] | 0.38 [19.5] | 0.45 [28.5] |
| B0r | F_hi | 1-10 | 1.13 [3.1] | 0.76 [5] | 0.53 [8.5] | 0.35 [10.5] | 0.34 [13] | 0.43 [18.75] | 0.40 [21] | 0.50 [25.5] |
| B0r | F_hi | +h10 | 1.12 [3.1] | 0.73 [5] | 0.59 [8] | 0.35 [10] | 0.36 [13] | 0.45 [18.5] | 0.43 [20] | 0.47 [24] |
| P2 | b_lo*J_hi | 1-10 | 1.08 [3.1] | 0.66 [5] | 0.51 [8.25] | 0.32 [11.75] | 0.38 [14.5] | 0.50 [17.25] | 0.39 [19.25] | 0.48 [26.75] |
| P2 | b_lo*J_hi | +h10 | 1.05 [3.1] | 0.69 [5] | 0.53 [8] | 0.33 [10.75] | 0.38 [14.25] | 0.46 [17.75] | 0.39 [20] | 0.41 [27.5] |
| F2 | b_lo*J_hi | 1-10 | 1.09 [3.1] | 0.71 [5] | 0.51 [8] | 0.36 [10.5] | 0.39 [14.75] | 0.48 [18.25] | 0.42 [19.5] | 0.47 [29] |
| F2 | b_lo*J_hi | +h10 | 1.08 [3.1] | 0.71 [5] | 0.50 [8] | 0.33 [10] | 0.40 [14.5] | 0.50 [16.75] | 0.42 [19.25] | 0.42 [26.25] |
| D2a | b_lo*J_hi | 1-10 | 1.08 [3.1] | 0.71 [5] | 0.55 [8] | 0.33 [10.75] | 0.36 [15] | 0.47 [16.75] | 0.38 [20.75] | 0.45 [26.25] |
| D2a | b_lo*J_hi | +h10 | 1.10 [3.1] | 0.68 [5] | 0.53 [8] | 0.32 [11] | 0.40 [14.25] | 0.45 [17.75] | 0.41 [20] | 0.39 [29.5] |
| B0r | b_lo*J_hi | 1-10 | 1.07 [3.1] | 0.71 [5] | 0.50 [8] | 0.35 [10.5] | 0.39 [14.75] | 0.48 [17.75] | 0.42 [20.5] | 0.44 [28.25] |
| B0r | b_lo*J_hi | +h10 | 1.07 [3.1] | 0.70 [5] | 0.53 [8.25] | 0.35 [10.25] | 0.41 [14.25] | 0.48 [18.5] | 0.43 [20] | 0.44 [29.25] |

### s02 : gain (min over the band; [speed of the worst]) (wire regression gain)
| impl | member | age | 3.1 | 5 | 8-10 | 10-12.5 | 12.75-15 | 15.25-19 | 19.25-22 | 22.25-30 |
|---|---|---|---|---|---|---|---|---|---|---|
| P2 | nominal | 1-10 | 1.067 [3.1] | 1.053 [5] | 1.021 [8] | 0.981 [12.5] | 0.906 [14.75] | 0.878 [17] | 0.943 [19.5] | 0.984 [22.25] |
| P2 | nominal | +h10 | 1.069 [3.1] | 1.055 [5] | 1.024 [8] | 0.990 [12.5] | 0.915 [14.75] | 0.887 [17] | 0.951 [19.5] | 0.992 [22.25] |
| F2 | nominal | 1-10 | 1.068 [3.1] | 1.054 [5] | 1.022 [8] | 0.978 [12.5] | 0.891 [15] | 0.861 [17] | 0.926 [19.25] | 0.987 [22.25] |
| F2 | nominal | +h10 | 1.069 [3.1] | 1.056 [5] | 1.024 [8] | 0.987 [12.5] | 0.900 [15] | 0.870 [17] | 0.935 [19.25] | 0.994 [22.25] |
| D2a | nominal | 1-10 | 1.067 [3.1] | 1.053 [5] | 1.021 [8] | 0.981 [12.5] | 0.906 [14.75] | 0.882 [16.75] | 0.943 [19.5] | 0.992 [22.25] |
| D2a | nominal | +h10 | 1.069 [3.1] | 1.055 [5] | 1.024 [8] | 0.990 [12.5] | 0.915 [14.75] | 0.891 [16.75] | 0.951 [19.5] | 0.999 [22.25] |
| B0r | nominal | 1-10 | 1.068 [3.1] | 1.054 [5] | 1.021 [8] | 0.977 [12.5] | 0.891 [15] | 0.865 [17] | 0.925 [19.25] | 0.987 [22.25] |
| B0r | nominal | +h10 | 1.069 [3.1] | 1.056 [5] | 1.024 [8] | 0.987 [12.5] | 0.900 [15] | 0.874 [17] | 0.934 [19.25] | 0.994 [22.25] |
| P2 | bc | 1-10 | 1.056 [3.1] | 1.045 [5] | 1.001 [10] | 0.953 [12.5] | 0.882 [14.75] | 0.859 [17] | 0.921 [19.25] | 0.966 [22.25] |
| P2 | bc | +h10 | 1.057 [3.1] | 1.047 [5] | 1.008 [10] | 0.962 [12.5] | 0.894 [15] | 0.867 [17] | 0.928 [19.25] | 0.973 [22.25] |
| F2 | bc | 1-10 | 1.056 [3.1] | 1.046 [5] | 1.011 [10] | 0.950 [12.5] | 0.869 [15] | 0.844 [17] | 0.904 [19.5] | 0.967 [22.5] |
| F2 | bc | +h10 | 1.058 [3.1] | 1.048 [5] | 1.017 [10] | 0.958 [12.5] | 0.879 [15] | 0.852 [17] | 0.911 [19.5] | 0.973 [22.5] |
| D2a | bc | 1-10 | 1.056 [3.1] | 1.045 [5] | 1.002 [10] | 0.953 [12.5] | 0.882 [14.75] | 0.862 [16.75] | 0.921 [19.25] | 0.971 [22.75] |
| D2a | bc | +h10 | 1.057 [3.1] | 1.047 [5] | 1.008 [10] | 0.962 [12.5] | 0.894 [15] | 0.869 [16.75] | 0.927 [19.25] | 0.977 [22.75] |
| B0r | bc | 1-10 | 1.056 [3.1] | 1.046 [5] | 1.011 [10] | 0.950 [12.5] | 0.869 [15] | 0.849 [17] | 0.904 [19.5] | 0.966 [22.5] |
| B0r | bc | +h10 | 1.058 [3.1] | 1.048 [5] | 1.017 [10] | 0.958 [12.5] | 0.878 [14.75] | 0.856 [17] | 0.911 [19.5] | 0.972 [22.5] |
| P2 | F_hi | 1-10 | 1.084 [3.1] | 1.070 [5] | 1.028 [8] | 0.989 [12.5] | 0.911 [15] | 0.883 [17] | 0.951 [19.5] | 0.995 [22.25] |
| P2 | F_hi | +h10 | 1.086 [3.1] | 1.072 [5] | 1.031 [8] | 1.000 [12.5] | 0.922 [14.75] | 0.892 [17] | 0.959 [19.5] | 1.002 [22.25] |
| F2 | F_hi | 1-10 | 1.085 [3.1] | 1.071 [5] | 1.029 [8] | 0.986 [12.5] | 0.897 [15] | 0.865 [16.75] | 0.933 [19.25] | 0.997 [22.25] |
| F2 | F_hi | +h10 | 1.086 [3.1] | 1.074 [5] | 1.032 [8] | 0.996 [12.5] | 0.905 [15] | 0.875 [16.75] | 0.943 [19.5] | 1.004 [22.25] |
| D2a | F_hi | 1-10 | 1.084 [3.1] | 1.070 [5] | 1.028 [8] | 0.989 [12.5] | 0.911 [15] | 0.888 [16.75] | 0.951 [19.5] | 1.003 [22.25] |
| D2a | F_hi | +h10 | 1.086 [3.1] | 1.072 [5] | 1.031 [8] | 1.000 [12.5] | 0.922 [14.75] | 0.897 [16.75] | 0.958 [19.5] | 1.010 [22.25] |
| B0r | F_hi | 1-10 | 1.085 [3.1] | 1.071 [5] | 1.029 [8] | 0.985 [12.5] | 0.897 [15] | 0.869 [17] | 0.933 [19.25] | 0.996 [22.25] |
| B0r | F_hi | +h10 | 1.086 [3.1] | 1.074 [5] | 1.032 [8] | 0.996 [12.5] | 0.905 [15] | 0.879 [17] | 0.942 [19.5] | 1.004 [22.25] |
| P2 | b_lo*J_hi | 1-10 | 1.055 [3.1] | 1.040 [5] | 0.978 [10] | 0.953 [12.5] | 0.886 [14.75] | 0.862 [17] | 0.919 [19.25] | 0.957 [22.25] |
| P2 | b_lo*J_hi | +h10 | 1.057 [3.1] | 1.042 [5] | 0.985 [10] | 0.962 [12.5] | 0.896 [14.75] | 0.870 [17] | 0.928 [19.25] | 0.964 [22.25] |
| F2 | b_lo*J_hi | 1-10 | 1.056 [3.1] | 1.041 [5] | 0.990 [10] | 0.950 [12.5] | 0.875 [15] | 0.850 [17] | 0.903 [19.5] | 0.959 [22.5] |
| F2 | b_lo*J_hi | +h10 | 1.057 [3.1] | 1.043 [5] | 0.996 [10] | 0.959 [12.5] | 0.883 [15] | 0.857 [17] | 0.910 [19.5] | 0.966 [22.75] |
| D2a | b_lo*J_hi | 1-10 | 1.055 [3.1] | 1.040 [5] | 0.979 [10] | 0.954 [12.5] | 0.886 [14.75] | 0.866 [17] | 0.919 [19.25] | 0.964 [22.25] |
| D2a | b_lo*J_hi | +h10 | 1.057 [3.1] | 1.042 [5] | 0.985 [10] | 0.962 [12.5] | 0.896 [14.75] | 0.873 [17] | 0.929 [19.25] | 0.970 [22.25] |
| B0r | b_lo*J_hi | 1-10 | 1.056 [3.1] | 1.041 [5] | 0.990 [10] | 0.951 [12.5] | 0.876 [14.75] | 0.853 [17] | 0.902 [19.5] | 0.959 [22.5] |
| B0r | b_lo*J_hi | +h10 | 1.057 [3.1] | 1.043 [5] | 0.996 [10] | 0.959 [12.5] | 0.883 [14.75] | 0.860 [17] | 0.909 [19.5] | 0.966 [22.25] |

### s02 : dj (sum over the band; [speed of the worst]) (dwell-then-jump events summed over the band)
| impl | member | age | 3.1 | 5 | 8-10 | 10-12.5 | 12.75-15 | 15.25-19 | 19.25-22 | 22.25-30 |
|---|---|---|---|---|---|---|---|---|---|---|
| P2 | nominal | 1-10 | 0 | 0 | 0 | 0 | 0 | 0 | 0 | 0 |
| P2 | nominal | +h10 | 0 | 0 | 0 | 0 | 0 | 0 | 0 | 0 |
| F2 | nominal | 1-10 | 0 | 0 | 0 | 0 | 0 | 0 | 0 | 0 |
| F2 | nominal | +h10 | 0 | 0 | 0 | 0 | 0 | 0 | 0 | 0 |
| D2a | nominal | 1-10 | 0 | 0 | 0 | 0 | 0 | 0 | 0 | 0 |
| D2a | nominal | +h10 | 0 | 0 | 0 | 0 | 0 | 0 | 0 | 0 |
| B0r | nominal | 1-10 | 0 | 0 | 0 | 0 | 0 | 0 | 0 | 0 |
| B0r | nominal | +h10 | 0 | 0 | 0 | 0 | 0 | 0 | 0 | 0 |
| P2 | bc | 1-10 | 0 | 0 | 0 | 0 | 0 | 0 | 0 | 0 |
| P2 | bc | +h10 | 0 | 0 | 0 | 0 | 0 | 0 | 0 | 0 |
| F2 | bc | 1-10 | 0 | 0 | 0 | 0 | 0 | 0 | 0 | 0 |
| F2 | bc | +h10 | 0 | 0 | 0 | 0 | 0 | 0 | 0 | 0 |
| D2a | bc | 1-10 | 0 | 0 | 0 | 0 | 0 | 0 | 0 | 0 |
| D2a | bc | +h10 | 0 | 0 | 0 | 0 | 0 | 0 | 0 | 0 |
| B0r | bc | 1-10 | 0 | 0 | 0 | 0 | 0 | 0 | 0 | 0 |
| B0r | bc | +h10 | 0 | 0 | 0 | 0 | 0 | 0 | 0 | 0 |
| P2 | F_hi | 1-10 | 0 | 0 | 0 | 0 | 0 | 0 | 0 | 0 |
| P2 | F_hi | +h10 | 0 | 0 | 0 | 0 | 0 | 0 | 0 | 0 |
| F2 | F_hi | 1-10 | 0 | 0 | 0 | 0 | 0 | 0 | 0 | 0 |
| F2 | F_hi | +h10 | 0 | 0 | 0 | 0 | 0 | 0 | 0 | 0 |
| D2a | F_hi | 1-10 | 0 | 0 | 0 | 0 | 0 | 0 | 0 | 0 |
| D2a | F_hi | +h10 | 0 | 0 | 0 | 0 | 0 | 0 | 0 | 0 |
| B0r | F_hi | 1-10 | 0 | 0 | 0 | 0 | 0 | 0 | 0 | 0 |
| B0r | F_hi | +h10 | 0 | 0 | 0 | 0 | 0 | 0 | 0 | 0 |
| P2 | b_lo*J_hi | 1-10 | 0 | 0 | 0 | 0 | 0 | 0 | 0 | 0 |
| P2 | b_lo*J_hi | +h10 | 0 | 0 | 0 | 0 | 0 | 0 | 0 | 0 |
| F2 | b_lo*J_hi | 1-10 | 0 | 0 | 0 | 0 | 0 | 0 | 0 | 0 |
| F2 | b_lo*J_hi | +h10 | 0 | 0 | 0 | 0 | 0 | 0 | 0 | 0 |
| D2a | b_lo*J_hi | 1-10 | 0 | 0 | 0 | 0 | 0 | 0 | 0 | 0 |
| D2a | b_lo*J_hi | +h10 | 0 | 0 | 0 | 0 | 0 | 0 | 0 | 0 |
| B0r | b_lo*J_hi | 1-10 | 0 | 0 | 0 | 0 | 0 | 0 | 0 | 0 |
| B0r | b_lo*J_hi | +h10 | 0 | 0 | 0 | 0 | 0 | 0 | 0 | 0 |

### s05 : gain (min over the band; [speed of the worst]) (wire regression gain)
| impl | member | age | 3.1 | 5 | 8-10 | 10-12.5 | 12.75-15 | 15.25-19 | 19.25-22 | 22.25-30 |
|---|---|---|---|---|---|---|---|---|---|---|
| P2 | nominal | 1-10 | 1.189 [3.1] | 1.140 [5] | 0.539 [10] | 0.207 [11.75] | 0.296 [12.75] | 0.370 [15.25] | 0.484 [19.25] | 0.591 [22.25] |
| P2 | nominal | +h10 | 1.213 [3.1] | 1.166 [5] | 0.570 [10] | 0.220 [11.75] | 0.314 [12.75] | 0.386 [15.25] | 0.502 [19.25] | 0.613 [22.25] |
| F2 | nominal | 1-10 | 1.187 [3.1] | 1.137 [5] | 0.661 [10] | 0.213 [11.75] | 0.279 [12.75] | 0.337 [15.5] | 0.442 [19.25] | 0.563 [22.25] |
| F2 | nominal | +h10 | 1.206 [3.1] | 1.159 [5] | 0.691 [10] | 0.228 [11.75] | 0.294 [12.75] | 0.351 [15.5] | 0.462 [19.25] | 0.583 [22.25] |
| D2a | nominal | 1-10 | 1.189 [3.1] | 1.140 [5] | 0.539 [10] | 0.207 [11.75] | 0.295 [12.75] | 0.369 [15.25] | 0.487 [19.25] | 0.600 [22.25] |
| D2a | nominal | +h10 | 1.213 [3.1] | 1.166 [5] | 0.570 [10] | 0.220 [11.75] | 0.314 [12.75] | 0.386 [15.25] | 0.509 [19.25] | 0.622 [22.25] |
| B0r | nominal | 1-10 | 1.187 [3.1] | 1.137 [5] | 0.661 [10] | 0.213 [11.75] | 0.278 [12.75] | 0.335 [15.5] | 0.457 [19.5] | 0.566 [22.25] |
| B0r | nominal | +h10 | 1.206 [3.1] | 1.159 [5] | 0.692 [10] | 0.228 [11.75] | 0.293 [12.75] | 0.350 [15.25] | 0.476 [19.25] | 0.589 [22.25] |
| P2 | bc | 1-10 | 1.186 [3.1] | 1.112 [5] | 0.652 [10] | 0.360 [11.75] | 0.419 [12.75] | 0.464 [15.25] | 0.574 [19.25] | 0.675 [22.25] |
| P2 | bc | +h10 | 1.208 [3.1] | 1.134 [5] | 0.683 [10] | 0.384 [11.75] | 0.447 [12.75] | 0.483 [15.5] | 0.592 [19.25] | 0.704 [22.25] |
| F2 | bc | 1-10 | 1.184 [3.1] | 1.110 [5] | 0.744 [10] | 0.365 [11.75] | 0.405 [12.75] | 0.432 [15.75] | 0.537 [19.25] | 0.656 [22.25] |
| F2 | bc | +h10 | 1.200 [3.1] | 1.128 [5] | 0.772 [10] | 0.380 [11.75] | 0.420 [12.75] | 0.447 [15.5] | 0.551 [19.25] | 0.674 [22.25] |
| D2a | bc | 1-10 | 1.186 [3.1] | 1.112 [5] | 0.652 [10] | 0.360 [11.75] | 0.418 [12.75] | 0.463 [15.25] | 0.576 [19.25] | 0.682 [22.25] |
| D2a | bc | +h10 | 1.208 [3.1] | 1.134 [5] | 0.683 [10] | 0.384 [11.75] | 0.445 [12.75] | 0.482 [15.5] | 0.593 [19.25] | 0.712 [22.5] |
| B0r | bc | 1-10 | 1.184 [3.1] | 1.110 [5] | 0.744 [10] | 0.365 [11.75] | 0.404 [12.75] | 0.432 [15.75] | 0.546 [19.25] | 0.657 [22.25] |
| B0r | bc | +h10 | 1.200 [3.1] | 1.128 [5] | 0.772 [10] | 0.381 [11.75] | 0.419 [12.75] | 0.447 [15.5] | 0.564 [19.25] | 0.676 [22.25] |
| P2 | F_hi | 1-10 | 1.161 [3.1] | 1.150 [5] | 0.476 [10] | 0.102 [11.75] | 0.204 [12.75] | 0.318 [15.25] | 0.448 [19.25] | 0.556 [22.25] |
| P2 | F_hi | +h10 | 1.188 [3.1] | 1.180 [5] | 0.507 [10] | 0.108 [11.75] | 0.218 [12.75] | 0.332 [15.25] | 0.465 [19.25] | 0.580 [22.25] |
| F2 | F_hi | 1-10 | 1.158 [3.1] | 1.146 [5] | 0.611 [10] | 0.107 [11.75] | 0.188 [12.75] | 0.283 [15.25] | 0.400 [19.25] | 0.522 [22.25] |
| F2 | F_hi | +h10 | 1.180 [3.1] | 1.171 [5] | 0.643 [10] | 0.113 [11.75] | 0.200 [12.75] | 0.295 [15.25] | 0.415 [19.25] | 0.547 [22.25] |
| D2a | F_hi | 1-10 | 1.161 [3.1] | 1.150 [5] | 0.476 [10] | 0.101 [11.75] | 0.204 [12.75] | 0.317 [15.25] | 0.454 [19.25] | 0.565 [22.25] |
| D2a | F_hi | +h10 | 1.188 [3.1] | 1.180 [5] | 0.507 [10] | 0.110 [11.75] | 0.217 [12.75] | 0.330 [15.25] | 0.472 [19.25] | 0.588 [22.25] |
| B0r | F_hi | 1-10 | 1.158 [3.1] | 1.147 [5] | 0.612 [10] | 0.107 [11.75] | 0.187 [12.75] | 0.281 [15.25] | 0.412 [19.5] | 0.528 [22.25] |
| B0r | F_hi | +h10 | 1.180 [3.1] | 1.171 [5] | 0.643 [10] | 0.114 [11.75] | 0.200 [12.75] | 0.293 [15.25] | 0.434 [19.5] | 0.554 [22.25] |
| P2 | b_lo*J_hi | 1-10 | 1.217 [3.1] | 1.128 [5] | 0.734 [10] | 0.577 [11.75] | 0.552 [15] | 0.540 [17] | 0.630 [19.5] | 0.720 [22.25] |
| P2 | b_lo*J_hi | +h10 | 1.238 [3.1] | 1.150 [5] | 0.766 [10] | 0.607 [11.75] | 0.573 [15] | 0.560 [17] | 0.652 [19.25] | 0.752 [22.25] |
| F2 | b_lo*J_hi | 1-10 | 1.215 [3.1] | 1.126 [5] | 0.810 [10] | 0.576 [12.5] | 0.524 [14.75] | 0.510 [16.75] | 0.597 [19.25] | 0.702 [22.25] |
| F2 | b_lo*J_hi | +h10 | 1.232 [3.1] | 1.145 [5] | 0.836 [10] | 0.602 [12.5] | 0.544 [14.75] | 0.526 [17] | 0.621 [19.25] | 0.723 [22.25] |
| D2a | b_lo*J_hi | 1-10 | 1.217 [3.1] | 1.128 [5] | 0.734 [10] | 0.576 [11.75] | 0.552 [15] | 0.544 [17] | 0.634 [19.25] | 0.728 [22.25] |
| D2a | b_lo*J_hi | +h10 | 1.238 [3.1] | 1.150 [5] | 0.766 [10] | 0.609 [11.75] | 0.573 [15] | 0.564 [16.25] | 0.654 [19.25] | 0.757 [22.5] |
| B0r | b_lo*J_hi | 1-10 | 1.215 [3.1] | 1.126 [5] | 0.810 [10] | 0.575 [12.5] | 0.523 [14.75] | 0.516 [16.75] | 0.604 [19.5] | 0.702 [22.25] |
| B0r | b_lo*J_hi | +h10 | 1.232 [3.1] | 1.145 [5] | 0.836 [10] | 0.602 [12.5] | 0.538 [15] | 0.531 [16] | 0.627 [19.5] | 0.723 [22.25] |

### s05 : dj (sum over the band; [speed of the worst]) (dwell-then-jump events summed over the band)
| impl | member | age | 3.1 | 5 | 8-10 | 10-12.5 | 12.75-15 | 15.25-19 | 19.25-22 | 22.25-30 |
|---|---|---|---|---|---|---|---|---|---|---|
| P2 | nominal | 1-10 | 0 | 0 | 0 | 0 | 0 | 0 | 0 | 0 |
| P2 | nominal | +h10 | 0 | 0 | 0 | 0 | 0 | 0 | 0 | 0 |
| F2 | nominal | 1-10 | 0 | 0 | 0 | 0 | 0 | 0 | 0 | 0 |
| F2 | nominal | +h10 | 0 | 0 | 0 | 0 | 0 | 0 | 0 | 0 |
| D2a | nominal | 1-10 | 0 | 0 | 0 | 0 | 0 | 0 | 0 | 0 |
| D2a | nominal | +h10 | 0 | 0 | 0 | 0 | 0 | 0 | 0 | 0 |
| B0r | nominal | 1-10 | 0 | 0 | 0 | 0 | 0 | 0 | 0 | 0 |
| B0r | nominal | +h10 | 0 | 0 | 0 | 0 | 0 | 0 | 0 | 0 |
| P2 | bc | 1-10 | 0 | 0 | 0 | 0 | 0 | 0 | 0 | 0 |
| P2 | bc | +h10 | 0 | 0 | 0 | 0 | 0 | 0 | 0 | 0 |
| F2 | bc | 1-10 | 0 | 0 | 0 | 0 | 0 | 0 | 0 | 0 |
| F2 | bc | +h10 | 0 | 0 | 0 | 0 | 0 | 0 | 0 | 0 |
| D2a | bc | 1-10 | 0 | 0 | 0 | 0 | 0 | 0 | 0 | 0 |
| D2a | bc | +h10 | 0 | 0 | 0 | 0 | 0 | 0 | 0 | 0 |
| B0r | bc | 1-10 | 0 | 0 | 0 | 0 | 0 | 0 | 0 | 0 |
| B0r | bc | +h10 | 0 | 0 | 0 | 0 | 0 | 0 | 0 | 0 |
| P2 | F_hi | 1-10 | 0 | 0 | 0 | 0 | 0 | 0 | 0 | 0 |
| P2 | F_hi | +h10 | 0 | 0 | 0 | 0 | 0 | 0 | 0 | 0 |
| F2 | F_hi | 1-10 | 0 | 0 | 0 | 0 | 0 | 0 | 0 | 0 |
| F2 | F_hi | +h10 | 0 | 0 | 0 | 0 | 0 | 0 | 0 | 0 |
| D2a | F_hi | 1-10 | 0 | 0 | 0 | 0 | 0 | 0 | 0 | 0 |
| D2a | F_hi | +h10 | 0 | 0 | 0 | 0 | 0 | 0 | 0 | 0 |
| B0r | F_hi | 1-10 | 0 | 0 | 0 | 0 | 0 | 0 | 0 | 0 |
| B0r | F_hi | +h10 | 0 | 0 | 0 | 0 | 0 | 0 | 0 | 0 |
| P2 | b_lo*J_hi | 1-10 | 0 | 0 | 0 | 0 | 0 | 0 | 0 | 0 |
| P2 | b_lo*J_hi | +h10 | 0 | 0 | 0 | 0 | 0 | 0 | 0 | 0 |
| F2 | b_lo*J_hi | 1-10 | 0 | 0 | 0 | 0 | 0 | 0 | 0 | 0 |
| F2 | b_lo*J_hi | +h10 | 0 | 0 | 0 | 0 | 0 | 0 | 0 | 0 |
| D2a | b_lo*J_hi | 1-10 | 0 | 0 | 0 | 0 | 0 | 0 | 0 | 0 |
| D2a | b_lo*J_hi | +h10 | 0 | 0 | 0 | 0 | 0 | 0 | 0 | 0 |
| B0r | b_lo*J_hi | 1-10 | 0 | 0 | 0 | 0 | 0 | 0 | 0 | 0 |
| B0r | b_lo*J_hi | +h10 | 0 | 0 | 0 | 0 | 0 | 0 | 0 | 0 |

### mic03 : gain (min over the band; [speed of the worst]) (wire regression gain)
| impl | member | age | 3.1 | 5 | 8-10 | 10-12.5 | 12.75-15 | 15.25-19 | 19.25-22 | 22.25-30 |
|---|---|---|---|---|---|---|---|---|---|---|
| P2 | nominal | 1-10 | 1.415 [3.1] | 1.072 [5] | 1.056 [9.25] | 1.024 [12.5] | 0.980 [14.75] | 0.981 [17.5] | 1.002 [21.75] | 1.002 [23.25] |
| P2 | nominal | +h10 | 1.419 [3.1] | 1.177 [5] | 1.069 [8.5] | 1.029 [12.5] | 0.984 [14.75] | 0.984 [18.25] | 1.005 [21.5] | 1.005 [23.5] |
| F2 | nominal | 1-10 | 1.427 [3.1] | 1.056 [5] | 1.053 [9.25] | 1.026 [12.5] | 0.973 [15] | 0.983 [17.5] | 0.984 [19.25] | 1.003 [24.25] |
| F2 | nominal | +h10 | 1.427 [3.1] | 1.078 [5] | 1.074 [8.25] | 1.028 [12.5] | 0.976 [15] | 0.986 [18.5] | 0.987 [19.5] | 1.006 [24.5] |
| D2a | nominal | 1-10 | 1.417 [3.1] | 1.097 [5] | 1.059 [9.5] | 1.025 [12.5] | 0.979 [14.75] | 0.981 [18.25] | 1.001 [20.25] | 1.002 [22.25] |
| D2a | nominal | +h10 | 1.447 [3.1] | 1.163 [5] | 1.063 [9.5] | 1.028 [12.5] | 0.983 [14.75] | 0.984 [18.25] | 1.005 [20.25] | 1.005 [22.25] |
| B0r | nominal | 1-10 | 1.432 [3.1] | 1.140 [5] | 1.060 [10] | 1.024 [12.5] | 0.972 [15] | 0.982 [17.75] | 0.983 [19.25] | 1.003 [22.75] |
| B0r | nominal | +h10 | 1.435 [3.1] | 1.174 [5] | 1.061 [9.25] | 1.027 [12.5] | 0.976 [15] | 0.985 [17.5] | 0.986 [19.25] | 1.006 [22.75] |
| P2 | bc | 1-10 | 1.601 [3.1] | 1.362 [5] | 1.080 [8] | 0.851 [12] | 0.927 [12.75] | 0.998 [17.5] | 1.017 [22] | 1.012 [25.5] |
| P2 | bc | +h10 | 1.668 [3.1] | 1.438 [5] | 1.085 [8.25] | 0.859 [12] | 0.936 [13] | 1.001 [17.25] | 1.019 [22] | 1.015 [25.5] |
| F2 | bc | 1-10 | 1.613 [3.1] | 1.161 [5] | 1.084 [8] | 0.850 [12] | 0.889 [12.75] | 0.999 [17] | 1.000 [19.25] | 1.011 [26.5] |
| F2 | bc | +h10 | 1.636 [3.1] | 1.370 [5] | 1.088 [8.25] | 0.857 [12] | 0.892 [12.75] | 1.002 [18] | 1.002 [19.75] | 1.014 [26.5] |
| D2a | bc | 1-10 | 1.655 [3.1] | 1.294 [5] | 1.061 [9.25] | 0.855 [12] | 0.930 [13] | 0.997 [18.25] | 1.017 [22] | 1.012 [25.5] |
| D2a | bc | +h10 | 1.544 [3.1] | 1.433 [5] | 1.094 [8.25] | 0.857 [12.25] | 0.933 [13] | 1.000 [17.25] | 1.020 [22] | 1.015 [25.75] |
| B0r | bc | 1-10 | 1.602 [3.1] | 1.260 [5] | 1.058 [9.25] | 0.850 [12.25] | 0.887 [12.75] | 0.998 [17] | 1.000 [19.25] | 1.010 [26.5] |
| B0r | bc | +h10 | 1.719 [3.1] | 1.439 [5] | 1.073 [8] | 0.854 [12.25] | 0.891 [12.75] | 1.001 [17.25] | 1.003 [19.5] | 1.014 [26.25] |
| P2 | F_hi | 1-10 | 1.101 [3.1] | 1.422 [5] | 0.907 [10] | 0.842 [12.25] | 0.926 [13] | 1.002 [17.5] | 1.028 [21.25] | 1.026 [25.5] |
| P2 | F_hi | +h10 | 1.389 [3.1] | 1.418 [5] | 0.913 [10] | 0.845 [12.25] | 0.930 [13] | 1.005 [17.5] | 1.031 [21.5] | 1.029 [25.5] |
| F2 | F_hi | 1-10 | 0.000 [3.1] | 1.427 [5] | 0.986 [10] | 0.869 [11] | 0.880 [12.75] | 1.003 [17.5] | 1.006 [19.5] | 1.027 [26.25] |
| F2 | F_hi | +h10 | 0.000 [3.1] | 1.426 [5] | 1.034 [9.75] | 0.831 [12.25] | 0.887 [12.75] | 1.007 [17.25] | 1.009 [19.75] | 1.029 [26.25] |
| D2a | F_hi | 1-10 | 1.102 [3.1] | 1.419 [5] | 0.906 [10] | 0.828 [12.25] | 0.926 [13] | 1.001 [17.5] | 1.027 [19.25] | 1.026 [25.5] |
| D2a | F_hi | +h10 | 1.385 [3.1] | 1.417 [5] | 0.912 [10] | 0.832 [12.25] | 0.930 [13] | 1.005 [17.25] | 1.031 [20.25] | 1.029 [25.5] |
| B0r | F_hi | 1-10 | 0.000 [3.1] | 1.419 [5] | 0.985 [10] | 0.869 [11] | 0.882 [12.75] | 1.002 [17] | 1.005 [19.25] | 1.026 [26.25] |
| B0r | F_hi | +h10 | 0.000 [3.1] | 1.420 [5] | 0.992 [10] | 0.833 [12.25] | 0.886 [12.75] | 1.006 [17.5] | 1.009 [19.25] | 1.029 [26.25] |
| P2 | b_lo*J_hi | 1-10 | 1.533 [3.1] | 1.244 [5] | 1.040 [9.75] | 1.006 [12.5] | 0.982 [14.75] | 0.983 [18.5] | 0.995 [22] | 0.990 [25.5] |
| P2 | b_lo*J_hi | +h10 | 1.382 [3.1] | 1.184 [5] | 1.053 [9.25] | 1.007 [12.5] | 0.985 [14.75] | 0.985 [18.75] | 0.999 [22] | 0.993 [25.5] |
| F2 | b_lo*J_hi | 1-10 | 1.318 [3.1] | 1.225 [5] | 1.040 [10] | 1.004 [12.5] | 0.977 [15] | 0.985 [19] | 0.983 [19.5] | 0.989 [26.5] |
| F2 | b_lo*J_hi | +h10 | 1.515 [3.1] | 1.216 [5] | 1.051 [9.25] | 1.043 [10.5] | 0.978 [15] | 0.987 [18.75] | 0.986 [19.75] | 0.993 [26.5] |
| D2a | b_lo*J_hi | 1-10 | 1.210 [3.1] | 1.242 [5] | 1.021 [10] | 1.005 [12.5] | 0.981 [14.75] | 0.983 [18.25] | 0.995 [22] | 0.990 [25.75] |
| D2a | b_lo*J_hi | +h10 | 1.332 [3.1] | 1.228 [5] | 1.051 [9.25] | 1.007 [12.5] | 0.985 [14.75] | 0.986 [18.5] | 0.999 [22] | 0.993 [25.5] |
| B0r | b_lo*J_hi | 1-10 | 1.566 [3.1] | 1.302 [5] | 1.046 [9.25] | 1.004 [12.5] | 0.976 [15] | 0.984 [19] | 0.983 [19.25] | 0.989 [26.5] |
| B0r | b_lo*J_hi | +h10 | 1.570 [3.1] | 1.290 [5] | 1.049 [9.25] | 1.008 [12.5] | 0.979 [15] | 0.987 [18.5] | 0.986 [19.25] | 0.992 [26.5] |

### mic03 : dj (sum over the band; [speed of the worst]) (dwell-then-jump events summed over the band)
| impl | member | age | 3.1 | 5 | 8-10 | 10-12.5 | 12.75-15 | 15.25-19 | 19.25-22 | 22.25-30 |
|---|---|---|---|---|---|---|---|---|---|---|
| P2 | nominal | 1-10 | 11 | 5 | 27 | 49 | 6 | 0 | 0 | 0 |
| P2 | nominal | +h10 | 11 | 11 | 24 | 49 | 10 | 0 | 0 | 0 |
| F2 | nominal | 1-10 | 11 | 6 | 34 | 51 | 9 | 0 | 0 | 0 |
| F2 | nominal | +h10 | 11 | 6 | 24 | 49 | 8 | 0 | 0 | 0 |
| D2a | nominal | 1-10 | 11 | 6 | 27 | 50 | 6 | 0 | 0 | 0 |
| D2a | nominal | +h10 | 12 | 9 | 30 | 53 | 9 | 0 | 0 | 0 |
| B0r | nominal | 1-10 | 11 | 7 | 35 | 57 | 6 | 0 | 0 | 0 |
| B0r | nominal | +h10 | 11 | 10 | 30 | 47 | 9 | 0 | 0 | 0 |
| P2 | bc | 1-10 | 12 | 12 | 39 | 73 | 49 | 3 | 0 | 0 |
| P2 | bc | +h10 | 12 | 12 | 41 | 73 | 48 | 4 | 0 | 0 |
| F2 | bc | 1-10 | 12 | 7 | 40 | 76 | 48 | 3 | 0 | 0 |
| F2 | bc | +h10 | 12 | 13 | 42 | 74 | 49 | 6 | 0 | 0 |
| D2a | bc | 1-10 | 12 | 12 | 44 | 73 | 48 | 3 | 0 | 0 |
| D2a | bc | +h10 | 12 | 12 | 40 | 73 | 50 | 6 | 0 | 0 |
| B0r | bc | 1-10 | 11 | 10 | 42 | 72 | 49 | 4 | 0 | 0 |
| B0r | bc | +h10 | 12 | 12 | 42 | 73 | 49 | 6 | 0 | 0 |
| P2 | F_hi | 1-10 | 6 | 11 | 67 | 72 | 49 | 2 | 0 | 0 |
| P2 | F_hi | +h10 | 6 | 11 | 68 | 72 | 50 | 3 | 0 | 0 |
| F2 | F_hi | 1-10 | 0 | 11 | 66 | 72 | 46 | 3 | 0 | 0 |
| F2 | F_hi | +h10 | 0 | 11 | 67 | 72 | 47 | 4 | 0 | 0 |
| D2a | F_hi | 1-10 | 6 | 11 | 57 | 72 | 50 | 3 | 0 | 0 |
| D2a | F_hi | +h10 | 6 | 11 | 65 | 72 | 50 | 3 | 0 | 0 |
| B0r | F_hi | 1-10 | 0 | 11 | 65 | 72 | 47 | 2 | 0 | 0 |
| B0r | F_hi | +h10 | 0 | 11 | 63 | 72 | 47 | 3 | 0 | 0 |
| P2 | b_lo*J_hi | 1-10 | 12 | 12 | 43 | 70 | 26 | 0 | 0 | 0 |
| P2 | b_lo*J_hi | +h10 | 10 | 10 | 43 | 72 | 28 | 0 | 0 | 0 |
| F2 | b_lo*J_hi | 1-10 | 9 | 12 | 38 | 71 | 29 | 0 | 0 | 0 |
| F2 | b_lo*J_hi | +h10 | 11 | 11 | 43 | 70 | 29 | 0 | 0 | 0 |
| D2a | b_lo*J_hi | 1-10 | 8 | 12 | 41 | 71 | 26 | 0 | 0 | 0 |
| D2a | b_lo*J_hi | +h10 | 12 | 12 | 46 | 73 | 28 | 0 | 0 | 0 |
| B0r | b_lo*J_hi | 1-10 | 12 | 12 | 40 | 71 | 28 | 0 | 0 | 0 |
| B0r | b_lo*J_hi | +h10 | 10 | 12 | 40 | 70 | 30 | 0 | 0 | 0 |

### mic05 : gain (min over the band; [speed of the worst]) (wire regression gain)
| impl | member | age | 3.1 | 5 | 8-10 | 10-12.5 | 12.75-15 | 15.25-19 | 19.25-22 | 22.25-30 |
|---|---|---|---|---|---|---|---|---|---|---|
| P2 | nominal | 1-10 | 1.024 [3.1] | 1.073 [5] | 1.030 [10] | 0.952 [12.25] | 0.869 [14.75] | 0.891 [17] | 0.967 [19.25] | 0.985 [22.25] |
| P2 | nominal | +h10 | 1.040 [3.1] | 1.119 [5] | 1.046 [10] | 0.966 [12.25] | 0.879 [14.75] | 0.901 [17] | 0.976 [19.25] | 0.992 [22.25] |
| F2 | nominal | 1-10 | 1.000 [3.1] | 1.077 [5] | 1.069 [10] | 0.919 [12.25] | 0.854 [15] | 0.867 [16.75] | 0.920 [19.25] | 0.988 [22.25] |
| F2 | nominal | +h10 | 1.013 [3.1] | 1.089 [5] | 1.079 [10] | 0.927 [12.25] | 0.865 [15] | 0.876 [16.75] | 0.929 [19.25] | 0.995 [22.25] |
| D2a | nominal | 1-10 | 1.024 [3.1] | 1.071 [5] | 1.034 [10] | 0.916 [12.25] | 0.869 [14.75] | 0.891 [16.25] | 0.967 [19.25] | 0.998 [22.25] |
| D2a | nominal | +h10 | 1.042 [3.1] | 1.149 [5] | 1.047 [10] | 0.932 [12.25] | 0.879 [14.75] | 0.900 [16.25] | 0.975 [19.25] | 1.006 [22.25] |
| B0r | nominal | 1-10 | 0.999 [3.1] | 1.076 [5] | 1.070 [10] | 0.916 [12.25] | 0.855 [15] | 0.865 [16.75] | 0.919 [19.25] | 0.987 [22.25] |
| B0r | nominal | +h10 | 1.015 [3.1] | 1.090 [5] | 1.080 [10] | 0.929 [12.25] | 0.865 [15] | 0.875 [16.75] | 0.928 [19.25] | 0.995 [22.25] |
| P2 | bc | 1-10 | 0.829 [3.1] | 0.978 [5] | 0.913 [10] | 0.587 [11.9] | 0.696 [12.75] | 0.868 [15.75] | 0.961 [19.25] | 0.976 [22.25] |
| P2 | bc | +h10 | 0.857 [3.1] | 1.009 [5] | 0.932 [10] | 0.612 [12.25] | 0.706 [12.75] | 0.878 [15.75] | 0.969 [19.25] | 0.983 [22.25] |
| F2 | bc | 1-10 | 0.840 [3.1] | 0.997 [5] | 0.945 [10] | 0.494 [12] | 0.606 [12.75] | 0.844 [16.25] | 0.911 [19.25] | 0.978 [22.25] |
| F2 | bc | +h10 | 0.825 [3.1] | 1.079 [5] | 0.956 [10] | 0.579 [12.25] | 0.615 [12.75] | 0.852 [16.25] | 0.919 [19.25] | 0.985 [22.25] |
| D2a | bc | 1-10 | 0.834 [3.1] | 1.021 [5] | 0.915 [10] | 0.569 [12.25] | 0.695 [12.75] | 0.868 [15.75] | 0.961 [19.25] | 0.989 [22.25] |
| D2a | bc | +h10 | 0.852 [3.1] | 1.081 [5] | 0.930 [10] | 0.580 [12.25] | 0.707 [12.75] | 0.878 [15.75] | 0.968 [19.25] | 0.996 [22.25] |
| B0r | bc | 1-10 | 0.838 [3.1] | 1.048 [5] | 0.931 [10] | 0.543 [12] | 0.539 [12.75] | 0.843 [16.25] | 0.910 [19.25] | 0.977 [22.25] |
| B0r | bc | +h10 | 0.875 [3.1] | 1.095 [5] | 0.957 [10] | 0.579 [12.25] | 0.647 [12.75] | 0.854 [16.25] | 0.918 [19.25] | 0.984 [22.25] |
| P2 | F_hi | 1-10 | 0.000 [3.1] | 0.754 [5] | 0.772 [10] | 0.492 [11.75] | 0.737 [13.5] | 0.861 [15.5] | 0.972 [19.25] | 0.996 [22.25] |
| P2 | F_hi | +h10 | 0.000 [3.1] | 0.779 [5] | 0.785 [10] | 0.504 [11.9] | 0.750 [12.75] | 0.870 [15.5] | 0.980 [19.25] | 1.004 [22.25] |
| F2 | F_hi | 1-10 | 0.000 [3.1] | 0.729 [5] | 0.881 [10] | 0.495 [11.75] | 0.652 [12.75] | 0.844 [16] | 0.924 [19.25] | 0.999 [22.25] |
| F2 | F_hi | +h10 | 0.000 [3.1] | 0.751 [5] | 0.923 [10] | 0.504 [11.9] | 0.667 [13.25] | 0.854 [16] | 0.933 [19.25] | 1.007 [22.25] |
| D2a | F_hi | 1-10 | 0.000 [3.1] | 0.753 [5] | 0.773 [10] | 0.492 [11.75] | 0.727 [13.5] | 0.861 [15.5] | 0.972 [19.25] | 1.011 [22.25] |
| D2a | F_hi | +h10 | 0.000 [3.1] | 0.780 [5] | 0.819 [10] | 0.505 [11.9] | 0.751 [12.75] | 0.871 [15.5] | 0.980 [19.25] | 1.019 [22.25] |
| B0r | F_hi | 1-10 | 0.000 [3.1] | 0.727 [5] | 0.882 [10] | 0.494 [11.9] | 0.654 [12.75] | 0.843 [16] | 0.923 [19.25] | 0.998 [22.25] |
| B0r | F_hi | +h10 | 0.000 [3.1] | 0.750 [5] | 0.975 [10] | 0.504 [11.9] | 0.664 [12.75] | 0.853 [16] | 0.933 [19.25] | 1.006 [22.25] |
| P2 | b_lo*J_hi | 1-10 | 1.044 [3.1] | 1.140 [5] | 0.930 [10] | 0.872 [12.25] | 0.824 [14.75] | 0.886 [16.25] | 0.958 [19.25] | 0.969 [22.25] |
| P2 | b_lo*J_hi | +h10 | 1.099 [3.1] | 1.176 [5] | 0.968 [10] | 0.882 [12.5] | 0.830 [14.75] | 0.894 [16.25] | 0.965 [19.25] | 0.975 [22.25] |
| F2 | b_lo*J_hi | 1-10 | 1.009 [3.1] | 1.117 [5] | 0.961 [10] | 0.849 [12.25] | 0.814 [15] | 0.862 [16.75] | 0.910 [19.25] | 0.970 [22.25] |
| F2 | b_lo*J_hi | +h10 | 1.035 [3.1] | 1.185 [5] | 0.972 [10] | 0.858 [12.25] | 0.821 [15] | 0.870 [16.75] | 0.919 [19.25] | 0.976 [22.25] |
| D2a | b_lo*J_hi | 1-10 | 1.012 [3.1] | 1.107 [5] | 0.921 [10] | 0.847 [12.25] | 0.823 [14.75] | 0.886 [16.25] | 0.957 [19.25] | 0.977 [22.25] |
| D2a | b_lo*J_hi | +h10 | 1.099 [3.1] | 1.173 [5] | 0.954 [10] | 0.860 [12.25] | 0.831 [14.75] | 0.894 [16.25] | 0.965 [19.25] | 0.984 [22.25] |
| B0r | b_lo*J_hi | 1-10 | 1.011 [3.1] | 1.125 [5] | 0.983 [10] | 0.849 [12.25] | 0.815 [15] | 0.861 [16.75] | 0.908 [19.25] | 0.970 [22.25] |
| B0r | b_lo*J_hi | +h10 | 1.037 [3.1] | 1.181 [5] | 0.970 [10] | 0.857 [12.25] | 0.821 [15] | 0.868 [16.75] | 0.917 [19.25] | 0.976 [22.25] |

### mic05 : dj (sum over the band; [speed of the worst]) (dwell-then-jump events summed over the band)
| impl | member | age | 3.1 | 5 | 8-10 | 10-12.5 | 12.75-15 | 15.25-19 | 19.25-22 | 22.25-30 |
|---|---|---|---|---|---|---|---|---|---|---|
| P2 | nominal | 1-10 | 6 | 6 | 2 | 0 | 0 | 0 | 0 | 0 |
| P2 | nominal | +h10 | 6 | 5 | 3 | 0 | 0 | 0 | 0 | 0 |
| F2 | nominal | 1-10 | 6 | 6 | 1 | 0 | 0 | 0 | 0 | 0 |
| F2 | nominal | +h10 | 6 | 6 | 1 | 0 | 0 | 0 | 0 | 0 |
| D2a | nominal | 1-10 | 6 | 6 | 3 | 0 | 0 | 0 | 0 | 0 |
| D2a | nominal | +h10 | 6 | 5 | 4 | 0 | 0 | 0 | 0 | 0 |
| B0r | nominal | 1-10 | 6 | 6 | 1 | 0 | 0 | 0 | 0 | 0 |
| B0r | nominal | +h10 | 6 | 6 | 3 | 0 | 0 | 0 | 0 | 0 |
| P2 | bc | 1-10 | 6 | 6 | 33 | 72 | 18 | 0 | 0 | 0 |
| P2 | bc | +h10 | 6 | 6 | 36 | 72 | 18 | 0 | 0 | 0 |
| F2 | bc | 1-10 | 6 | 6 | 31 | 70 | 28 | 0 | 0 | 0 |
| F2 | bc | +h10 | 6 | 6 | 35 | 70 | 24 | 0 | 0 | 0 |
| D2a | bc | 1-10 | 6 | 6 | 33 | 72 | 18 | 0 | 0 | 0 |
| D2a | bc | +h10 | 6 | 6 | 34 | 72 | 18 | 0 | 0 | 0 |
| B0r | bc | 1-10 | 6 | 6 | 36 | 71 | 26 | 0 | 0 | 0 |
| B0r | bc | +h10 | 6 | 6 | 34 | 70 | 21 | 0 | 0 | 0 |
| P2 | F_hi | 1-10 | 0 | 6 | 43 | 70 | 8 | 0 | 0 | 0 |
| P2 | F_hi | +h10 | 0 | 6 | 42 | 71 | 9 | 0 | 0 | 0 |
| F2 | F_hi | 1-10 | 0 | 6 | 42 | 72 | 15 | 0 | 0 | 0 |
| F2 | F_hi | +h10 | 0 | 6 | 42 | 72 | 12 | 0 | 0 | 0 |
| D2a | F_hi | 1-10 | 0 | 6 | 43 | 70 | 9 | 0 | 0 | 0 |
| D2a | F_hi | +h10 | 0 | 6 | 44 | 72 | 8 | 0 | 0 | 0 |
| B0r | F_hi | 1-10 | 0 | 6 | 47 | 72 | 12 | 0 | 0 | 0 |
| B0r | F_hi | +h10 | 0 | 6 | 45 | 72 | 10 | 0 | 0 | 0 |
| P2 | b_lo*J_hi | 1-10 | 6 | 9 | 12 | 27 | 0 | 0 | 0 | 0 |
| P2 | b_lo*J_hi | +h10 | 6 | 10 | 15 | 31 | 0 | 0 | 0 | 0 |
| F2 | b_lo*J_hi | 1-10 | 6 | 7 | 12 | 31 | 2 | 0 | 0 | 0 |
| F2 | b_lo*J_hi | +h10 | 6 | 8 | 15 | 36 | 3 | 0 | 0 | 0 |
| D2a | b_lo*J_hi | 1-10 | 6 | 10 | 15 | 28 | 0 | 0 | 0 | 0 |
| D2a | b_lo*J_hi | +h10 | 6 | 9 | 15 | 36 | 0 | 0 | 0 | 0 |
| B0r | b_lo*J_hi | 1-10 | 6 | 10 | 14 | 28 | 2 | 0 | 0 | 0 |
| B0r | b_lo*J_hi | +h10 | 6 | 10 | 17 | 39 | 2 | 0 | 0 | 0 |

### mic10 : gain (min over the band; [speed of the worst]) (wire regression gain)
| impl | member | age | 3.1 | 5 | 8-10 | 10-12.5 | 12.75-15 | 15.25-19 | 19.25-22 | 22.25-30 |
|---|---|---|---|---|---|---|---|---|---|---|
| P2 | nominal | 1-10 | 1.120 [3.1] | 1.127 [5] | 0.891 [10] | 0.648 [11.75] | 0.694 [14.75] | 0.702 [15.25] | 0.831 [19.25] | 0.909 [22.25] |
| P2 | nominal | +h10 | 1.127 [3.1] | 1.144 [5] | 0.916 [10] | 0.663 [11.75] | 0.721 [14.75] | 0.722 [15.75] | 0.848 [19.25] | 0.925 [22.25] |
| F2 | nominal | 1-10 | 1.105 [3.1] | 1.125 [5] | 0.962 [10] | 0.649 [11.75] | 0.666 [13] | 0.684 [15.5] | 0.791 [19.25] | 0.899 [22.25] |
| F2 | nominal | +h10 | 1.126 [3.1] | 1.138 [5] | 0.981 [10] | 0.663 [11.75] | 0.688 [15] | 0.696 [15.5] | 0.805 [19.25] | 0.918 [22.25] |
| D2a | nominal | 1-10 | 1.120 [3.1] | 1.127 [5] | 0.893 [10] | 0.647 [11.75] | 0.693 [14.75] | 0.702 [15.25] | 0.830 [19.25] | 0.920 [22.25] |
| D2a | nominal | +h10 | 1.147 [3.1] | 1.144 [5] | 0.916 [10] | 0.663 [11.75] | 0.721 [13] | 0.722 [15.75] | 0.848 [19.25] | 0.940 [22.25] |
| B0r | nominal | 1-10 | 1.105 [3.1] | 1.124 [5] | 0.963 [10] | 0.651 [11.75] | 0.667 [13] | 0.684 [15.5] | 0.791 [19.25] | 0.899 [22.25] |
| B0r | nominal | +h10 | 1.127 [3.1] | 1.140 [5] | 0.981 [10] | 0.663 [11.75] | 0.687 [15] | 0.695 [15.5] | 0.806 [19.25] | 0.916 [22.25] |
| P2 | bc | 1-10 | 1.013 [3.1] | 1.098 [5] | 0.768 [10] | 0.418 [11.75] | 0.533 [12.75] | 0.670 [15.25] | 0.808 [19.25] | 0.882 [22.25] |
| P2 | bc | +h10 | 1.036 [3.1] | 1.116 [5] | 0.802 [10] | 0.447 [11.75] | 0.575 [12.75] | 0.682 [15.25] | 0.820 [19.25] | 0.894 [22.25] |
| F2 | bc | 1-10 | 0.998 [3.1] | 1.098 [5] | 0.847 [10] | 0.414 [12] | 0.504 [12.75] | 0.650 [16.25] | 0.782 [19.25] | 0.877 [22.25] |
| F2 | bc | +h10 | 1.018 [3.1] | 1.111 [5] | 0.882 [10] | 0.446 [11.75] | 0.514 [12.75] | 0.667 [15.5] | 0.794 [19.25] | 0.893 [22.25] |
| D2a | bc | 1-10 | 1.012 [3.1] | 1.099 [5] | 0.770 [10] | 0.415 [11.75] | 0.549 [13] | 0.670 [15.25] | 0.808 [19.25] | 0.907 [22.25] |
| D2a | bc | +h10 | 1.035 [3.1] | 1.117 [5] | 0.787 [10] | 0.438 [11.75] | 0.576 [12.75] | 0.682 [15.25] | 0.820 [19.25] | 0.920 [22.25] |
| B0r | bc | 1-10 | 0.998 [3.1] | 1.098 [5] | 0.847 [10] | 0.361 [11.75] | 0.504 [12.75] | 0.650 [16.25] | 0.782 [19.25] | 0.877 [22.25] |
| B0r | bc | +h10 | 1.018 [3.1] | 1.112 [5] | 0.886 [10] | 0.434 [11.75] | 0.514 [12.75] | 0.667 [15.5] | 0.794 [19.25] | 0.889 [22.25] |
| P2 | F_hi | 1-10 | 0.155 [3.1] | 0.823 [5] | 0.645 [10] | 0.234 [11.75] | 0.473 [12.75] | 0.645 [15.25] | 0.823 [19.25] | 0.904 [22.25] |
| P2 | F_hi | +h10 | 0.340 [3.1] | 0.851 [5] | 0.662 [10] | 0.242 [11.75] | 0.485 [12.75] | 0.660 [15.25] | 0.841 [19.25] | 0.925 [22.25] |
| F2 | F_hi | 1-10 | 0.048 [3.1] | 0.797 [5] | 0.811 [10] | 0.234 [11.75] | 0.442 [12.75] | 0.620 [15.5] | 0.778 [19.25] | 0.898 [22.25] |
| F2 | F_hi | +h10 | 0.158 [3.1] | 0.820 [5] | 0.832 [10] | 0.246 [11.75] | 0.457 [12.75] | 0.634 [15.5] | 0.792 [19.25] | 0.923 [22.25] |
| D2a | F_hi | 1-10 | 0.155 [3.1] | 0.824 [5] | 0.646 [10] | 0.232 [11.75] | 0.473 [12.75] | 0.645 [15.25] | 0.823 [19.25] | 0.926 [22.25] |
| D2a | F_hi | +h10 | 0.339 [3.1] | 0.851 [5] | 0.661 [10] | 0.241 [11.75] | 0.484 [12.75] | 0.659 [15.25] | 0.840 [19.25] | 0.945 [22.25] |
| B0r | F_hi | 1-10 | 0.046 [3.1] | 0.797 [5] | 0.811 [10] | 0.236 [11.75] | 0.442 [12.75] | 0.620 [15.5] | 0.778 [19.25] | 0.897 [22.25] |
| B0r | F_hi | +h10 | 0.190 [3.1] | 0.821 [5] | 0.831 [10] | 0.246 [11.75] | 0.456 [12.75] | 0.632 [15.5] | 0.793 [19.25] | 0.922 [22.25] |
| P2 | b_lo*J_hi | 1-10 | 1.137 [3.1] | 1.138 [5] | 0.838 [10] | 0.728 [11.75] | 0.728 [14.75] | 0.731 [16.75] | 0.826 [19.25] | 0.884 [22.25] |
| P2 | b_lo*J_hi | +h10 | 1.169 [3.1] | 1.152 [5] | 0.862 [10] | 0.752 [11.5] | 0.740 [14.75] | 0.743 [16.75] | 0.837 [19.25] | 0.898 [22.25] |
| F2 | b_lo*J_hi | 1-10 | 1.120 [3.1] | 1.139 [5] | 0.918 [10] | 0.725 [11.75] | 0.713 [15] | 0.697 [17] | 0.800 [19.25] | 0.885 [22.25] |
| F2 | b_lo*J_hi | +h10 | 1.144 [3.1] | 1.151 [5] | 0.935 [10] | 0.756 [11.9] | 0.723 [15] | 0.707 [17] | 0.812 [19.25] | 0.903 [22.25] |
| D2a | b_lo*J_hi | 1-10 | 1.137 [3.1] | 1.139 [5] | 0.838 [10] | 0.727 [11.75] | 0.728 [14.75] | 0.731 [16.75] | 0.826 [19.25] | 0.906 [22.25] |
| D2a | b_lo*J_hi | +h10 | 1.169 [3.1] | 1.151 [5] | 0.862 [10] | 0.752 [11.5] | 0.740 [14.75] | 0.743 [16.75] | 0.837 [19.25] | 0.919 [22.25] |
| B0r | b_lo*J_hi | 1-10 | 1.119 [3.1] | 1.138 [5] | 0.920 [10] | 0.729 [11.75] | 0.712 [15] | 0.708 [15.75] | 0.800 [19.25] | 0.884 [22.25] |
| B0r | b_lo*J_hi | +h10 | 1.108 [3.1] | 1.152 [5] | 0.934 [10] | 0.751 [11.75] | 0.723 [15] | 0.719 [15.75] | 0.812 [19.25] | 0.903 [22.25] |

### mic10 : dj (sum over the band; [speed of the worst]) (dwell-then-jump events summed over the band)
| impl | member | age | 3.1 | 5 | 8-10 | 10-12.5 | 12.75-15 | 15.25-19 | 19.25-22 | 22.25-30 |
|---|---|---|---|---|---|---|---|---|---|---|
| P2 | nominal | 1-10 | 5 | 4 | 0 | 0 | 0 | 0 | 0 | 0 |
| P2 | nominal | +h10 | 5 | 3 | 0 | 0 | 0 | 0 | 0 | 0 |
| F2 | nominal | 1-10 | 6 | 3 | 0 | 0 | 0 | 0 | 0 | 0 |
| F2 | nominal | +h10 | 6 | 3 | 0 | 0 | 0 | 0 | 0 | 0 |
| D2a | nominal | 1-10 | 5 | 4 | 0 | 0 | 0 | 0 | 0 | 0 |
| D2a | nominal | +h10 | 5 | 3 | 0 | 0 | 0 | 0 | 0 | 0 |
| B0r | nominal | 1-10 | 6 | 3 | 0 | 0 | 0 | 0 | 0 | 0 |
| B0r | nominal | +h10 | 5 | 3 | 0 | 0 | 0 | 0 | 0 | 0 |
| P2 | bc | 1-10 | 6 | 2 | 0 | 10 | 0 | 0 | 0 | 0 |
| P2 | bc | +h10 | 6 | 2 | 0 | 11 | 0 | 0 | 0 | 0 |
| F2 | bc | 1-10 | 6 | 2 | 0 | 6 | 0 | 0 | 0 | 0 |
| F2 | bc | +h10 | 6 | 2 | 0 | 12 | 0 | 0 | 0 | 0 |
| D2a | bc | 1-10 | 6 | 2 | 0 | 11 | 0 | 0 | 0 | 0 |
| D2a | bc | +h10 | 6 | 2 | 0 | 14 | 0 | 0 | 0 | 0 |
| B0r | bc | 1-10 | 6 | 2 | 0 | 12 | 0 | 0 | 0 | 0 |
| B0r | bc | +h10 | 6 | 2 | 0 | 14 | 0 | 0 | 0 | 0 |
| P2 | F_hi | 1-10 | 6 | 6 | 0 | 5 | 0 | 0 | 0 | 0 |
| P2 | F_hi | +h10 | 6 | 6 | 0 | 6 | 0 | 0 | 0 | 0 |
| F2 | F_hi | 1-10 | 6 | 6 | 0 | 4 | 0 | 0 | 0 | 0 |
| F2 | F_hi | +h10 | 6 | 6 | 0 | 2 | 0 | 0 | 0 | 0 |
| D2a | F_hi | 1-10 | 6 | 6 | 0 | 5 | 0 | 0 | 0 | 0 |
| D2a | F_hi | +h10 | 6 | 6 | 0 | 5 | 0 | 0 | 0 | 0 |
| B0r | F_hi | 1-10 | 6 | 6 | 0 | 4 | 0 | 0 | 0 | 0 |
| B0r | F_hi | +h10 | 6 | 6 | 0 | 4 | 0 | 0 | 0 | 0 |
| P2 | b_lo*J_hi | 1-10 | 5 | 2 | 0 | 0 | 0 | 0 | 0 | 0 |
| P2 | b_lo*J_hi | +h10 | 5 | 1 | 0 | 0 | 0 | 0 | 0 | 0 |
| F2 | b_lo*J_hi | 1-10 | 5 | 2 | 0 | 0 | 0 | 0 | 0 | 0 |
| F2 | b_lo*J_hi | +h10 | 5 | 3 | 0 | 0 | 0 | 0 | 0 | 0 |
| D2a | b_lo*J_hi | 1-10 | 5 | 2 | 0 | 0 | 0 | 0 | 0 | 0 |
| D2a | b_lo*J_hi | +h10 | 5 | 1 | 0 | 0 | 0 | 0 | 0 | 0 |
| B0r | b_lo*J_hi | 1-10 | 5 | 2 | 0 | 0 | 0 | 0 | 0 | 0 |
| B0r | b_lo*J_hi | +h10 | 6 | 3 | 0 | 0 | 0 | 0 | 0 | 0 |

### mic03 : stick_pct (max over the band; [speed of the worst]) (% of moving-reference frames with the wheel stuck)
| impl | member | age | 3.1 | 5 | 8-10 | 10-12.5 | 12.75-15 | 15.25-19 | 19.25-22 | 22.25-30 |
|---|---|---|---|---|---|---|---|---|---|---|
| P2 | nominal | 1-10 | 83 [3.1] | 71 [5] | 83 [8] | 64 [10.5] | 50 [13.75] | 64 [17.5] | 40 [20.75] | 39 [22.25] |
| P2 | nominal | +h10 | 83 [3.1] | 89 [5] | 78 [8] | 64 [10.5] | 50 [13.25] | 62 [16.5] | 31 [20.5] | 36 [22.25] |
| F2 | nominal | 1-10 | 83 [3.1] | 78 [5] | 89 [8.25] | 67 [10.75] | 56 [13.5] | 58 [17] | 53 [19.5] | 36 [23.25] |
| F2 | nominal | +h10 | 83 [3.1] | 83 [5] | 88 [8.25] | 65 [10] | 53 [13.75] | 57 [18.25] | 57 [19.5] | 38 [22.75] |
| D2a | nominal | 1-10 | 83 [3.1] | 72 [5] | 89 [8] | 64 [10.25] | 50 [14.25] | 58 [16.5] | 39 [20.25] | 40 [22.25] |
| D2a | nominal | +h10 | 81 [3.1] | 85 [5] | 89 [8] | 67 [10.5] | 53 [13.5] | 60 [16.75] | 32 [20.25] | 39 [22.5] |
| B0r | nominal | 1-10 | 83 [3.1] | 78 [5] | 86 [8] | 62 [11.5] | 53 [13.5] | 64 [17.5] | 57 [19.25] | 40 [22.5] |
| B0r | nominal | +h10 | 83 [3.1] | 92 [5] | 89 [8] | 64 [10.75] | 53 [13.5] | 58 [19] | 62 [19.5] | 38 [22.75] |
| P2 | bc | 1-10 | 81 [3.1] | 86 [5] | 89 [8.75] | 83 [11] | 82 [14] | 85 [18.5] | 100 [21.75] | 97 [22.25] |
| P2 | bc | +h10 | 83 [3.1] | 85 [5] | 100 [8] | 83 [11] | 83 [14] | 89 [18.75] | 96 [22] | 99 [22.25] |
| F2 | bc | 1-10 | 81 [3.1] | 81 [5] | 89 [8] | 83 [11.75] | 83 [14] | 83 [15.75] | 100 [21.75] | 100 [22.25] |
| F2 | bc | +h10 | 92 [3.1] | 90 [5] | 94 [8] | 81 [11] | 83 [14] | 85 [18.5] | 92 [21] | 100 [22.75] |
| D2a | bc | 1-10 | 83 [3.1] | 89 [5] | 92 [8] | 83 [10.75] | 83 [13.75] | 88 [18.75] | 100 [21.75] | 100 [22.25] |
| D2a | bc | +h10 | 88 [3.1] | 89 [5] | 97 [8] | 83 [10.75] | 79 [14] | 88 [19] | 100 [22] | 100 [22.25] |
| B0r | bc | 1-10 | 90 [3.1] | 90 [5] | 94 [8] | 82 [11.75] | 82 [14] | 83 [18.25] | 100 [21.75] | 97 [22.25] |
| B0r | bc | +h10 | 89 [3.1] | 86 [5] | 92 [8] | 83 [11.5] | 83 [13.5] | 85 [18.25] | 93 [21.75] | 99 [22.75] |
| P2 | F_hi | 1-10 | 97 [3.1] | 83 [5] | 83 [10] | 83 [10] | 67 [13] | 58 [17.5] | 40 [19.25] | 33 [22.25] |
| P2 | F_hi | +h10 | 89 [3.1] | 90 [5] | 83 [10] | 83 [10] | 67 [13] | 58 [17.25] | 38 [19.25] | 28 [22.25] |
| F2 | F_hi | 1-10 | 100 [3.1] | 88 [5] | 88 [8.5] | 83 [10.5] | 75 [14] | 58 [17.25] | 56 [19.25] | 29 [23.25] |
| F2 | F_hi | +h10 | 100 [3.1] | 92 [5] | 92 [8] | 83 [10.5] | 67 [12.75] | 58 [17.5] | 58 [19.5] | 29 [22.75] |
| D2a | F_hi | 1-10 | 97 [3.1] | 86 [5] | 83 [10] | 83 [10] | 67 [12.75] | 64 [18.5] | 38 [19.25] | 32 [22.25] |
| D2a | F_hi | +h10 | 89 [3.1] | 90 [5] | 85 [8] | 83 [10] | 67 [12.75] | 58 [18.5] | 35 [19.25] | 31 [22.25] |
| B0r | F_hi | 1-10 | 100 [3.1] | 88 [5] | 82 [8.25] | 83 [10.5] | 67 [12.75] | 56 [16] | 58 [19.25] | 31 [22.25] |
| B0r | F_hi | +h10 | 100 [3.1] | 92 [5] | 89 [8.5] | 83 [10.5] | 67 [12.75] | 58 [18.5] | 58 [19.5] | 33 [22.5] |
| P2 | b_lo*J_hi | 1-10 | 92 [3.1] | 79 [5] | 92 [8] | 72 [10.25] | 89 [15] | 100 [18] | 100 [19.75] | 100 [22.25] |
| P2 | b_lo*J_hi | +h10 | 83 [3.1] | 89 [5] | 94 [8] | 75 [12.5] | 89 [15] | 99 [17.75] | 100 [20.5] | 100 [22.25] |
| F2 | b_lo*J_hi | 1-10 | 90 [3.1] | 83 [5] | 96 [8] | 78 [12.25] | 76 [13.5] | 99 [18.25] | 100 [20.25] | 100 [22.25] |
| F2 | b_lo*J_hi | +h10 | 86 [3.1] | 85 [5] | 97 [8] | 81 [10.5] | 75 [13.25] | 100 [18.25] | 100 [21.25] | 100 [22.5] |
| D2a | b_lo*J_hi | 1-10 | 82 [3.1] | 81 [5] | 96 [8] | 78 [12.5] | 89 [15] | 100 [17.5] | 100 [20] | 100 [22.25] |
| D2a | b_lo*J_hi | +h10 | 86 [3.1] | 78 [5] | 97 [8] | 76 [12.25] | 89 [15] | 100 [17.75] | 100 [20.25] | 100 [22.25] |
| B0r | b_lo*J_hi | 1-10 | 88 [3.1] | 75 [5] | 90 [8] | 79 [10] | 78 [13.5] | 100 [18] | 100 [20.75] | 100 [22.25] |
| B0r | b_lo*J_hi | +h10 | 89 [3.1] | 81 [5] | 97 [8.25] | 82 [10] | 78 [14.75] | 100 [18.25] | 100 [21] | 100 [22.25] |

### db : db_lag (max over the band; [speed of the worst]) (creep lag deg)
| impl | member | age | 3.1 | 5 | 8-10 | 10-12.5 | 12.75-15 | 15.25-19 | 19.25-22 | 22.25-30 |
|---|---|---|---|---|---|---|---|---|---|---|
| P2 | nominal | 1-10 | 0.40 [3.1] | 0.24 [5] | 0.13 [9.5] | 0.14 [12.5] | 0.17 [14.75] | 0.14 [17] | 0.13 [19.25] | 0.13 [22.25] |
| P2 | nominal | +h10 | 0.40 [3.1] | 0.24 [5] | 0.13 [9.75] | 0.14 [12.5] | 0.17 [14.75] | 0.14 [17.25] | 0.13 [19.5] | 0.12 [24] |
| F2 | nominal | 1-10 | 0.40 [3.1] | 0.25 [5] | 0.14 [9.75] | 0.14 [12.5] | 0.18 [15] | 0.14 [17] | 0.14 [19.5] | 0.13 [22.5] |
| F2 | nominal | +h10 | 0.40 [3.1] | 0.24 [5] | 0.13 [9.75] | 0.14 [12.5] | 0.17 [15] | 0.14 [17.25] | 0.14 [19.5] | 0.12 [22.75] |
| D2a | nominal | 1-10 | 0.40 [3.1] | 0.24 [5] | 0.13 [9.5] | 0.14 [12.5] | 0.17 [14.75] | 0.14 [17.75] | 0.13 [19.25] | 0.13 [22.25] |
| D2a | nominal | +h10 | 0.40 [3.1] | 0.24 [5] | 0.13 [9.75] | 0.14 [12.5] | 0.17 [14.75] | 0.14 [18] | 0.13 [20.25] | 0.12 [22.25] |
| B0r | nominal | 1-10 | 0.40 [3.1] | 0.24 [5] | 0.13 [9.75] | 0.14 [12.5] | 0.18 [15] | 0.14 [17.25] | 0.14 [19.25] | 0.13 [22.5] |
| B0r | nominal | +h10 | 0.40 [3.1] | 0.24 [5] | 0.13 [10] | 0.14 [12.5] | 0.17 [15] | 0.14 [17] | 0.14 [19.25] | 0.12 [22.5] |
| P2 | bc | 1-10 | 0.40 [3.1] | 0.24 [5] | 0.24 [9.25] | 0.28 [11.75] | 0.20 [13.25] | 0.15 [17.5] | 0.14 [20] | 0.14 [23] |
| P2 | bc | +h10 | 0.40 [3.1] | 0.24 [5] | 0.23 [9.25] | 0.27 [11.9] | 0.21 [13.75] | 0.14 [17] | 0.14 [19.75] | 0.13 [23.5] |
| F2 | bc | 1-10 | 0.40 [3.1] | 0.24 [5] | 0.24 [9.25] | 0.28 [11.9] | 0.22 [12.75] | 0.15 [17] | 0.15 [19.5] | 0.14 [23.75] |
| F2 | bc | +h10 | 0.40 [3.1] | 0.31 [5] | 0.23 [9.25] | 0.28 [11.9] | 0.22 [12.75] | 0.14 [18.5] | 0.14 [19.25] | 0.13 [23.5] |
| D2a | bc | 1-10 | 0.40 [3.1] | 0.24 [5] | 0.24 [9.25] | 0.28 [11.9] | 0.20 [13] | 0.15 [17.25] | 0.14 [19.75] | 0.14 [22.5] |
| D2a | bc | +h10 | 0.40 [3.1] | 0.25 [5] | 0.23 [9.75] | 0.28 [11.9] | 0.20 [13.75] | 0.14 [17] | 0.14 [19.5] | 0.13 [22.5] |
| B0r | bc | 1-10 | 0.40 [3.1] | 0.24 [5] | 0.24 [9.25] | 0.28 [11.9] | 0.22 [12.75] | 0.15 [17] | 0.15 [19.25] | 0.14 [22.25] |
| B0r | bc | +h10 | 0.40 [3.1] | 0.30 [5] | 0.23 [9.25] | 0.28 [11.9] | 0.22 [12.75] | 0.14 [18.5] | 0.14 [19.25] | 0.13 [22.5] |
| P2 | F_hi | 1-10 | 0.60 [3.1] | 0.50 [5] | 0.25 [10] | 0.32 [11.75] | 0.20 [12.75] | 0.14 [17] | 0.13 [19.5] | 0.13 [22.5] |
| P2 | F_hi | +h10 | 0.60 [3.1] | 0.50 [5] | 0.25 [10] | 0.31 [11.75] | 0.20 [12.75] | 0.14 [17.25] | 0.13 [19.5] | 0.12 [22.25] |
| F2 | F_hi | 1-10 | 0.60 [3.1] | 0.50 [5] | 0.25 [9.25] | 0.32 [11.75] | 0.26 [12.75] | 0.15 [16.75] | 0.14 [19.25] | 0.13 [23.25] |
| F2 | F_hi | +h10 | 0.60 [3.1] | 0.50 [5] | 0.24 [8] | 0.31 [11.75] | 0.26 [12.75] | 0.14 [16.75] | 0.14 [19.5] | 0.12 [22.75] |
| D2a | F_hi | 1-10 | 0.60 [3.1] | 0.50 [5] | 0.25 [10] | 0.32 [11.75] | 0.20 [12.75] | 0.14 [17.25] | 0.13 [20] | 0.13 [22.25] |
| D2a | F_hi | +h10 | 0.60 [3.1] | 0.50 [5] | 0.25 [10] | 0.31 [11.9] | 0.20 [12.75] | 0.14 [17.75] | 0.13 [19.5] | 0.12 [22.25] |
| B0r | F_hi | 1-10 | 0.60 [3.1] | 0.50 [5] | 0.24 [9.25] | 0.31 [11.9] | 0.26 [12.75] | 0.14 [16.75] | 0.14 [19.5] | 0.13 [22.25] |
| B0r | F_hi | +h10 | 0.60 [3.1] | 0.50 [5] | 0.24 [8] | 0.31 [11.75] | 0.26 [12.75] | 0.14 [16.75] | 0.14 [19.5] | 0.12 [22.75] |
| P2 | b_lo*J_hi | 1-10 | 0.30 [3.1] | 0.22 [5] | 0.13 [10] | 0.14 [12.5] | 0.17 [14.75] | 0.14 [18.5] | 0.13 [19.5] | 0.13 [22.75] |
| P2 | b_lo*J_hi | +h10 | 0.28 [3.1] | 0.17 [5] | 0.13 [10] | 0.14 [12.5] | 0.17 [14.75] | 0.14 [18] | 0.13 [19.25] | 0.13 [23] |
| F2 | b_lo*J_hi | 1-10 | 0.31 [3.1] | 0.20 [5] | 0.13 [10] | 0.14 [12.5] | 0.18 [15] | 0.14 [18.75] | 0.14 [19.5] | 0.13 [22.25] |
| F2 | b_lo*J_hi | +h10 | 0.29 [3.1] | 0.24 [5] | 0.12 [10] | 0.14 [12.5] | 0.17 [15] | 0.14 [17.25] | 0.14 [19.25] | 0.13 [22.75] |
| D2a | b_lo*J_hi | 1-10 | 0.29 [3.1] | 0.22 [5] | 0.13 [10] | 0.14 [12.5] | 0.17 [14.5] | 0.14 [16.75] | 0.13 [20.5] | 0.13 [23.5] |
| D2a | b_lo*J_hi | +h10 | 0.26 [3.1] | 0.25 [5] | 0.13 [9] | 0.14 [12.5] | 0.17 [14.25] | 0.14 [17] | 0.13 [20.75] | 0.13 [23] |
| B0r | b_lo*J_hi | 1-10 | 0.30 [3.1] | 0.19 [5] | 0.13 [9.25] | 0.15 [12.5] | 0.18 [15] | 0.14 [17] | 0.14 [19.5] | 0.13 [22.5] |
| B0r | b_lo*J_hi | +h10 | 0.27 [3.1] | 0.18 [5] | 0.12 [10] | 0.15 [12.5] | 0.17 [14.5] | 0.14 [18.5] | 0.14 [19.5] | 0.13 [23.5] |

### ov_firm : lurch (max over the band; [speed of the worst]) (overshoot past the setpoint after release, deg)
| impl | member | age | 3.1 | 5 | 8-10 | 10-12.5 | 12.75-15 | 15.25-19 | 19.25-22 | 22.25-30 |
|---|---|---|---|---|---|---|---|---|---|---|
| P2 | nominal | 1-10 | 4.25 [3.1] | 4.07 [5] | 3.32 [8] | 2.39 [10] | 1.34 [12.75] | 0.73 [15.75] | 0.52 [19.25] | 0.41 [22.25] |
| P2 | nominal | +h10 | 4.93 [3.1] | 4.85 [5] | 4.24 [8] | 2.50 [10] | 1.38 [12.75] | 0.77 [15.75] | 0.54 [19.25] | 0.43 [22.25] |
| F2 | nominal | 1-10 | 4.13 [3.1] | 3.93 [5] | 3.04 [8] | 2.29 [10] | 1.33 [12.75] | 0.72 [15.5] | 0.51 [19.25] | 0.41 [22.25] |
| F2 | nominal | +h10 | 4.10 [3.1] | 4.08 [5] | 3.52 [8] | 2.40 [10] | 1.39 [12.75] | 0.76 [15.5] | 0.54 [19.25] | 0.43 [22.25] |
| D2a | nominal | 1-10 | 4.25 [3.1] | 4.07 [5] | 3.32 [8] | 2.40 [10] | 1.34 [12.75] | 0.72 [15.75] | 0.52 [19.25] | 0.41 [22.25] |
| D2a | nominal | +h10 | 4.94 [3.1] | 4.85 [5] | 4.24 [8] | 2.50 [10] | 1.38 [12.75] | 0.77 [15.75] | 0.55 [19.25] | 0.44 [22.25] |
| B0r | nominal | 1-10 | 4.13 [3.1] | 3.92 [5] | 3.03 [8] | 2.30 [10] | 1.33 [12.75] | 0.72 [15.5] | 0.51 [19.25] | 0.40 [22.25] |
| B0r | nominal | +h10 | 4.09 [3.1] | 4.08 [5] | 3.53 [8] | 2.40 [10] | 1.39 [12.75] | 0.76 [15.5] | 0.53 [19.25] | 0.43 [22.25] |
| P2 | bc | 1-10 | 5.84 [3.1] | 5.43 [5] | 4.10 [8] | 2.04 [10] | 1.01 [12.75] | 0.51 [15.75] | 0.38 [19.25] | 0.32 [22.25] |
| P2 | bc | +h10 | 8.02 [3.1] | 6.96 [5] | 5.44 [8] | 2.21 [10] | 1.11 [12.75] | 0.56 [15.75] | 0.42 [19.25] | 0.36 [23] |
| F2 | bc | 1-10 | 5.31 [3.1] | 5.04 [5] | 3.68 [8] | 2.01 [10] | 1.00 [12.75] | 0.50 [15.75] | 0.37 [19.25] | 0.32 [22.25] |
| F2 | bc | +h10 | 7.10 [3.1] | 6.28 [5] | 4.85 [8] | 2.10 [10] | 1.05 [12.75] | 0.53 [15.75] | 0.39 [19.25] | 0.35 [23] |
| D2a | bc | 1-10 | 5.84 [3.1] | 5.43 [5] | 4.10 [8] | 2.05 [10] | 1.01 [12.75] | 0.51 [15.75] | 0.38 [19.25] | 0.32 [22.25] |
| D2a | bc | +h10 | 8.02 [3.1] | 6.95 [5] | 5.44 [8] | 2.22 [10] | 1.11 [12.75] | 0.57 [15.5] | 0.42 [19.25] | 0.36 [23] |
| B0r | bc | 1-10 | 5.31 [3.1] | 5.03 [5] | 3.68 [8] | 2.01 [10] | 1.00 [12.75] | 0.49 [15.75] | 0.37 [19.25] | 0.32 [22.25] |
| B0r | bc | +h10 | 7.10 [3.1] | 6.28 [5] | 4.87 [8] | 2.11 [10] | 1.05 [12.75] | 0.53 [15.25] | 0.39 [19.25] | 0.35 [22.25] |
| P2 | F_hi | 1-10 | 3.18 [3.1] | 3.39 [5] | 3.05 [8] | 2.41 [10] | 1.34 [12.75] | 0.73 [15.75] | 0.52 [19.25] | 0.41 [22.25] |
| P2 | F_hi | +h10 | 3.72 [3.1] | 4.08 [5] | 3.97 [8] | 2.51 [10] | 1.39 [12.75] | 0.77 [15.75] | 0.54 [19.25] | 0.43 [22.25] |
| F2 | F_hi | 1-10 | 3.09 [3.1] | 3.26 [5] | 2.80 [8] | 2.31 [10] | 1.33 [12.75] | 0.72 [15.75] | 0.51 [19.25] | 0.41 [22.25] |
| F2 | F_hi | +h10 | 3.06 [3.1] | 3.35 [5] | 3.25 [8] | 2.37 [10] | 1.38 [12.75] | 0.76 [15.5] | 0.54 [19.25] | 0.43 [22.25] |
| D2a | F_hi | 1-10 | 3.18 [3.1] | 3.40 [5] | 3.06 [8] | 2.41 [10] | 1.32 [12.75] | 0.73 [15.75] | 0.52 [19.25] | 0.41 [22.25] |
| D2a | F_hi | +h10 | 3.72 [3.1] | 4.08 [5] | 3.98 [8] | 2.51 [10] | 1.39 [12.75] | 0.78 [15.75] | 0.55 [19.25] | 0.44 [22.25] |
| B0r | F_hi | 1-10 | 3.09 [3.1] | 3.25 [5] | 2.80 [8] | 2.31 [10] | 1.34 [12.75] | 0.72 [15.5] | 0.51 [19.25] | 0.41 [22.25] |
| B0r | F_hi | +h10 | 3.05 [3.1] | 3.36 [5] | 3.26 [8] | 2.39 [10] | 1.38 [12.75] | 0.76 [15.5] | 0.54 [19.25] | 0.43 [22.25] |
| P2 | b_lo*J_hi | 1-10 | 10.16 [3.1] | 8.51 [5] | 7.24 [8] | 3.43 [10] | 1.56 [12.75] | 0.79 [15.25] | 0.52 [19.25] | 0.41 [22.25] |
| P2 | b_lo*J_hi | +h10 | 12.20 [3.1] | 9.91 [5] | 8.30 [8] | 3.63 [10] | 1.75 [12.75] | 0.93 [15.25] | 0.60 [19.25] | 0.49 [22.25] |
| F2 | b_lo*J_hi | 1-10 | 9.95 [3.1] | 8.27 [5] | 7.02 [8] | 3.46 [10] | 1.49 [12.75] | 0.75 [15.25] | 0.48 [19.25] | 0.39 [22.25] |
| F2 | b_lo*J_hi | +h10 | 11.80 [3.1] | 9.61 [5] | 8.03 [8] | 3.80 [10] | 1.61 [12.75] | 0.82 [15.25] | 0.53 [19.25] | 0.45 [22.25] |
| D2a | b_lo*J_hi | 1-10 | 10.17 [3.1] | 8.52 [5] | 7.25 [8] | 3.43 [10] | 1.56 [12.75] | 0.79 [15.5] | 0.52 [19.25] | 0.42 [22.25] |
| D2a | b_lo*J_hi | +h10 | 12.20 [3.1] | 9.90 [5] | 8.30 [8] | 3.63 [10] | 1.76 [12.75] | 0.93 [15.25] | 0.60 [19.25] | 0.49 [22.25] |
| B0r | b_lo*J_hi | 1-10 | 9.95 [3.1] | 8.26 [5] | 7.02 [8] | 3.46 [10] | 1.50 [12.75] | 0.75 [15.25] | 0.47 [19.25] | 0.40 [22.25] |
| B0r | b_lo*J_hi | +h10 | 11.79 [3.1] | 9.61 [5] | 8.00 [8] | 3.80 [10] | 1.61 [12.75] | 0.83 [15.25] | 0.54 [19.25] | 0.46 [22.25] |

### ov_lt400 : lurch (max over the band; [speed of the worst]) (overshoot past the setpoint after release, deg)
| impl | member | age | 3.1 | 5 | 8-10 | 10-12.5 | 12.75-15 | 15.25-19 | 19.25-22 | 22.25-30 |
|---|---|---|---|---|---|---|---|---|---|---|
| P2 | nominal | 1-10 | 4.24 [3.1] | 4.21 [5] | 6.32 [10] | 7.11 [11.75] | 5.20 [12.75] | 2.82 [15.25] | 2.65 [22] | 2.85 [30] |
| P2 | nominal | +h10 | 5.03 [3.1] | 5.31 [5] | 6.47 [10] | 7.25 [11.75] | 5.30 [12.75] | 2.87 [15.25] | 2.73 [22] | 2.94 [30] |
| F2 | nominal | 1-10 | 4.10 [3.1] | 3.92 [5] | 5.89 [10] | 7.06 [11.75] | 5.23 [12.75] | 2.86 [15.25] | 2.70 [21.5] | 2.89 [30] |
| F2 | nominal | +h10 | 4.03 [3.1] | 4.55 [5] | 5.97 [10] | 7.15 [11.75] | 5.29 [12.75] | 2.91 [15.25] | 2.76 [22] | 2.95 [30] |
| D2a | nominal | 1-10 | 4.24 [3.1] | 4.22 [5] | 6.32 [10] | 7.11 [11.75] | 5.20 [12.75] | 2.82 [15.25] | 2.65 [22] | 2.85 [30] |
| D2a | nominal | +h10 | 5.03 [3.1] | 5.30 [5] | 6.47 [10] | 7.24 [11.75] | 5.30 [12.75] | 2.87 [15.25] | 2.72 [22] | 2.94 [30] |
| B0r | nominal | 1-10 | 4.11 [3.1] | 3.91 [5] | 5.89 [10] | 7.06 [11.75] | 5.23 [12.75] | 2.86 [15.25] | 2.69 [22] | 2.89 [30] |
| B0r | nominal | +h10 | 4.03 [3.1] | 4.54 [5] | 5.96 [10] | 7.15 [11.75] | 5.29 [12.75] | 2.91 [15.25] | 2.75 [22] | 2.95 [30] |
| P2 | bc | 1-10 | 6.37 [3.1] | 6.72 [5] | 6.79 [10] | 7.70 [11.75] | 5.63 [12.75] | 3.07 [15.25] | 3.00 [22] | 3.28 [30] |
| P2 | bc | +h10 | 8.90 [3.1] | 8.53 [5] | 8.10 [8] | 7.89 [11.75] | 5.79 [12.75] | 3.17 [15.25] | 3.13 [22] | 3.43 [30] |
| F2 | bc | 1-10 | 5.90 [3.1] | 6.42 [5] | 6.51 [8] | 7.62 [11.75] | 5.63 [12.75] | 3.10 [15.25] | 3.03 [22] | 3.31 [30] |
| F2 | bc | +h10 | 8.25 [3.1] | 8.55 [5] | 8.19 [8] | 7.69 [11.75] | 5.69 [12.75] | 3.15 [15.25] | 3.12 [22] | 3.41 [30] |
| D2a | bc | 1-10 | 6.38 [3.1] | 6.72 [5] | 6.80 [10] | 7.71 [11.75] | 5.64 [12.75] | 3.08 [15.25] | 3.00 [22] | 3.29 [30] |
| D2a | bc | +h10 | 8.90 [3.1] | 8.52 [5] | 8.10 [8] | 7.89 [11.75] | 5.80 [12.75] | 3.17 [15.25] | 3.12 [22] | 3.43 [30] |
| B0r | bc | 1-10 | 5.90 [3.1] | 6.41 [5] | 6.51 [8] | 7.62 [11.75] | 5.64 [12.75] | 3.10 [15.25] | 3.03 [22] | 3.31 [30] |
| B0r | bc | +h10 | 8.25 [3.1] | 8.55 [5] | 8.19 [8] | 7.69 [11.75] | 5.69 [12.75] | 3.15 [15.25] | 3.12 [22] | 3.42 [30] |
| P2 | F_hi | 1-10 | 3.15 [3.1] | 3.52 [5] | 6.09 [10] | 6.87 [11.75] | 5.03 [12.75] | 2.74 [15.25] | 2.62 [22] | 2.83 [30] |
| P2 | F_hi | +h10 | 3.79 [3.1] | 4.54 [5] | 6.25 [10] | 6.99 [11.75] | 5.12 [12.75] | 2.79 [15.25] | 2.69 [22] | 2.91 [30] |
| F2 | F_hi | 1-10 | 3.07 [3.1] | 3.23 [5] | 5.68 [10] | 6.82 [11.75] | 5.05 [12.75] | 2.79 [15.25] | 2.67 [22] | 2.87 [30] |
| F2 | F_hi | +h10 | 2.99 [3.1] | 3.79 [5] | 5.76 [10] | 6.91 [11.75] | 5.11 [12.75] | 2.82 [15.25] | 2.72 [22] | 2.94 [30] |
| D2a | F_hi | 1-10 | 3.15 [3.1] | 3.52 [5] | 6.09 [10] | 6.87 [11.75] | 5.03 [12.75] | 2.74 [15.25] | 2.62 [22] | 2.83 [30] |
| D2a | F_hi | +h10 | 3.79 [3.1] | 4.54 [5] | 6.25 [10] | 6.99 [11.75] | 5.12 [12.75] | 2.79 [15.25] | 2.68 [22] | 2.91 [30] |
| B0r | F_hi | 1-10 | 3.08 [3.1] | 3.23 [5] | 5.69 [10] | 6.82 [11.75] | 5.05 [12.75] | 2.78 [15.25] | 2.66 [22] | 2.87 [30] |
| B0r | F_hi | +h10 | 2.98 [3.1] | 3.78 [5] | 5.76 [10] | 6.91 [11.75] | 5.12 [12.75] | 2.82 [15.25] | 2.72 [22] | 2.94 [30] |
| P2 | b_lo*J_hi | 1-10 | 10.50 [3.1] | 9.16 [5] | 9.15 [10] | 10.40 [11.75] | 7.73 [12.75] | 4.17 [15.25] | 3.49 [21] | 3.52 [30] |
| P2 | b_lo*J_hi | +h10 | 12.61 [3.1] | 10.63 [5] | 9.62 [10] | 10.78 [11.75] | 8.04 [12.75] | 4.37 [15.25] | 3.66 [21] | 3.70 [30] |
| F2 | b_lo*J_hi | 1-10 | 10.29 [3.1] | 8.93 [5] | 8.96 [10] | 10.32 [11.75] | 7.71 [12.75] | 4.17 [15.25] | 3.52 [21] | 3.55 [30] |
| F2 | b_lo*J_hi | +h10 | 12.21 [3.1] | 10.44 [5] | 9.44 [10] | 10.60 [11.75] | 7.97 [12.75] | 4.34 [15.25] | 3.67 [21] | 3.70 [30] |
| D2a | b_lo*J_hi | 1-10 | 10.50 [3.1] | 9.17 [5] | 9.16 [10] | 10.41 [11.75] | 7.73 [12.75] | 4.17 [15.25] | 3.49 [21] | 3.52 [30] |
| D2a | b_lo*J_hi | +h10 | 12.61 [3.1] | 10.63 [5] | 9.61 [10] | 10.79 [11.75] | 8.05 [12.75] | 4.37 [15.25] | 3.65 [21] | 3.70 [30] |
| B0r | b_lo*J_hi | 1-10 | 10.29 [3.1] | 8.92 [5] | 8.96 [10] | 10.33 [11.75] | 7.72 [12.75] | 4.18 [15.25] | 3.51 [21] | 3.55 [30] |
| B0r | b_lo*J_hi | +h10 | 12.21 [3.1] | 10.44 [5] | 9.43 [10] | 10.60 [11.75] | 7.96 [12.75] | 4.34 [15.25] | 3.66 [21] | 3.71 [30] |

### ov_lt511 : lurch (max over the band; [speed of the worst]) (overshoot past the setpoint after release, deg)
| impl | member | age | 3.1 | 5 | 8-10 | 10-12.5 | 12.75-15 | 15.25-19 | 19.25-22 | 22.25-30 |
|---|---|---|---|---|---|---|---|---|---|---|
| P2 | nominal | 1-10 | 4.24 [3.1] | 4.21 [5] | 6.32 [10] | 7.11 [11.75] | 5.20 [12.75] | 2.82 [15.25] | 2.65 [22] | 2.85 [30] |
| P2 | nominal | +h10 | 5.03 [3.1] | 5.31 [5] | 6.47 [10] | 7.25 [11.75] | 5.30 [12.75] | 2.87 [15.25] | 2.73 [22] | 2.94 [30] |
| F2 | nominal | 1-10 | 4.10 [3.1] | 3.92 [5] | 5.89 [10] | 7.06 [11.75] | 5.23 [12.75] | 2.86 [15.25] | 2.70 [21.5] | 2.89 [30] |
| F2 | nominal | +h10 | 4.03 [3.1] | 4.55 [5] | 5.97 [10] | 7.15 [11.75] | 5.29 [12.75] | 2.91 [15.25] | 2.76 [22] | 2.95 [30] |
| D2a | nominal | 1-10 | 4.24 [3.1] | 4.22 [5] | 6.32 [10] | 7.11 [11.75] | 5.20 [12.75] | 2.82 [15.25] | 2.65 [22] | 2.85 [30] |
| D2a | nominal | +h10 | 5.03 [3.1] | 5.30 [5] | 6.47 [10] | 7.24 [11.75] | 5.30 [12.75] | 2.87 [15.25] | 2.72 [22] | 2.94 [30] |
| B0r | nominal | 1-10 | 4.11 [3.1] | 3.91 [5] | 5.89 [10] | 7.06 [11.75] | 5.23 [12.75] | 2.86 [15.25] | 2.69 [22] | 2.89 [30] |
| B0r | nominal | +h10 | 4.03 [3.1] | 4.54 [5] | 5.96 [10] | 7.15 [11.75] | 5.29 [12.75] | 2.91 [15.25] | 2.75 [22] | 2.95 [30] |
| P2 | bc | 1-10 | 6.37 [3.1] | 6.72 [5] | 6.79 [10] | 7.70 [11.75] | 5.63 [12.75] | 3.07 [15.25] | 3.00 [22] | 3.28 [30] |
| P2 | bc | +h10 | 8.90 [3.1] | 8.53 [5] | 8.10 [8] | 7.89 [11.75] | 5.79 [12.75] | 3.17 [15.25] | 3.13 [22] | 3.43 [30] |
| F2 | bc | 1-10 | 5.90 [3.1] | 6.42 [5] | 6.51 [8] | 7.62 [11.75] | 5.63 [12.75] | 3.10 [15.25] | 3.03 [22] | 3.31 [30] |
| F2 | bc | +h10 | 8.25 [3.1] | 8.55 [5] | 8.19 [8] | 7.69 [11.75] | 5.69 [12.75] | 3.15 [15.25] | 3.12 [22] | 3.41 [30] |
| D2a | bc | 1-10 | 6.38 [3.1] | 6.72 [5] | 6.80 [10] | 7.71 [11.75] | 5.64 [12.75] | 3.08 [15.25] | 3.00 [22] | 3.29 [30] |
| D2a | bc | +h10 | 8.90 [3.1] | 8.52 [5] | 8.10 [8] | 7.89 [11.75] | 5.80 [12.75] | 3.17 [15.25] | 3.12 [22] | 3.43 [30] |
| B0r | bc | 1-10 | 5.90 [3.1] | 6.41 [5] | 6.51 [8] | 7.62 [11.75] | 5.64 [12.75] | 3.10 [15.25] | 3.03 [22] | 3.31 [30] |
| B0r | bc | +h10 | 8.25 [3.1] | 8.55 [5] | 8.19 [8] | 7.69 [11.75] | 5.69 [12.75] | 3.15 [15.25] | 3.12 [22] | 3.42 [30] |
| P2 | F_hi | 1-10 | 3.15 [3.1] | 3.52 [5] | 6.09 [10] | 6.87 [11.75] | 5.03 [12.75] | 2.74 [15.25] | 2.62 [22] | 2.83 [30] |
| P2 | F_hi | +h10 | 3.79 [3.1] | 4.54 [5] | 6.25 [10] | 6.99 [11.75] | 5.12 [12.75] | 2.79 [15.25] | 2.69 [22] | 2.91 [30] |
| F2 | F_hi | 1-10 | 3.07 [3.1] | 3.23 [5] | 5.68 [10] | 6.82 [11.75] | 5.05 [12.75] | 2.79 [15.25] | 2.67 [22] | 2.87 [30] |
| F2 | F_hi | +h10 | 2.99 [3.1] | 3.79 [5] | 5.76 [10] | 6.91 [11.75] | 5.11 [12.75] | 2.82 [15.25] | 2.72 [22] | 2.94 [30] |
| D2a | F_hi | 1-10 | 3.15 [3.1] | 3.52 [5] | 6.09 [10] | 6.87 [11.75] | 5.03 [12.75] | 2.74 [15.25] | 2.62 [22] | 2.83 [30] |
| D2a | F_hi | +h10 | 3.79 [3.1] | 4.54 [5] | 6.25 [10] | 6.99 [11.75] | 5.12 [12.75] | 2.79 [15.25] | 2.68 [22] | 2.91 [30] |
| B0r | F_hi | 1-10 | 3.08 [3.1] | 3.23 [5] | 5.69 [10] | 6.82 [11.75] | 5.05 [12.75] | 2.78 [15.25] | 2.66 [22] | 2.87 [30] |
| B0r | F_hi | +h10 | 2.98 [3.1] | 3.78 [5] | 5.76 [10] | 6.91 [11.75] | 5.12 [12.75] | 2.82 [15.25] | 2.72 [22] | 2.94 [30] |
| P2 | b_lo*J_hi | 1-10 | 10.50 [3.1] | 9.16 [5] | 9.15 [10] | 10.40 [11.75] | 7.73 [12.75] | 4.17 [15.25] | 3.49 [21] | 3.52 [30] |
| P2 | b_lo*J_hi | +h10 | 12.61 [3.1] | 10.63 [5] | 9.62 [10] | 10.78 [11.75] | 8.04 [12.75] | 4.37 [15.25] | 3.66 [21] | 3.70 [30] |
| F2 | b_lo*J_hi | 1-10 | 10.29 [3.1] | 8.93 [5] | 8.96 [10] | 10.32 [11.75] | 7.71 [12.75] | 4.17 [15.25] | 3.52 [21] | 3.55 [30] |
| F2 | b_lo*J_hi | +h10 | 12.21 [3.1] | 10.44 [5] | 9.44 [10] | 10.60 [11.75] | 7.97 [12.75] | 4.34 [15.25] | 3.67 [21] | 3.70 [30] |
| D2a | b_lo*J_hi | 1-10 | 10.50 [3.1] | 9.17 [5] | 9.16 [10] | 10.41 [11.75] | 7.73 [12.75] | 4.17 [15.25] | 3.49 [21] | 3.52 [30] |
| D2a | b_lo*J_hi | +h10 | 12.61 [3.1] | 10.63 [5] | 9.61 [10] | 10.79 [11.75] | 8.05 [12.75] | 4.37 [15.25] | 3.65 [21] | 3.70 [30] |
| B0r | b_lo*J_hi | 1-10 | 10.29 [3.1] | 8.92 [5] | 8.96 [10] | 10.33 [11.75] | 7.72 [12.75] | 4.18 [15.25] | 3.51 [21] | 3.55 [30] |
| B0r | b_lo*J_hi | +h10 | 12.21 [3.1] | 10.44 [5] | 9.43 [10] | 10.60 [11.75] | 7.96 [12.75] | 4.34 [15.25] | 3.66 [21] | 3.71 [30] |

### ov_src : lurch (max over the band; [speed of the worst]) (overshoot past the setpoint after release, deg)
| impl | member | age | 3.1 | 5 | 8-10 | 10-12.5 | 12.75-15 | 15.25-19 | 19.25-22 | 22.25-30 |
|---|---|---|---|---|---|---|---|---|---|---|
| P2 | nominal | 1-10 | 1.28 [3.1] | 1.85 [5] | 1.63 [8.25] | 1.31 [10] | 1.09 [12.75] | 0.85 [15.75] | 0.51 [19.25] | 0.36 [22.25] |
| P2 | nominal | +h10 | 1.35 [3.1] | 1.98 [5] | 1.73 [8.25] | 1.31 [10] | 1.11 [12.75] | 0.86 [15.75] | 0.53 [19.25] | 0.37 [22.25] |
| F2 | nominal | 1-10 | 1.32 [3.1] | 1.35 [5] | 1.67 [8.25] | 1.20 [10] | 1.09 [12.75] | 0.87 [15.75] | 0.52 [19.25] | 0.37 [22.25] |
| F2 | nominal | +h10 | 1.35 [3.1] | 1.45 [5] | 1.80 [8] | 1.20 [10] | 1.11 [12.75] | 0.88 [15.75] | 0.53 [19.25] | 0.37 [22.25] |
| D2a | nominal | 1-10 | 1.29 [3.1] | 1.87 [5] | 1.63 [8.25] | 1.31 [10] | 1.09 [12.75] | 0.84 [15.75] | 0.52 [19.25] | 0.36 [22.25] |
| D2a | nominal | +h10 | 1.36 [3.1] | 1.97 [5] | 1.74 [8.25] | 1.32 [10] | 1.12 [12.75] | 0.87 [15.75] | 0.53 [19.25] | 0.37 [22.25] |
| B0r | nominal | 1-10 | 1.32 [3.1] | 1.32 [5] | 1.68 [8] | 1.19 [10] | 1.10 [12.75] | 0.87 [15.75] | 0.52 [19.25] | 0.37 [22.25] |
| B0r | nominal | +h10 | 1.36 [3.1] | 1.43 [5] | 1.79 [8] | 1.20 [10] | 1.11 [12.75] | 0.88 [15.75] | 0.53 [19.25] | 0.37 [22.25] |
| P2 | bc | 1-10 | 2.23 [3.1] | 2.09 [5] | 1.85 [8.25] | 1.78 [10] | 1.20 [12.75] | 0.93 [15.75] | 0.56 [19.25] | 0.39 [22.25] |
| P2 | bc | +h10 | 2.38 [3.1] | 2.24 [5] | 2.02 [8] | 1.85 [10] | 1.23 [12.75] | 0.96 [15.5] | 0.58 [19.25] | 0.40 [22.25] |
| F2 | bc | 1-10 | 2.26 [3.1] | 2.13 [5] | 1.90 [8] | 1.67 [10] | 1.19 [12.75] | 0.94 [15.75] | 0.56 [19.25] | 0.39 [22.25] |
| F2 | bc | +h10 | 2.44 [3.1] | 2.32 [5] | 2.09 [8] | 1.71 [10] | 1.21 [12.75] | 0.97 [15.75] | 0.58 [19.25] | 0.40 [22.25] |
| D2a | bc | 1-10 | 2.23 [3.1] | 2.09 [5] | 1.84 [8.25] | 1.79 [10] | 1.20 [12.75] | 0.93 [15.75] | 0.56 [19.25] | 0.39 [22.25] |
| D2a | bc | +h10 | 2.38 [3.1] | 2.23 [5] | 1.98 [8.25] | 1.85 [10] | 1.22 [12.75] | 0.96 [15.5] | 0.58 [19.25] | 0.40 [22.25] |
| B0r | bc | 1-10 | 2.27 [3.1] | 2.13 [5] | 1.90 [8] | 1.67 [10] | 1.20 [12.75] | 0.94 [15.5] | 0.56 [19.25] | 0.39 [22.25] |
| B0r | bc | +h10 | 2.44 [3.1] | 2.31 [5] | 2.08 [8] | 1.71 [10] | 1.21 [12.75] | 0.97 [15.75] | 0.57 [19.25] | 0.40 [22.25] |
| P2 | F_hi | 1-10 | 1.43 [3.1] | 1.87 [5] | 1.64 [8.25] | 1.47 [10.75] | 1.08 [12.75] | 0.85 [15.75] | 0.52 [19.25] | 0.35 [22.25] |
| P2 | F_hi | +h10 | 1.51 [3.1] | 1.99 [5] | 1.73 [8.25] | 1.44 [10] | 1.10 [12.75] | 0.86 [15.75] | 0.53 [19.25] | 0.36 [22.25] |
| F2 | F_hi | 1-10 | 1.44 [3.1] | 1.42 [5] | 1.67 [8] | 1.41 [10.75] | 1.08 [12.75] | 0.87 [15.75] | 0.52 [19.25] | 0.36 [22.25] |
| F2 | F_hi | +h10 | 1.50 [3.1] | 1.45 [5] | 1.80 [8] | 1.37 [10.75] | 1.10 [12.75] | 0.88 [15.75] | 0.53 [19.25] | 0.37 [22.25] |
| D2a | F_hi | 1-10 | 1.44 [3.1] | 1.86 [5] | 1.63 [8.25] | 1.47 [10.75] | 1.09 [12.75] | 0.85 [15.75] | 0.52 [19.25] | 0.36 [22.25] |
| D2a | F_hi | +h10 | 1.51 [3.1] | 1.98 [5] | 1.74 [8.25] | 1.43 [10.75] | 1.11 [12.75] | 0.86 [15.5] | 0.53 [19.25] | 0.36 [22.25] |
| B0r | F_hi | 1-10 | 1.46 [3.1] | 1.40 [5] | 1.68 [8] | 1.35 [10.75] | 1.09 [12.75] | 0.87 [15.75] | 0.51 [19.25] | 0.37 [22.25] |
| B0r | F_hi | +h10 | 1.50 [3.1] | 1.47 [5] | 1.80 [8] | 1.40 [10.75] | 1.10 [12.75] | 0.88 [15.75] | 0.53 [19.25] | 0.37 [22.25] |
| P2 | b_lo*J_hi | 1-10 | 1.35 [3.1] | 2.58 [5] | 2.30 [8] | 2.24 [10] | 1.40 [12.75] | 1.06 [15.5] | 0.63 [19.25] | 0.42 [22.25] |
| P2 | b_lo*J_hi | +h10 | 1.40 [3.1] | 2.69 [5] | 2.44 [8] | 2.32 [10] | 1.44 [12.75] | 1.10 [15.5] | 0.64 [19.25] | 0.43 [22.25] |
| F2 | b_lo*J_hi | 1-10 | 1.36 [3.1] | 2.65 [5] | 2.38 [8] | 2.14 [10] | 1.39 [12.75] | 1.08 [15.5] | 0.63 [19.25] | 0.42 [22.25] |
| F2 | b_lo*J_hi | +h10 | 1.20 [3.1] | 2.80 [5] | 2.53 [8] | 2.22 [10] | 1.45 [12.75] | 1.11 [15.75] | 0.65 [19.25] | 0.44 [22.25] |
| D2a | b_lo*J_hi | 1-10 | 1.36 [3.1] | 2.59 [5] | 2.30 [8] | 2.24 [10] | 1.40 [12.75] | 1.06 [15.5] | 0.63 [19.25] | 0.42 [22.25] |
| D2a | b_lo*J_hi | +h10 | 1.30 [3.1] | 2.68 [5] | 2.45 [8] | 2.31 [10] | 1.44 [12.75] | 1.10 [15.5] | 0.65 [19.25] | 0.43 [22.25] |
| B0r | b_lo*J_hi | 1-10 | 1.36 [3.1] | 2.22 [5] | 2.37 [8] | 2.14 [10] | 1.41 [12.75] | 1.08 [15.5] | 0.62 [19.25] | 0.43 [22.25] |
| B0r | b_lo*J_hi | +h10 | 1.41 [3.1] | 2.78 [5] | 2.53 [8] | 2.22 [10] | 1.45 [12.75] | 1.12 [15.5] | 0.64 [19.25] | 0.44 [22.25] |

### ov_srcF : lurch (max over the band; [speed of the worst]) (overshoot past the setpoint after release, deg)
| impl | member | age | 3.1 | 5 | 8-10 | 10-12.5 | 12.75-15 | 15.25-19 | 19.25-22 | 22.25-30 |
|---|---|---|---|---|---|---|---|---|---|---|
| P2 | nominal | 1-10 | 3.56 [3.1] | 3.23 [5] | 4.01 [10] | 4.12 [11.5] | 3.24 [12.75] | 2.10 [15.25] | 1.65 [19.25] | 1.54 [22.25] |
| P2 | nominal | +h10 | 3.71 [3.1] | 4.09 [5] | 4.10 [10] | 4.19 [11.5] | 3.30 [12.75] | 2.15 [15.25] | 1.69 [19.25] | 1.57 [22.25] |
| F2 | nominal | 1-10 | 3.61 [3.1] | 3.20 [5] | 3.76 [10] | 4.09 [11.75] | 3.27 [12.75] | 2.14 [15.25] | 1.68 [19.25] | 1.56 [22.25] |
| F2 | nominal | +h10 | 3.78 [3.1] | 3.45 [5] | 3.83 [10] | 4.15 [11.75] | 3.31 [12.75] | 2.17 [15.25] | 1.71 [19.25] | 1.59 [22.25] |
| D2a | nominal | 1-10 | 3.55 [3.1] | 3.26 [5] | 4.01 [10] | 4.12 [11.5] | 3.24 [12.75] | 2.10 [15.25] | 1.65 [19.25] | 1.54 [22.25] |
| D2a | nominal | +h10 | 3.71 [3.1] | 4.08 [5] | 4.10 [10] | 4.19 [11.5] | 3.31 [12.75] | 2.15 [15.25] | 1.69 [19.25] | 1.57 [22.25] |
| B0r | nominal | 1-10 | 3.60 [3.1] | 3.21 [5] | 3.76 [10] | 4.08 [11.75] | 3.28 [12.75] | 2.14 [15.25] | 1.66 [19.25] | 1.56 [22.25] |
| B0r | nominal | +h10 | 3.78 [3.1] | 3.41 [5] | 3.82 [10] | 4.15 [11.75] | 3.31 [12.75] | 2.18 [15.25] | 1.70 [19.25] | 1.58 [22.25] |
| P2 | bc | 1-10 | 4.10 [3.1] | 4.31 [5] | 4.97 [10] | 5.01 [10.75] | 3.85 [12.75] | 2.33 [15.25] | 1.83 [19.25] | 1.75 [22.25] |
| P2 | bc | +h10 | 5.17 [3.1] | 4.63 [5] | 5.13 [10] | 5.13 [10] | 3.95 [12.75] | 2.40 [15.25] | 1.89 [19.25] | 1.82 [22.25] |
| F2 | bc | 1-10 | 4.07 [3.1] | 4.41 [5] | 4.65 [10] | 4.79 [10.75] | 3.85 [12.75] | 2.36 [15.25] | 1.85 [19.25] | 1.78 [22.25] |
| F2 | bc | +h10 | 5.28 [3.1] | 4.81 [5] | 4.77 [10] | 4.87 [10.75] | 3.91 [12.75] | 2.40 [15.25] | 1.90 [19.25] | 1.83 [22.25] |
| D2a | bc | 1-10 | 4.07 [3.1] | 4.32 [5] | 4.98 [10] | 4.98 [10] | 3.85 [12.75] | 2.33 [15.25] | 1.83 [19.25] | 1.75 [22.25] |
| D2a | bc | +h10 | 5.17 [3.1] | 4.63 [5] | 5.13 [10] | 5.13 [10] | 3.95 [12.75] | 2.40 [15.25] | 1.89 [19.25] | 1.81 [22.25] |
| B0r | bc | 1-10 | 4.87 [3.1] | 4.40 [5] | 4.66 [10] | 4.79 [10.75] | 3.86 [12.75] | 2.36 [15.25] | 1.84 [19.25] | 1.78 [22.25] |
| B0r | bc | +h10 | 4.46 [3.1] | 4.81 [5] | 4.77 [10] | 4.86 [10.75] | 3.91 [12.75] | 2.40 [15.25] | 1.89 [19.25] | 1.82 [22.25] |
| P2 | F_hi | 1-10 | 3.25 [3.1] | 3.39 [5] | 4.00 [10] | 4.15 [11.5] | 3.26 [12.75] | 2.10 [15.25] | 1.65 [19.25] | 1.49 [22.25] |
| P2 | F_hi | +h10 | 3.49 [3.1] | 3.61 [5] | 4.09 [10] | 4.22 [11.5] | 3.31 [12.75] | 2.14 [15.25] | 1.69 [19.25] | 1.50 [22.25] |
| F2 | F_hi | 1-10 | 3.25 [3.1] | 3.41 [5] | 3.90 [10] | 4.12 [11.75] | 3.28 [12.75] | 2.14 [15.25] | 1.68 [19.25] | 1.49 [22.25] |
| F2 | F_hi | +h10 | 3.46 [3.1] | 3.65 [5] | 3.77 [10] | 4.17 [11.75] | 3.33 [12.75] | 2.18 [15.25] | 1.71 [19.25] | 1.52 [23] |
| D2a | F_hi | 1-10 | 3.25 [3.1] | 3.39 [5] | 4.01 [10] | 4.15 [11.5] | 3.26 [12.75] | 2.10 [15.25] | 1.65 [19.25] | 1.47 [22.25] |
| D2a | F_hi | +h10 | 3.50 [3.1] | 3.61 [5] | 4.09 [10] | 4.22 [11.5] | 3.31 [12.75] | 2.14 [15.25] | 1.68 [19.25] | 1.50 [22.25] |
| B0r | F_hi | 1-10 | 3.24 [3.1] | 3.41 [5] | 3.90 [10] | 4.11 [11.75] | 3.29 [12.75] | 2.14 [15.25] | 1.67 [19.25] | 1.49 [22.25] |
| B0r | F_hi | +h10 | 3.45 [3.1] | 3.65 [5] | 3.77 [10] | 4.17 [11.75] | 3.33 [12.75] | 2.18 [15.25] | 1.70 [19.25] | 1.52 [23] |
| P2 | b_lo*J_hi | 1-10 | 4.05 [3.1] | 3.94 [5] | 5.85 [10] | 6.07 [11.5] | 4.67 [12.75] | 2.77 [15.25] | 2.08 [19.25] | 1.94 [22.25] |
| P2 | b_lo*J_hi | +h10 | 4.27 [3.1] | 4.13 [5] | 6.04 [10] | 6.26 [11.5] | 4.81 [12.75] | 2.87 [15.25] | 2.16 [19.25] | 2.02 [22.25] |
| F2 | b_lo*J_hi | 1-10 | 4.07 [3.1] | 4.01 [5] | 5.57 [10] | 6.05 [11.75] | 4.69 [12.75] | 2.81 [15.25] | 2.12 [19.25] | 1.97 [22.25] |
| F2 | b_lo*J_hi | +h10 | 4.32 [3.1] | 4.24 [5] | 5.79 [10] | 6.21 [11.75] | 4.84 [12.75] | 2.91 [15.25] | 2.18 [19.25] | 2.03 [22.25] |
| D2a | b_lo*J_hi | 1-10 | 4.06 [3.1] | 3.95 [5] | 5.85 [10] | 6.07 [11.75] | 4.67 [12.75] | 2.77 [15.25] | 2.08 [19.25] | 1.93 [22.25] |
| D2a | b_lo*J_hi | +h10 | 4.27 [3.1] | 4.12 [5] | 6.04 [10] | 6.25 [11.5] | 4.82 [12.75] | 2.87 [15.25] | 2.16 [19.25] | 2.01 [22.25] |
| B0r | b_lo*J_hi | 1-10 | 4.08 [3.1] | 4.01 [5] | 5.57 [10] | 6.05 [11.75] | 4.70 [12.75] | 2.81 [15.25] | 2.10 [19.25] | 1.97 [22.25] |
| B0r | b_lo*J_hi | +h10 | 4.31 [3.1] | 4.24 [5] | 5.78 [10] | 6.21 [11.75] | 4.82 [12.75] | 2.91 [15.25] | 2.17 [19.25] | 2.03 [22.25] |

### ov_co400 : droop (max over the band; [speed of the worst]) (droop behind the setpoint after a co-steer release, deg)
| impl | member | age | 3.1 | 5 | 8-10 | 10-12.5 | 12.75-15 | 15.25-19 | 19.25-22 | 22.25-30 |
|---|---|---|---|---|---|---|---|---|---|---|
| P2 | nominal | 1-10 | 1.05 [3.1] | 1.65 [5] | 1.63 [8] | 1.48 [10] | 1.04 [14.25] | 0.95 [15.25] | 0.49 [19.5] | 0.38 [22.5] |
| P2 | nominal | +h10 | 1.13 [3.1] | 1.99 [5] | 1.75 [8] | 1.50 [10] | 1.06 [14.25] | 0.96 [15.25] | 0.50 [19.5] | 0.39 [22.5] |
| F2 | nominal | 1-10 | 1.01 [3.1] | 1.62 [5] | 1.69 [8] | 1.36 [10] | 1.06 [14.25] | 0.96 [15.25] | 0.49 [19.5] | 0.39 [22.5] |
| F2 | nominal | +h10 | 1.11 [3.1] | 1.69 [5] | 1.81 [8] | 1.38 [10] | 1.08 [14.25] | 0.98 [15.25] | 0.50 [19.5] | 0.39 [22.5] |
| D2a | nominal | 1-10 | 1.06 [3.1] | 1.65 [5] | 1.63 [8] | 1.47 [10] | 1.04 [14.25] | 0.95 [15.25] | 0.49 [19.5] | 0.37 [22.5] |
| D2a | nominal | +h10 | 1.14 [3.1] | 1.69 [5] | 1.75 [8] | 1.51 [10] | 1.04 [12.75] | 0.97 [15.25] | 0.50 [19.5] | 0.39 [22.5] |
| B0r | nominal | 1-10 | 0.50 [3.1] | 1.62 [5] | 1.69 [8] | 1.36 [10] | 1.06 [14.25] | 0.97 [15.25] | 0.49 [19.5] | 0.38 [22.5] |
| B0r | nominal | +h10 | 1.12 [3.1] | 1.69 [5] | 1.80 [8] | 1.38 [10] | 1.07 [14.25] | 0.98 [15.25] | 0.50 [20] | 0.39 [22.5] |
| P2 | bc | 1-10 | 0.03 [3.1] | 2.13 [5] | 1.85 [8] | 1.59 [10] | 1.24 [12.75] | 1.02 [15.25] | 0.53 [19.5] | 0.40 [22.5] |
| P2 | bc | +h10 | 0.02 [3.1] | 1.92 [5] | 1.98 [8] | 1.63 [10] | 1.27 [12.75] | 1.04 [15.25] | 0.54 [19.5] | 0.41 [22.5] |
| F2 | bc | 1-10 | 0.02 [3.1] | 1.86 [5] | 1.91 [8] | 1.50 [10] | 1.25 [12.75] | 1.03 [15.25] | 0.53 [19.5] | 0.40 [22.5] |
| F2 | bc | +h10 | 0.02 [3.1] | 2.36 [5] | 2.09 [8] | 1.55 [10] | 1.26 [12.75] | 1.05 [15.25] | 0.54 [19.5] | 0.41 [22.5] |
| D2a | bc | 1-10 | 0.03 [3.1] | 1.99 [5] | 1.84 [8] | 1.59 [10] | 1.24 [12.75] | 1.02 [15.25] | 0.52 [19.5] | 0.40 [22.5] |
| D2a | bc | +h10 | 0.03 [3.1] | 1.91 [5] | 1.99 [8] | 1.62 [10] | 1.27 [12.75] | 1.05 [15.25] | 0.54 [19.5] | 0.41 [22.5] |
| B0r | bc | 1-10 | 0.03 [3.1] | 1.87 [5] | 1.90 [8] | 1.69 [10] | 1.24 [12.75] | 1.03 [15.25] | 0.53 [19.5] | 0.40 [22.5] |
| B0r | bc | +h10 | 0.03 [3.1] | 1.99 [5] | 2.09 [8] | 1.53 [10] | 1.26 [12.75] | 1.05 [15.25] | 0.53 [19.5] | 0.41 [22.5] |
| P2 | F_hi | 1-10 | 0.28 [3.1] | 1.58 [5] | 1.64 [8] | 1.50 [10] | 1.04 [12.75] | 0.94 [15.25] | 0.49 [19.5] | 0.37 [22.5] |
| P2 | F_hi | +h10 | 2.40 [3.1] | 2.15 [5] | 1.76 [8] | 1.54 [10] | 1.07 [12.75] | 0.97 [15.25] | 0.50 [19.5] | 0.38 [22.5] |
| F2 | F_hi | 1-10 | 1.12 [3.1] | 1.52 [5] | 1.70 [8] | 1.38 [10] | 1.06 [12.75] | 0.96 [15.25] | 0.49 [19.5] | 0.39 [22.5] |
| F2 | F_hi | +h10 | 1.28 [3.1] | 1.25 [5] | 1.81 [8] | 1.40 [10] | 1.07 [12.75] | 0.98 [15.25] | 0.50 [19.5] | 0.39 [22.5] |
| D2a | F_hi | 1-10 | 0.28 [3.1] | 1.19 [5] | 1.64 [8] | 1.49 [10] | 1.04 [12.75] | 0.95 [15.25] | 0.49 [19.5] | 0.37 [22.5] |
| D2a | F_hi | +h10 | 2.41 [3.1] | 2.16 [5] | 1.76 [8] | 1.54 [10] | 1.07 [12.75] | 0.97 [15.25] | 0.50 [19.5] | 0.39 [22.5] |
| B0r | F_hi | 1-10 | 1.21 [3.1] | 1.53 [5] | 1.69 [8] | 1.38 [10] | 1.06 [14.25] | 0.97 [15.25] | 0.49 [19.5] | 0.38 [22.5] |
| B0r | F_hi | +h10 | 1.27 [3.1] | 1.22 [5] | 1.81 [8] | 1.41 [10] | 1.07 [12.75] | 0.98 [15.25] | 0.50 [19.5] | 0.39 [22.5] |
| P2 | b_lo*J_hi | 1-10 | 1.85 [3.1] | 2.66 [5] | 2.32 [8] | 2.24 [10] | 1.43 [12.75] | 1.15 [15.25] | 0.58 [19.5] | 0.43 [22.5] |
| P2 | b_lo*J_hi | +h10 | 1.06 [3.1] | 2.09 [5] | 2.37 [8.5] | 2.29 [10] | 1.48 [12.75] | 1.20 [15.25] | 0.60 [19.5] | 0.45 [22.5] |
| F2 | b_lo*J_hi | 1-10 | 2.48 [3.1] | 2.70 [5] | 2.38 [8] | 2.13 [10] | 1.45 [12.75] | 1.17 [15.25] | 0.59 [19.5] | 0.44 [22.5] |
| F2 | b_lo*J_hi | +h10 | 1.90 [3.1] | 2.19 [5] | 2.57 [8] | 2.21 [10] | 1.49 [12.75] | 1.21 [15.25] | 0.60 [19.5] | 0.46 [22.5] |
| D2a | b_lo*J_hi | 1-10 | 1.86 [3.1] | 2.66 [5] | 2.32 [8] | 2.23 [10] | 1.43 [12.75] | 1.16 [15.25] | 0.58 [19.5] | 0.43 [22.5] |
| D2a | b_lo*J_hi | +h10 | 1.04 [3.1] | 2.10 [5] | 2.37 [8.5] | 2.30 [10] | 1.47 [12.75] | 1.20 [15.25] | 0.60 [19.5] | 0.44 [22.5] |
| B0r | b_lo*J_hi | 1-10 | 2.47 [3.1] | 2.71 [5] | 2.38 [8] | 2.13 [10] | 1.43 [12.75] | 1.18 [15.25] | 0.59 [19.5] | 0.43 [22.5] |
| B0r | b_lo*J_hi | +h10 | 1.91 [3.1] | 2.19 [5] | 2.57 [8] | 2.22 [10] | 1.49 [12.75] | 1.21 [15.25] | 0.60 [19.5] | 0.46 [22.5] |

### ov_co400 : lurch (max over the band; [speed of the worst]) (overshoot past the setpoint after a co-steer release, deg)
| impl | member | age | 3.1 | 5 | 8-10 | 10-12.5 | 12.75-15 | 15.25-19 | 19.25-22 | 22.25-30 |
|---|---|---|---|---|---|---|---|---|---|---|
| P2 | nominal | 1-10 | 0.16 [3.1] | -0.02 [5] | 0.10 [9.5] | 0.11 [11.5] | 0.04 [12.75] | 0.06 [18] | 0.03 [21] | 0.06 [25.5] |
| P2 | nominal | +h10 | 0.17 [3.1] | -0.01 [5] | 0.10 [9.5] | 0.11 [11.5] | 0.05 [12.75] | 0.06 [18] | 0.03 [19.25] | 0.05 [25.5] |
| F2 | nominal | 1-10 | 0.15 [3.1] | 0.05 [5] | 0.09 [9.5] | 0.11 [11.5] | 0.03 [12.75] | 0.06 [18] | 0.06 [19.25] | 0.06 [28.25] |
| F2 | nominal | +h10 | 0.17 [3.1] | -0.00 [5] | 0.10 [9.5] | 0.11 [11.5] | 0.03 [12.75] | 0.05 [17.5] | 0.06 [19.25] | 0.06 [30] |
| D2a | nominal | 1-10 | 0.16 [3.1] | -0.02 [5] | 0.10 [9.5] | 0.11 [11.5] | 0.03 [12.75] | 0.06 [17.75] | 0.04 [19.25] | 0.05 [25.5] |
| D2a | nominal | +h10 | 0.18 [3.1] | -0.01 [5] | 0.10 [9.5] | 0.11 [11.5] | 0.03 [12.75] | 0.06 [17.5] | 0.03 [19.25] | 0.05 [25.5] |
| B0r | nominal | 1-10 | 0.15 [3.1] | 0.05 [5] | 0.10 [9.5] | 0.11 [11.5] | 0.02 [12.75] | 0.06 [17.75] | 0.06 [19.25] | 0.05 [30] |
| B0r | nominal | +h10 | 0.16 [3.1] | 0.05 [5] | 0.10 [9.5] | 0.11 [11.5] | 0.03 [13.75] | 0.06 [17.75] | 0.06 [19.25] | 0.05 [30] |
| P2 | bc | 1-10 | -0.03 [3.1] | -0.02 [5] | 0.07 [8.25] | 0.05 [11.5] | 0.06 [13.75] | 0.08 [17.75] | 0.08 [19.25] | 0.08 [30] |
| P2 | bc | +h10 | -0.02 [3.1] | -0.02 [5] | 0.07 [8.25] | 0.04 [11.5] | 0.06 [13.75] | 0.08 [17.75] | 0.08 [19.25] | 0.08 [30] |
| F2 | bc | 1-10 | -0.02 [3.1] | -0.03 [5] | 0.07 [8.25] | 0.01 [11.5] | 0.06 [15] | 0.08 [18] | 0.08 [19.25] | 0.08 [30] |
| F2 | bc | +h10 | -0.02 [3.1] | -0.02 [5] | 0.05 [8.25] | 0.04 [11.5] | 0.05 [15] | 0.08 [17.75] | 0.08 [19.25] | 0.08 [25.5] |
| D2a | bc | 1-10 | -0.03 [3.1] | -0.03 [5] | 0.07 [8.25] | 0.05 [11.5] | 0.06 [13.75] | 0.08 [17.75] | 0.08 [19.25] | 0.08 [30] |
| D2a | bc | +h10 | -0.03 [3.1] | -0.02 [5] | 0.06 [8.25] | 0.04 [11.5] | 0.06 [13.75] | 0.08 [17.75] | 0.07 [19.25] | 0.07 [30] |
| B0r | bc | 1-10 | -0.03 [3.1] | -0.02 [5] | 0.06 [8.25] | 0.04 [11.5] | 0.06 [13.75] | 0.08 [17.75] | 0.08 [19.25] | 0.08 [30] |
| B0r | bc | +h10 | -0.03 [3.1] | -0.02 [5] | 0.07 [9.5] | 0.04 [11.5] | 0.05 [15] | 0.08 [17.75] | 0.08 [19.25] | 0.07 [25.5] |
| P2 | F_hi | 1-10 | -0.28 [3.1] | -0.01 [5] | 0.10 [9.5] | 0.11 [11.5] | 0.05 [12.75] | 0.06 [18] | 0.03 [19.75] | 0.09 [30] |
| P2 | F_hi | +h10 | 0.20 [3.1] | -0.01 [5] | 0.10 [9.5] | 0.11 [11.5] | 0.05 [12.75] | 0.05 [18] | 0.03 [19.25] | 0.09 [30] |
| F2 | F_hi | 1-10 | 0.12 [3.1] | 0.05 [5] | 0.09 [9.5] | 0.11 [11.5] | 0.03 [12.75] | 0.06 [17.5] | 0.06 [19.25] | 0.09 [30] |
| F2 | F_hi | +h10 | 0.10 [3.1] | 0.05 [5] | 0.10 [9.5] | 0.11 [11.5] | 0.04 [12.75] | 0.05 [18] | 0.06 [19.25] | 0.08 [30] |
| D2a | F_hi | 1-10 | -0.28 [3.1] | -0.01 [5] | 0.10 [9.5] | 0.11 [11.5] | 0.05 [12.75] | 0.07 [18] | 0.04 [21] | 0.09 [30] |
| D2a | F_hi | +h10 | 0.19 [3.1] | -0.01 [5] | 0.10 [9.5] | 0.11 [11.5] | 0.05 [12.75] | 0.06 [17.75] | 0.03 [19.25] | 0.09 [30] |
| B0r | F_hi | 1-10 | 0.10 [3.1] | 0.05 [5] | 0.10 [9.5] | 0.11 [11.5] | 0.03 [12.75] | 0.06 [17.75] | 0.06 [19.25] | 0.09 [30] |
| B0r | F_hi | +h10 | 0.11 [3.1] | 0.05 [5] | 0.10 [9.5] | 0.11 [11.5] | 0.03 [13.75] | 0.05 [17.75] | 0.06 [19.25] | 0.08 [30] |
| P2 | b_lo*J_hi | 1-10 | 0.12 [3.1] | 0.10 [5] | 0.07 [9.5] | 0.03 [10] | 0.06 [13.75] | 0.08 [17.5] | 0.08 [19.25] | 0.08 [30] |
| P2 | b_lo*J_hi | +h10 | 0.12 [3.1] | 0.03 [5] | 0.07 [9.5] | 0.03 [10] | 0.05 [13.75] | 0.07 [17.75] | 0.07 [19.25] | 0.07 [30] |
| F2 | b_lo*J_hi | 1-10 | 0.14 [3.1] | 0.12 [5] | 0.07 [9.5] | 0.03 [10.75] | 0.06 [13.75] | 0.08 [18] | 0.08 [19.25] | 0.07 [30] |
| F2 | b_lo*J_hi | +h10 | 0.17 [3.1] | -0.00 [5] | 0.07 [9.5] | 0.03 [10] | 0.06 [13.75] | 0.07 [17.5] | 0.08 [19.25] | 0.07 [25.5] |
| D2a | b_lo*J_hi | 1-10 | 0.12 [3.1] | 0.10 [5] | 0.07 [9.5] | 0.02 [10] | 0.06 [13.75] | 0.08 [17.75] | 0.07 [19.25] | 0.08 [30] |
| D2a | b_lo*J_hi | +h10 | 0.17 [3.1] | 0.03 [5] | 0.06 [9.5] | 0.03 [10] | 0.05 [13.75] | 0.08 [17.75] | 0.07 [19.25] | 0.07 [25.5] |
| B0r | b_lo*J_hi | 1-10 | 0.14 [3.1] | 0.12 [5] | 0.07 [9.5] | 0.05 [10.75] | 0.06 [13.75] | 0.08 [17.75] | 0.08 [19.25] | 0.08 [25.5] |
| B0r | b_lo*J_hi | +h10 | 0.17 [3.1] | -0.01 [5] | 0.07 [9.5] | 0.04 [10.75] | 0.06 [13.75] | 0.07 [17.75] | 0.08 [19.25] | 0.07 [25.5] |

### ov_co700 : droop (max over the band; [speed of the worst]) (droop behind the setpoint after a co-steer release, deg)
| impl | member | age | 3.1 | 5 | 8-10 | 10-12.5 | 12.75-15 | 15.25-19 | 19.25-22 | 22.25-30 |
|---|---|---|---|---|---|---|---|---|---|---|
| P2 | nominal | 1-10 | 0.20 [3.1] | 0.20 [5] | 0.50 [8] | 0.37 [10] | 0.22 [13.5] | 0.20 [15.25] | 0.13 [20.5] | 0.12 [22.5] |
| P2 | nominal | +h10 | 0.24 [3.1] | 0.25 [5] | 0.63 [8] | 0.42 [10] | 0.24 [13.5] | 0.20 [15.25] | 0.14 [20.5] | 0.13 [22.5] |
| F2 | nominal | 1-10 | 0.17 [3.1] | 0.21 [5] | 0.48 [8] | 0.36 [10] | 0.22 [13.5] | 0.20 [15.25] | 0.13 [20.5] | 0.12 [22.5] |
| F2 | nominal | +h10 | 0.21 [3.1] | 0.23 [5] | 0.57 [8] | 0.38 [10] | 0.23 [13.5] | 0.21 [15.25] | 0.14 [20.5] | 0.13 [22.5] |
| D2a | nominal | 1-10 | 0.19 [3.1] | 0.20 [5] | 0.50 [8] | 0.37 [10] | 0.22 [13.5] | 0.20 [15.25] | 0.13 [21.75] | 0.12 [22.5] |
| D2a | nominal | +h10 | 0.25 [3.1] | 0.25 [5] | 0.62 [8] | 0.43 [10] | 0.23 [13.25] | 0.21 [15.25] | 0.14 [20.5] | 0.12 [22.5] |
| B0r | nominal | 1-10 | 0.18 [3.1] | 0.21 [5] | 0.48 [8] | 0.36 [10] | 0.22 [13.5] | 0.20 [15.25] | 0.12 [21.75] | 0.12 [22.5] |
| B0r | nominal | +h10 | 0.21 [3.1] | 0.23 [5] | 0.57 [8] | 0.38 [10] | 0.23 [13.5] | 0.21 [15.25] | 0.14 [20.5] | 0.13 [22.5] |
| P2 | bc | 1-10 | 0.03 [3.1] | 0.19 [5] | 0.66 [8] | 0.11 [10] | 0.05 [13.5] | 0.10 [16] | 0.07 [20.5] | 0.09 [26.75] |
| P2 | bc | +h10 | 0.02 [3.1] | 0.26 [5] | 0.81 [8] | 0.14 [10] | 0.05 [13.5] | 0.10 [16] | 0.08 [21.75] | 0.08 [26.75] |
| F2 | bc | 1-10 | 0.02 [3.1] | 0.20 [5] | 0.65 [8] | 0.11 [10] | 0.06 [13.5] | 0.10 [16] | 0.08 [20.5] | 0.08 [26.75] |
| F2 | bc | +h10 | 0.02 [3.1] | 0.27 [5] | 0.82 [8] | 0.12 [11] | 0.05 [13.5] | 0.10 [16] | 0.09 [21.75] | 0.10 [26.75] |
| D2a | bc | 1-10 | 0.03 [3.1] | 0.20 [5] | 0.65 [8] | 0.12 [10] | 0.05 [13.5] | 0.10 [16] | 0.08 [20.5] | 0.08 [26.75] |
| D2a | bc | +h10 | 0.03 [3.1] | 0.26 [5] | 0.81 [8] | 0.14 [10] | 0.05 [14.75] | 0.10 [16] | 0.08 [20.5] | 0.08 [26.75] |
| B0r | bc | 1-10 | 0.03 [3.1] | 0.20 [5] | 0.63 [8] | 0.11 [11] | 0.05 [13.5] | 0.10 [16] | 0.07 [21.75] | 0.08 [26.9] |
| B0r | bc | +h10 | 0.03 [3.1] | 0.26 [5] | 0.79 [8] | 0.12 [11] | 0.06 [13.5] | 0.10 [16] | 0.09 [21.75] | 0.09 [26.9] |
| P2 | F_hi | 1-10 | 0.49 [3.1] | 0.29 [5] | 0.38 [8] | 0.22 [11] | 0.12 [13.5] | 0.11 [16] | 0.10 [21.75] | 0.11 [26.75] |
| P2 | F_hi | +h10 | 0.46 [3.1] | 0.27 [5] | 0.48 [8] | 0.23 [11] | 0.14 [13.5] | 0.12 [15.25] | 0.10 [21.75] | 0.11 [26.75] |
| F2 | F_hi | 1-10 | 0.58 [3.1] | 0.34 [5] | 0.37 [8.5] | 0.20 [11] | 0.13 [13.5] | 0.12 [15.25] | 0.10 [21.75] | 0.11 [26.75] |
| F2 | F_hi | +h10 | 0.48 [3.1] | 0.30 [5] | 0.44 [8] | 0.22 [11] | 0.13 [13.5] | 0.12 [15.25] | 0.10 [21.75] | 0.11 [26.75] |
| D2a | F_hi | 1-10 | 0.49 [3.1] | 0.26 [5] | 0.38 [8] | 0.22 [11] | 0.13 [13.5] | 0.11 [16] | 0.10 [21.75] | 0.11 [26.75] |
| D2a | F_hi | +h10 | 0.45 [3.1] | 0.27 [5] | 0.47 [8] | 0.23 [11] | 0.14 [13.5] | 0.12 [15.25] | 0.11 [21.75] | 0.11 [26.75] |
| B0r | F_hi | 1-10 | 0.50 [3.1] | 0.35 [5] | 0.37 [8] | 0.21 [11] | 0.12 [13.5] | 0.12 [15.25] | 0.10 [21.75] | 0.11 [26.75] |
| B0r | F_hi | +h10 | 0.48 [3.1] | 0.30 [5] | 0.43 [8] | 0.21 [11] | 0.14 [13.5] | 0.12 [15.25] | 0.10 [21.75] | 0.11 [26.75] |
| P2 | b_lo*J_hi | 1-10 | 0.68 [3.1] | 0.93 [5] | 1.21 [8] | 0.43 [10] | 0.20 [14.75] | 0.22 [16] | 0.12 [20.5] | 0.11 [22.5] |
| P2 | b_lo*J_hi | +h10 | 0.87 [3.1] | 1.11 [5] | 1.35 [8] | 0.60 [10] | 0.23 [14.75] | 0.24 [16] | 0.14 [20.5] | 0.12 [22.5] |
| F2 | b_lo*J_hi | 1-10 | 0.71 [3.1] | 0.94 [5] | 1.23 [8] | 0.53 [10] | 0.19 [14.75] | 0.21 [16] | 0.12 [20.5] | 0.11 [26.75] |
| F2 | b_lo*J_hi | +h10 | 0.84 [3.1] | 1.11 [5] | 1.39 [8] | 0.59 [10] | 0.20 [14.75] | 0.23 [16] | 0.13 [20.5] | 0.11 [26.75] |
| D2a | b_lo*J_hi | 1-10 | 0.70 [3.1] | 0.92 [5] | 1.21 [8] | 0.44 [10] | 0.20 [14.25] | 0.21 [16] | 0.13 [20.5] | 0.11 [22.5] |
| D2a | b_lo*J_hi | +h10 | 0.87 [3.1] | 1.12 [5] | 1.34 [8] | 0.60 [10] | 0.23 [14.75] | 0.24 [16] | 0.14 [20.5] | 0.12 [22.5] |
| B0r | b_lo*J_hi | 1-10 | 0.70 [3.1] | 0.93 [5] | 1.21 [8] | 0.53 [10] | 0.19 [14.25] | 0.20 [16] | 0.12 [20.5] | 0.11 [26.75] |
| B0r | b_lo*J_hi | +h10 | 0.84 [3.1] | 1.09 [5] | 1.38 [8] | 0.59 [10] | 0.21 [14.75] | 0.22 [16] | 0.13 [20.5] | 0.11 [26.9] |

### ov_co700 : lurch (max over the band; [speed of the worst]) (overshoot past the setpoint after a co-steer release, deg)
| impl | member | age | 3.1 | 5 | 8-10 | 10-12.5 | 12.75-15 | 15.25-19 | 19.25-22 | 22.25-30 |
|---|---|---|---|---|---|---|---|---|---|---|
| P2 | nominal | 1-10 | -0.20 [3.1] | 0.51 [5] | 1.81 [10] | 1.81 [10] | 1.45 [12.75] | 1.05 [15.5] | 0.61 [19.25] | 0.38 [22.25] |
| P2 | nominal | +h10 | -0.24 [3.1] | 0.56 [5] | 1.77 [10] | 1.79 [10.75] | 1.43 [13] | 1.06 [15.75] | 0.60 [19.25] | 0.38 [22.25] |
| F2 | nominal | 1-10 | -0.17 [3.1] | 0.50 [5] | 1.56 [10] | 1.70 [11.5] | 1.46 [12.75] | 1.08 [15.75] | 0.65 [19.25] | 0.38 [22.25] |
| F2 | nominal | +h10 | -0.21 [3.1] | 0.53 [5] | 1.57 [10] | 1.72 [11.5] | 1.48 [12.75] | 1.08 [15.75] | 0.66 [19.25] | 0.38 [22.25] |
| D2a | nominal | 1-10 | -0.19 [3.1] | 0.51 [5] | 1.83 [10] | 1.83 [10] | 1.45 [12.75] | 1.05 [15.5] | 0.61 [19.25] | 0.38 [22.25] |
| D2a | nominal | +h10 | -0.25 [3.1] | 0.55 [5] | 1.77 [10] | 1.79 [10.75] | 1.43 [13] | 1.05 [15.5] | 0.60 [19.25] | 0.38 [22.25] |
| B0r | nominal | 1-10 | -0.18 [3.1] | 0.50 [5] | 1.55 [10] | 1.71 [11.5] | 1.46 [12.75] | 1.08 [15.75] | 0.64 [19.25] | 0.38 [22.25] |
| B0r | nominal | +h10 | -0.21 [3.1] | 0.54 [5] | 1.55 [10] | 1.71 [11.5] | 1.48 [12.75] | 1.08 [15.25] | 0.64 [19.25] | 0.38 [22.25] |
| P2 | bc | 1-10 | -0.03 [3.1] | 0.37 [5] | 1.89 [10] | 1.89 [10] | 1.36 [12.75] | 0.96 [15.75] | 0.60 [19.25] | 0.39 [22.25] |
| P2 | bc | +h10 | -0.02 [3.1] | 0.38 [5] | 1.90 [10] | 1.90 [10] | 1.36 [12.75] | 0.98 [15.75] | 0.60 [19.25] | 0.41 [22.25] |
| F2 | bc | 1-10 | -0.02 [3.1] | 0.38 [5] | 1.76 [10] | 1.76 [10] | 1.36 [12.75] | 0.98 [15.75] | 0.60 [19.25] | 0.40 [22.25] |
| F2 | bc | +h10 | -0.02 [3.1] | 0.38 [5] | 1.77 [10] | 1.77 [10] | 1.37 [12.75] | 1.01 [15.25] | 0.60 [19.25] | 0.41 [22.25] |
| D2a | bc | 1-10 | -0.03 [3.1] | 0.37 [5] | 1.88 [10] | 1.88 [10] | 1.36 [12.75] | 0.96 [15.75] | 0.59 [19.25] | 0.39 [22.25] |
| D2a | bc | +h10 | -0.03 [3.1] | 0.37 [5] | 1.91 [10] | 1.91 [10] | 1.36 [12.75] | 0.98 [15.75] | 0.60 [19.25] | 0.41 [22.25] |
| B0r | bc | 1-10 | -0.03 [3.1] | 0.38 [5] | 1.76 [10] | 1.76 [10] | 1.35 [12.75] | 0.98 [15.25] | 0.60 [19.25] | 0.40 [22.25] |
| B0r | bc | +h10 | -0.03 [3.1] | 0.37 [5] | 1.77 [10] | 1.77 [10] | 1.37 [12.75] | 1.01 [15.25] | 0.60 [19.25] | 0.41 [22.25] |
| P2 | F_hi | 1-10 | 0.52 [3.1] | 0.53 [5] | 1.83 [10] | 1.83 [10] | 1.45 [12.75] | 1.05 [15.5] | 0.61 [19.25] | 0.38 [22.25] |
| P2 | F_hi | +h10 | 0.20 [3.1] | 0.24 [5] | 1.75 [10] | 1.79 [10.75] | 1.44 [13] | 1.05 [15.5] | 0.60 [19.25] | 0.38 [22.25] |
| F2 | F_hi | 1-10 | 0.69 [3.1] | 0.64 [5] | 1.54 [10] | 1.71 [11.5] | 1.46 [12.75] | 1.08 [15.75] | 0.65 [19.25] | 0.38 [22.25] |
| F2 | F_hi | +h10 | 0.39 [3.1] | 0.36 [5] | 1.47 [10] | 1.70 [11.5] | 1.46 [12.75] | 1.08 [15.75] | 0.66 [19.25] | 0.38 [22.25] |
| D2a | F_hi | 1-10 | 0.51 [3.1] | 0.43 [5] | 1.83 [10] | 1.83 [10] | 1.42 [13] | 1.05 [15.5] | 0.61 [19.25] | 0.38 [22.25] |
| D2a | F_hi | +h10 | 0.19 [3.1] | 0.24 [5] | 1.77 [10] | 1.79 [10.75] | 1.44 [13] | 1.05 [15.75] | 0.61 [19.25] | 0.38 [22.25] |
| B0r | F_hi | 1-10 | 0.56 [3.1] | 0.64 [5] | 1.54 [10] | 1.71 [11.5] | 1.46 [12.75] | 1.08 [15.75] | 0.63 [19.25] | 0.38 [22.25] |
| B0r | F_hi | +h10 | 0.39 [3.1] | 0.37 [5] | 1.47 [10] | 1.70 [11.5] | 1.46 [12.75] | 1.09 [15.25] | 0.65 [19.25] | 0.38 [22.25] |
| P2 | b_lo*J_hi | 1-10 | 1.60 [3.1] | 1.59 [5] | 2.27 [10] | 2.27 [10] | 1.41 [12.75] | 1.01 [15.25] | 0.61 [19.25] | 0.42 [22.25] |
| P2 | b_lo*J_hi | +h10 | 2.04 [3.1] | 1.83 [5] | 2.10 [10] | 2.10 [10] | 1.44 [12.75] | 1.05 [15.25] | 0.63 [19.25] | 0.43 [22.25] |
| F2 | b_lo*J_hi | 1-10 | 1.56 [3.1] | 1.60 [5] | 1.93 [10] | 1.94 [10.5] | 1.41 [12.75] | 1.03 [15.5] | 0.61 [19.25] | 0.43 [22.25] |
| F2 | b_lo*J_hi | +h10 | 1.68 [3.1] | 1.71 [5] | 1.97 [10] | 1.97 [10] | 1.44 [12.75] | 1.06 [15.5] | 0.63 [19.25] | 0.43 [22.25] |
| D2a | b_lo*J_hi | 1-10 | 1.62 [3.1] | 1.58 [5] | 2.27 [10] | 2.27 [10] | 1.40 [12.75] | 1.01 [15.5] | 0.61 [19.25] | 0.42 [22.25] |
| D2a | b_lo*J_hi | +h10 | 2.04 [3.1] | 1.82 [5] | 2.09 [10] | 2.09 [10] | 1.45 [12.75] | 1.05 [15.25] | 0.63 [19.25] | 0.43 [22.25] |
| B0r | b_lo*J_hi | 1-10 | 1.54 [3.1] | 1.59 [5] | 1.93 [8.25] | 1.93 [10.5] | 1.42 [12.75] | 1.03 [15.25] | 0.61 [19.25] | 0.43 [22.25] |
| B0r | b_lo*J_hi | +h10 | 1.67 [3.1] | 1.71 [5] | 1.98 [10] | 1.98 [10] | 1.45 [12.75] | 1.05 [15.25] | 0.62 [19.25] | 0.43 [22.25] |

### eng : droop (max over the band; [speed of the worst]) (engage-under-load droop, deg)
| impl | member | age | 3.1 | 5 | 8-10 | 10-12.5 | 12.75-15 | 15.25-19 | 19.25-22 | 22.25-30 |
|---|---|---|---|---|---|---|---|---|---|---|
| P2 | nominal | 1-10 | 0.18 [3.1] | 0.05 [5] | 0.17 [10] | 0.18 [11] | 0.07 [12.75] | 0.05 [17.25] | 0.05 [20] | 0.05 [26.25] |
| P2 | nominal | +h10 | 0.22 [3.1] | 0.05 [5] | 0.20 [10] | 0.20 [10] | 0.08 [12.75] | 0.05 [17.25] | 0.05 [20] | 0.05 [27.5] |
| F2 | nominal | 1-10 | 0.18 [3.1] | 0.06 [5] | 0.16 [10] | 0.17 [11.5] | 0.07 [12.75] | 0.05 [17.25] | 0.05 [20] | 0.05 [26.9] |
| F2 | nominal | +h10 | 0.18 [3.1] | 0.07 [5] | 0.18 [10] | 0.18 [11] | 0.07 [12.75] | 0.05 [17.25] | 0.05 [20] | 0.05 [26.75] |
| D2a | nominal | 1-10 | 0.19 [3.1] | 0.05 [5] | 0.18 [10] | 0.18 [10] | 0.07 [12.75] | 0.05 [17.25] | 0.05 [20] | 0.05 [27] |
| D2a | nominal | +h10 | 0.21 [3.1] | 0.04 [5] | 0.19 [10] | 0.20 [11] | 0.08 [12.75] | 0.05 [17.25] | 0.05 [20] | 0.05 [26.9] |
| B0r | nominal | 1-10 | 0.18 [3.1] | 0.06 [5] | 0.16 [10] | 0.17 [11] | 0.07 [12.75] | 0.05 [17.25] | 0.05 [20] | 0.05 [28.25] |
| B0r | nominal | +h10 | 0.19 [3.1] | 0.06 [5] | 0.17 [10] | 0.19 [11] | 0.07 [12.75] | 0.05 [17.25] | 0.05 [20] | 0.05 [26.9] |
| P2 | bc | 1-10 | 0.05 [3.1] | -0.02 [5] | 0.05 [9.5] | 0.05 [11.75] | 0.04 [14.25] | 0.03 [15.25] | 0.05 [20] | 0.05 [23.5] |
| P2 | bc | +h10 | -0.00 [3.1] | -0.02 [5] | 0.05 [9.5] | 0.05 [11.75] | 0.04 [14.25] | 0.03 [15.25] | 0.05 [20] | 0.05 [23.5] |
| F2 | bc | 1-10 | 0.05 [3.1] | -0.02 [5] | 0.05 [9.5] | 0.05 [11.75] | 0.04 [14.25] | 0.03 [15.25] | 0.05 [20] | 0.05 [23.5] |
| F2 | bc | +h10 | 0.05 [3.1] | -0.01 [5] | 0.05 [9.5] | 0.05 [11.9] | 0.04 [14.25] | 0.03 [15.25] | 0.05 [20] | 0.05 [23.5] |
| D2a | bc | 1-10 | 0.05 [3.1] | -0.02 [5] | 0.05 [9.5] | 0.05 [11.75] | 0.04 [14.25] | 0.03 [15.25] | 0.05 [20] | 0.05 [23.5] |
| D2a | bc | +h10 | -0.00 [3.1] | -0.02 [5] | 0.05 [9.5] | 0.05 [11.25] | 0.04 [14.25] | 0.03 [15.25] | 0.05 [20] | 0.05 [23.5] |
| B0r | bc | 1-10 | 0.05 [3.1] | -0.02 [5] | 0.05 [9.5] | 0.05 [11.75] | 0.04 [14.25] | 0.03 [15.25] | 0.05 [20] | 0.05 [23.5] |
| B0r | bc | +h10 | 0.06 [3.1] | -0.02 [5] | 0.05 [9.5] | 0.06 [11.5] | 0.04 [14.25] | 0.03 [15.25] | 0.05 [20] | 0.05 [23.5] |
| P2 | F_hi | 1-10 | 0.13 [3.1] | 0.05 [5] | 0.16 [10] | 0.17 [11] | 0.06 [12.75] | 0.03 [15.25] | 0.05 [20] | 0.05 [27.25] |
| P2 | F_hi | +h10 | 0.14 [3.1] | 0.01 [5] | 0.18 [10] | 0.18 [10] | 0.08 [12.75] | 0.03 [15.25] | 0.05 [20] | 0.05 [26] |
| F2 | F_hi | 1-10 | 0.11 [3.1] | 0.06 [5] | 0.16 [10] | 0.16 [10.25] | 0.06 [12.75] | 0.03 [15.25] | 0.05 [20] | 0.05 [27] |
| F2 | F_hi | +h10 | 0.13 [3.1] | 0.06 [5] | 0.16 [10] | 0.17 [10.25] | 0.07 [12.75] | 0.03 [15.25] | 0.05 [20] | 0.05 [26.75] |
| D2a | F_hi | 1-10 | 0.13 [3.1] | 0.05 [5] | 0.17 [10] | 0.17 [10.25] | 0.07 [12.75] | 0.03 [15.25] | 0.05 [20] | 0.05 [26] |
| D2a | F_hi | +h10 | 0.14 [3.1] | 0.01 [5] | 0.18 [10] | 0.18 [10] | 0.07 [12.75] | 0.03 [15.25] | 0.05 [20] | 0.05 [26] |
| B0r | F_hi | 1-10 | 0.12 [3.1] | 0.06 [5] | 0.16 [10] | 0.16 [11] | 0.06 [12.75] | 0.03 [15.25] | 0.05 [20] | 0.05 [27.75] |
| B0r | F_hi | +h10 | 0.13 [3.1] | 0.06 [5] | 0.16 [10] | 0.17 [11] | 0.07 [12.75] | 0.03 [15.25] | 0.05 [20] | 0.05 [26.75] |
| P2 | b_lo*J_hi | 1-10 | 0.40 [3.1] | 0.07 [5] | 0.02 [8.75] | 0.05 [11.25] | 0.04 [13.5] | 0.05 [15.75] | 0.04 [20] | 0.05 [27.75] |
| P2 | b_lo*J_hi | +h10 | 0.63 [3.1] | 0.13 [5] | 0.02 [8.75] | 0.05 [11.25] | 0.04 [13.5] | 0.05 [15.75] | 0.04 [20] | 0.05 [27.75] |
| F2 | b_lo*J_hi | 1-10 | 0.37 [3.1] | 0.09 [5] | 0.02 [8.75] | 0.05 [11.25] | 0.04 [13.5] | 0.05 [15.75] | 0.04 [20] | 0.05 [27.75] |
| F2 | b_lo*J_hi | +h10 | 0.46 [3.1] | 0.12 [5] | 0.02 [8.75] | 0.05 [11.25] | 0.04 [13.5] | 0.05 [15.75] | 0.04 [20] | 0.05 [27.75] |
| D2a | b_lo*J_hi | 1-10 | 0.40 [3.1] | 0.08 [5] | 0.02 [8.75] | 0.05 [11.25] | 0.04 [13.5] | 0.05 [15.75] | 0.04 [20] | 0.05 [27.75] |
| D2a | b_lo*J_hi | +h10 | 0.62 [3.1] | 0.13 [5] | 0.02 [8.75] | 0.05 [11.25] | 0.04 [13.5] | 0.05 [15.75] | 0.04 [20] | 0.05 [27.75] |
| B0r | b_lo*J_hi | 1-10 | 0.38 [3.1] | 0.07 [5] | 0.02 [8.75] | 0.05 [11.25] | 0.04 [13.5] | 0.05 [15.75] | 0.04 [20] | 0.05 [27.75] |
| B0r | b_lo*J_hi | +h10 | 0.45 [3.1] | 0.14 [5] | 0.02 [8.75] | 0.05 [11.25] | 0.04 [13.5] | 0.05 [15.75] | 0.04 [20] | 0.05 [27.75] |

### eng : ovs (max over the band; [speed of the worst]) (engage overshoot, deg)
| impl | member | age | 3.1 | 5 | 8-10 | 10-12.5 | 12.75-15 | 15.25-19 | 19.25-22 | 22.25-30 |
|---|---|---|---|---|---|---|---|---|---|---|
| P2 | nominal | 1-10 | 4.48 [3.1] | 4.59 [5] | 4.53 [8] | 4.20 [10] | 2.72 [12.75] | 2.18 [15.25] | 1.25 [19.25] | 0.87 [22.25] |
| P2 | nominal | +h10 | 4.59 [3.1] | 4.72 [5] | 4.67 [8] | 4.23 [10] | 2.73 [12.75] | 2.19 [15.25] | 1.25 [19.25] | 0.87 [22.25] |
| F2 | nominal | 1-10 | 4.47 [3.1] | 4.64 [5] | 4.64 [8] | 3.99 [10] | 2.74 [12.75] | 2.22 [15.25] | 1.27 [19.25] | 0.88 [22.25] |
| F2 | nominal | +h10 | 4.55 [3.1] | 4.74 [5] | 4.75 [8] | 4.00 [10] | 2.75 [12.75] | 2.22 [15.25] | 1.27 [19.25] | 0.89 [22.25] |
| D2a | nominal | 1-10 | 4.48 [3.1] | 4.59 [5] | 4.53 [8] | 4.20 [10] | 2.73 [12.75] | 2.19 [15.25] | 1.24 [19.25] | 0.86 [22.25] |
| D2a | nominal | +h10 | 4.59 [3.1] | 4.72 [5] | 4.67 [8] | 4.24 [10] | 2.74 [12.75] | 2.19 [15.25] | 1.25 [19.25] | 0.87 [22.25] |
| B0r | nominal | 1-10 | 4.47 [3.1] | 4.64 [5] | 4.63 [8] | 3.99 [10] | 2.74 [12.75] | 2.22 [15.25] | 1.26 [19.25] | 0.88 [22.25] |
| B0r | nominal | +h10 | 4.56 [3.1] | 4.74 [5] | 4.75 [8] | 4.00 [10] | 2.75 [12.75] | 2.23 [15.25] | 1.26 [19.25] | 0.88 [22.25] |
| P2 | bc | 1-10 | 5.00 [3.1] | 5.01 [5] | 5.01 [8] | 4.36 [10] | 2.74 [12.75] | 2.26 [15.25] | 1.30 [19.25] | 0.91 [22.25] |
| P2 | bc | +h10 | 5.18 [3.1] | 5.20 [5] | 5.21 [8] | 4.41 [10] | 2.76 [12.75] | 2.28 [15.25] | 1.31 [19.25] | 0.92 [22.25] |
| F2 | bc | 1-10 | 5.01 [3.1] | 5.07 [5] | 5.13 [8] | 4.14 [10] | 2.75 [12.75] | 2.29 [15.25] | 1.32 [19.25] | 0.92 [22.25] |
| F2 | bc | +h10 | 5.17 [3.1] | 5.26 [5] | 5.32 [8] | 4.16 [10] | 2.75 [12.75] | 2.30 [15.25] | 1.33 [19.25] | 0.93 [22.25] |
| D2a | bc | 1-10 | 5.00 [3.1] | 5.01 [5] | 5.01 [8] | 4.36 [10] | 2.74 [12.75] | 2.27 [15.25] | 1.30 [19.25] | 0.91 [22.25] |
| D2a | bc | +h10 | 5.18 [3.1] | 5.20 [5] | 5.21 [8] | 4.41 [10] | 2.76 [12.75] | 2.28 [15.25] | 1.31 [19.25] | 0.92 [22.25] |
| B0r | bc | 1-10 | 5.00 [3.1] | 5.07 [5] | 5.12 [8] | 4.15 [10] | 2.75 [12.75] | 2.29 [15.25] | 1.32 [19.25] | 0.92 [22.25] |
| B0r | bc | +h10 | 5.17 [3.1] | 5.26 [5] | 5.32 [8] | 4.16 [10] | 2.75 [12.75] | 2.30 [15.25] | 1.32 [19.25] | 0.93 [22.25] |
| P2 | F_hi | 1-10 | 2.78 [3.1] | 3.59 [5] | 4.31 [8] | 3.90 [10] | 2.49 [12.75] | 2.08 [15.25] | 1.19 [19.25] | 0.82 [22.25] |
| P2 | F_hi | +h10 | 2.85 [3.1] | 3.69 [5] | 4.45 [8] | 3.92 [10] | 2.51 [12.75] | 2.09 [15.25] | 1.19 [19.25] | 0.83 [22.25] |
| F2 | F_hi | 1-10 | 2.77 [3.1] | 3.63 [5] | 4.42 [8] | 3.70 [10] | 2.51 [12.75] | 2.12 [15.25] | 1.21 [19.25] | 0.84 [22.25] |
| F2 | F_hi | +h10 | 2.82 [3.1] | 3.71 [5] | 4.52 [8] | 3.71 [10] | 2.52 [12.75] | 2.12 [15.25] | 1.22 [19.25] | 0.85 [22.25] |
| D2a | F_hi | 1-10 | 2.78 [3.1] | 3.59 [5] | 4.31 [8] | 3.90 [10] | 2.50 [12.75] | 2.08 [15.25] | 1.19 [19.25] | 0.82 [22.25] |
| D2a | F_hi | +h10 | 2.85 [3.1] | 3.69 [5] | 4.45 [8] | 3.93 [10] | 2.51 [12.75] | 2.09 [15.25] | 1.19 [19.25] | 0.83 [22.25] |
| B0r | F_hi | 1-10 | 2.77 [3.1] | 3.63 [5] | 4.41 [8] | 3.70 [10] | 2.51 [12.75] | 2.12 [15.25] | 1.21 [19.25] | 0.84 [22.25] |
| B0r | F_hi | +h10 | 2.82 [3.1] | 3.71 [5] | 4.52 [8] | 3.71 [10] | 2.52 [12.75] | 2.12 [15.25] | 1.21 [19.25] | 0.84 [22.25] |
| P2 | b_lo*J_hi | 1-10 | 7.63 [3.1] | 6.85 [5] | 6.14 [8] | 5.46 [10] | 3.28 [12.75] | 2.56 [15.25] | 1.43 [19.25] | 1.00 [22.25] |
| P2 | b_lo*J_hi | +h10 | 7.85 [3.1] | 7.05 [5] | 6.33 [8] | 5.55 [10] | 3.32 [12.75] | 2.60 [15.25] | 1.45 [19.25] | 1.01 [22.25] |
| F2 | b_lo*J_hi | 1-10 | 7.66 [3.1] | 6.94 [5] | 6.29 [8] | 5.26 [10] | 3.29 [12.75] | 2.59 [15.25] | 1.45 [19.25] | 1.01 [22.25] |
| F2 | b_lo*J_hi | +h10 | 7.86 [3.1] | 7.15 [5] | 6.47 [8] | 5.34 [10] | 3.32 [12.75] | 2.62 [15.25] | 1.46 [19.25] | 1.02 [22.25] |
| D2a | b_lo*J_hi | 1-10 | 7.63 [3.1] | 6.85 [5] | 6.14 [8] | 5.46 [10] | 3.28 [12.75] | 2.56 [15.25] | 1.43 [19.25] | 0.99 [22.25] |
| D2a | b_lo*J_hi | +h10 | 7.85 [3.1] | 7.05 [5] | 6.33 [8] | 5.55 [10] | 3.32 [12.75] | 2.60 [15.25] | 1.45 [19.25] | 1.01 [22.25] |
| B0r | b_lo*J_hi | 1-10 | 7.65 [3.1] | 6.94 [5] | 6.29 [8] | 5.26 [10] | 3.29 [12.75] | 2.59 [15.25] | 1.44 [19.25] | 1.01 [22.25] |
| B0r | b_lo*J_hi | +h10 | 7.87 [3.1] | 7.15 [5] | 6.46 [8] | 5.34 [10] | 3.32 [12.75] | 2.62 [15.25] | 1.45 [19.25] | 1.02 [22.25] |

### tmo : hold_dev (max over the band; [speed of the worst]) (deviation during the 510 ms timeout hold, deg)
| impl | member | age | 3.1 | 5 | 8-10 | 10-12.5 | 12.75-15 | 15.25-19 | 19.25-22 | 22.25-30 |
|---|---|---|---|---|---|---|---|---|---|---|
| P2 | nominal | 1-10 | 0.00 [3.1] | 0.00 [5] | 0.28 [10] | 0.39 [11.25] | 0.07 [13.25] | 0.00 [15.5] | 0.00 [19.25] | 0.00 [22.25] |
| P2 | nominal | +h10 | 0.00 [3.1] | 0.00 [5] | 0.24 [10] | 0.41 [11] | 0.18 [12.75] | 0.01 [15.25] | 0.00 [19.25] | 0.00 [26.5] |
| F2 | nominal | 1-10 | 0.00 [3.1] | 0.00 [5] | 0.17 [10] | 0.39 [11.25] | 0.01 [13.25] | 0.01 [15.25] | 0.00 [19.5] | 0.00 [26.75] |
| F2 | nominal | +h10 | 0.00 [3.1] | 0.00 [5] | 0.17 [10] | 0.41 [11.5] | 0.04 [13.5] | 0.01 [15.25] | 0.01 [19.75] | 0.01 [26.9] |
| D2a | nominal | 1-10 | 0.00 [3.1] | 0.00 [5] | 0.28 [10] | 0.39 [11.25] | 0.07 [13.25] | 0.01 [15.5] | 0.00 [19.5] | 0.00 [26.25] |
| D2a | nominal | +h10 | 0.00 [3.1] | 0.00 [5] | 0.24 [10] | 0.41 [11.5] | 0.18 [12.75] | 0.01 [15.25] | 0.00 [19.25] | 0.01 [26] |
| B0r | nominal | 1-10 | 0.00 [3.1] | 0.00 [5] | 0.17 [10] | 0.39 [11.25] | 0.00 [15] | 0.01 [15.25] | 0.00 [19.25] | 0.00 [27.25] |
| B0r | nominal | +h10 | 0.00 [3.1] | 0.00 [5] | 0.17 [10] | 0.40 [11.5] | 0.01 [13.25] | 0.01 [15.25] | 0.00 [19.5] | 0.01 [27.25] |
| P2 | bc | 1-10 | 0.00 [3.1] | 0.00 [5] | 0.09 [9.5] | 0.00 [10] | 0.00 [12.75] | 0.00 [15.25] | 0.00 [19.25] | 0.00 [26.25] |
| P2 | bc | +h10 | 0.00 [3.1] | 0.00 [5] | 0.27 [9.5] | 0.00 [12.5] | 0.00 [12.75] | 0.00 [15.25] | 0.00 [19.25] | 0.00 [22.25] |
| F2 | bc | 1-10 | 0.00 [3.1] | 0.00 [5] | 0.18 [9.25] | 0.00 [10] | 0.01 [15] | 0.00 [15.25] | 0.00 [19.25] | 0.00 [22.25] |
| F2 | bc | +h10 | 0.00 [3.1] | 0.00 [5] | 0.25 [9.75] | 0.00 [10] | 0.01 [15] | 0.00 [15.25] | 0.00 [19.25] | 0.00 [22.25] |
| D2a | bc | 1-10 | 0.00 [3.1] | 0.00 [5] | 0.09 [9.5] | 0.00 [10] | 0.00 [14.75] | 0.00 [15.25] | 0.00 [19.25] | 0.00 [26.5] |
| D2a | bc | +h10 | 0.00 [3.1] | 0.00 [5] | 0.27 [9.5] | 0.00 [10] | 0.00 [12.75] | 0.00 [15.25] | 0.00 [19.25] | 0.00 [22.25] |
| B0r | bc | 1-10 | 0.00 [3.1] | 0.00 [5] | 0.07 [9.5] | 0.00 [10] | 0.01 [15] | 0.00 [15.25] | 0.00 [19.25] | 0.00 [22.25] |
| B0r | bc | +h10 | 0.00 [3.1] | 0.00 [5] | 0.23 [9.75] | 0.00 [10] | 0.01 [15] | 0.00 [15.25] | 0.00 [19.25] | 0.00 [22.25] |
| P2 | F_hi | 1-10 | 0.00 [3.1] | 0.01 [5] | 0.48 [9.75] | 0.46 [10] | 0.00 [12.75] | 0.01 [19] | 0.01 [21] | 0.00 [26] |
| P2 | F_hi | +h10 | 0.00 [3.1] | 0.00 [5] | 0.54 [10] | 0.54 [10] | 0.00 [12.75] | 0.01 [19] | 0.01 [20.25] | 0.01 [26] |
| F2 | F_hi | 1-10 | 0.00 [3.1] | 0.00 [5] | 0.49 [10] | 0.51 [10.25] | 0.00 [15] | 0.00 [15.75] | 0.01 [21] | 0.01 [26.9] |
| F2 | F_hi | +h10 | 0.00 [3.1] | 0.00 [5] | 0.43 [10] | 0.53 [10.25] | 0.00 [12.75] | 0.00 [15.75] | 0.02 [20] | 0.01 [26.9] |
| D2a | F_hi | 1-10 | 0.00 [3.1] | 0.01 [5] | 0.47 [9.75] | 0.47 [10] | 0.00 [12.75] | 0.01 [18.75] | 0.01 [21] | 0.00 [27] |
| D2a | F_hi | +h10 | 0.00 [3.1] | 0.00 [5] | 0.54 [10] | 0.54 [10] | 0.00 [12.75] | 0.01 [19] | 0.01 [20.25] | 0.01 [26.25] |
| B0r | F_hi | 1-10 | 0.00 [3.1] | 0.01 [5] | 0.50 [10] | 0.51 [10.25] | 0.00 [15] | 0.01 [15.75] | 0.01 [21] | 0.00 [28] |
| B0r | F_hi | +h10 | 0.00 [3.1] | 0.00 [5] | 0.43 [10] | 0.54 [10.25] | 0.00 [12.75] | 0.00 [15.75] | 0.02 [20.5] | 0.01 [26.75] |
| P2 | b_lo*J_hi | 1-10 | 0.00 [3.1] | 0.00 [5] | 0.19 [9.75] | 0.00 [10] | 0.01 [14.75] | 0.00 [15.25] | 0.00 [19.25] | 0.00 [22.25] |
| P2 | b_lo*J_hi | +h10 | 0.14 [3.1] | 0.00 [5] | 0.02 [9.75] | 0.00 [10] | 0.00 [14.75] | 0.00 [15.25] | 0.00 [19.25] | 0.01 [26.25] |
| F2 | b_lo*J_hi | 1-10 | 0.00 [3.1] | 0.00 [5] | 0.02 [9.75] | 0.00 [10] | 0.02 [15] | 0.00 [15.25] | 0.00 [19.25] | 0.00 [30] |
| F2 | b_lo*J_hi | +h10 | 0.00 [3.1] | 0.00 [5] | 0.02 [9.75] | 0.00 [10] | 0.02 [15] | 0.00 [15.25] | 0.00 [19.25] | 0.00 [22.25] |
| D2a | b_lo*J_hi | 1-10 | 0.00 [3.1] | 0.00 [5] | 0.19 [9.75] | 0.00 [10] | 0.02 [14.75] | 0.00 [15.25] | 0.00 [19.25] | 0.00 [27.5] |
| D2a | b_lo*J_hi | +h10 | 0.13 [3.1] | 0.00 [5] | 0.03 [9.75] | 0.00 [10] | 0.01 [14.75] | 0.00 [15.25] | 0.00 [19.25] | 0.00 [29.25] |
| B0r | b_lo*J_hi | 1-10 | 0.00 [3.1] | 0.00 [5] | 0.01 [9.75] | 0.00 [10] | 0.02 [15] | 0.00 [15.25] | 0.00 [19.25] | 0.00 [28] |
| B0r | b_lo*J_hi | +h10 | 0.00 [3.1] | 0.00 [5] | 0.01 [9.75] | 0.00 [10] | 0.02 [15] | 0.00 [15.25] | 0.00 [19.25] | 0.00 [22.25] |

### tmo : T_after (max over the band; [speed of the worst]) (|T| after sentinel + 0.25 s, counts)
| impl | member | age | 3.1 | 5 | 8-10 | 10-12.5 | 12.75-15 | 15.25-19 | 19.25-22 | 22.25-30 |
|---|---|---|---|---|---|---|---|---|---|---|
| P2 | nominal | 1-10 | 0 [3.1] | 0 [5] | 0 [8] | 0 [10] | 0 [12.75] | 0 [15.25] | 0 [19.25] | 0 [22.25] |
| P2 | nominal | +h10 | 0 [3.1] | 0 [5] | 0 [8] | 0 [10] | 0 [12.75] | 0 [15.25] | 0 [19.25] | 0 [22.25] |
| F2 | nominal | 1-10 | 0 [3.1] | 0 [5] | 0 [8] | 0 [10] | 0 [12.75] | 0 [15.25] | 0 [19.25] | 0 [22.25] |
| F2 | nominal | +h10 | 0 [3.1] | 0 [5] | 0 [8] | 0 [10] | 0 [12.75] | 0 [15.25] | 0 [19.25] | 0 [22.25] |
| D2a | nominal | 1-10 | 0 [3.1] | 0 [5] | 0 [8] | 0 [10] | 0 [12.75] | 0 [15.25] | 0 [19.25] | 0 [22.25] |
| D2a | nominal | +h10 | 0 [3.1] | 0 [5] | 0 [8] | 0 [10] | 0 [12.75] | 0 [15.25] | 0 [19.25] | 0 [22.25] |
| B0r | nominal | 1-10 | 0 [3.1] | 0 [5] | 0 [8] | 0 [10] | 0 [12.75] | 0 [15.25] | 0 [19.25] | 0 [22.25] |
| B0r | nominal | +h10 | 0 [3.1] | 0 [5] | 0 [8] | 0 [10] | 0 [12.75] | 0 [15.25] | 0 [19.25] | 0 [22.25] |
| P2 | bc | 1-10 | 0 [3.1] | 0 [5] | 0 [8] | 0 [10] | 0 [12.75] | 0 [15.25] | 0 [19.25] | 0 [22.25] |
| P2 | bc | +h10 | 0 [3.1] | 0 [5] | 0 [8] | 0 [10] | 0 [12.75] | 0 [15.25] | 0 [19.25] | 0 [22.25] |
| F2 | bc | 1-10 | 0 [3.1] | 0 [5] | 0 [8] | 0 [10] | 0 [12.75] | 0 [15.25] | 0 [19.25] | 0 [22.25] |
| F2 | bc | +h10 | 0 [3.1] | 0 [5] | 0 [8] | 0 [10] | 0 [12.75] | 0 [15.25] | 0 [19.25] | 0 [22.25] |
| D2a | bc | 1-10 | 0 [3.1] | 0 [5] | 0 [8] | 0 [10] | 0 [12.75] | 0 [15.25] | 0 [19.25] | 0 [22.25] |
| D2a | bc | +h10 | 0 [3.1] | 0 [5] | 0 [8] | 0 [10] | 0 [12.75] | 0 [15.25] | 0 [19.25] | 0 [22.25] |
| B0r | bc | 1-10 | 0 [3.1] | 0 [5] | 0 [8] | 0 [10] | 0 [12.75] | 0 [15.25] | 0 [19.25] | 0 [22.25] |
| B0r | bc | +h10 | 0 [3.1] | 0 [5] | 0 [8] | 0 [10] | 0 [12.75] | 0 [15.25] | 0 [19.25] | 0 [22.25] |
| P2 | F_hi | 1-10 | 0 [3.1] | 0 [5] | 0 [8] | 0 [10] | 0 [12.75] | 0 [15.25] | 0 [19.25] | 0 [22.25] |
| P2 | F_hi | +h10 | 0 [3.1] | 0 [5] | 0 [8] | 0 [10] | 0 [12.75] | 0 [15.25] | 0 [19.25] | 0 [22.25] |
| F2 | F_hi | 1-10 | 0 [3.1] | 0 [5] | 0 [8] | 0 [10] | 0 [12.75] | 0 [15.25] | 0 [19.25] | 0 [22.25] |
| F2 | F_hi | +h10 | 0 [3.1] | 0 [5] | 0 [8] | 0 [10] | 0 [12.75] | 0 [15.25] | 0 [19.25] | 0 [22.25] |
| D2a | F_hi | 1-10 | 0 [3.1] | 0 [5] | 0 [8] | 0 [10] | 0 [12.75] | 0 [15.25] | 0 [19.25] | 0 [22.25] |
| D2a | F_hi | +h10 | 0 [3.1] | 0 [5] | 0 [8] | 0 [10] | 0 [12.75] | 0 [15.25] | 0 [19.25] | 0 [22.25] |
| B0r | F_hi | 1-10 | 0 [3.1] | 0 [5] | 0 [8] | 0 [10] | 0 [12.75] | 0 [15.25] | 0 [19.25] | 0 [22.25] |
| B0r | F_hi | +h10 | 0 [3.1] | 0 [5] | 0 [8] | 0 [10] | 0 [12.75] | 0 [15.25] | 0 [19.25] | 0 [22.25] |
| P2 | b_lo*J_hi | 1-10 | 0 [3.1] | 0 [5] | 0 [8] | 0 [10] | 0 [12.75] | 0 [15.25] | 0 [19.25] | 0 [22.25] |
| P2 | b_lo*J_hi | +h10 | 0 [3.1] | 0 [5] | 0 [8] | 0 [10] | 0 [12.75] | 0 [15.25] | 0 [19.25] | 0 [22.25] |
| F2 | b_lo*J_hi | 1-10 | 0 [3.1] | 0 [5] | 0 [8] | 0 [10] | 0 [12.75] | 0 [15.25] | 0 [19.25] | 0 [22.25] |
| F2 | b_lo*J_hi | +h10 | 0 [3.1] | 0 [5] | 0 [8] | 0 [10] | 0 [12.75] | 0 [15.25] | 0 [19.25] | 0 [22.25] |
| D2a | b_lo*J_hi | 1-10 | 0 [3.1] | 0 [5] | 0 [8] | 0 [10] | 0 [12.75] | 0 [15.25] | 0 [19.25] | 0 [22.25] |
| D2a | b_lo*J_hi | +h10 | 0 [3.1] | 0 [5] | 0 [8] | 0 [10] | 0 [12.75] | 0 [15.25] | 0 [19.25] | 0 [22.25] |
| B0r | b_lo*J_hi | 1-10 | 0 [3.1] | 0 [5] | 0 [8] | 0 [10] | 0 [12.75] | 0 [15.25] | 0 [19.25] | 0 [22.25] |
| B0r | b_lo*J_hi | +h10 | 0 [3.1] | 0 [5] | 0 [8] | 0 [10] | 0 [12.75] | 0 [15.25] | 0 [19.25] | 0 [22.25] |

### tmos : hold_dev (max over the band; [speed of the worst]) (fork stops mid-sinusoid: deviation over the 510 ms hold, deg)
| impl | member | age | 3.1 | 5 | 8-10 | 10-12.5 | 12.75-15 | 15.25-19 | 19.25-22 | 22.25-30 |
|---|---|---|---|---|---|---|---|---|---|---|
| P2 | nominal | 1-10 | 4.03 [3.1] | 2.18 [5] | 2.14 [10] | 2.14 [10] | 1.49 [12.75] | 0.92 [15.25] | 0.51 [19.25] | 0.39 [22.25] |
| P2 | nominal | +h10 | 3.92 [3.1] | 2.11 [5] | 2.12 [10] | 2.12 [10] | 1.50 [12.75] | 0.91 [15.25] | 0.50 [19.25] | 0.40 [22.25] |
| F2 | nominal | 1-10 | 4.01 [3.1] | 2.18 [5] | 1.92 [10] | 1.94 [10.75] | 1.51 [12.75] | 0.93 [15.25] | 0.52 [19.25] | 0.40 [22.25] |
| F2 | nominal | +h10 | 3.81 [3.1] | 2.07 [5] | 1.87 [10] | 1.93 [11.5] | 1.51 [12.75] | 0.92 [15.25] | 0.51 [19.25] | 0.40 [22.25] |
| D2a | nominal | 1-10 | 4.04 [3.1] | 2.18 [5] | 2.15 [10] | 2.15 [10] | 1.50 [12.75] | 0.92 [15.25] | 0.51 [19.5] | 0.39 [22.25] |
| D2a | nominal | +h10 | 3.92 [3.1] | 2.11 [5] | 2.11 [10] | 2.11 [10] | 1.50 [12.75] | 0.90 [15.25] | 0.50 [19.25] | 0.40 [22.25] |
| B0r | nominal | 1-10 | 4.01 [3.1] | 2.17 [5] | 1.91 [10] | 1.94 [10.75] | 1.51 [12.75] | 0.94 [15.25] | 0.51 [19.25] | 0.40 [22.25] |
| B0r | nominal | +h10 | 3.82 [3.1] | 2.07 [5] | 1.88 [10] | 1.93 [10.75] | 1.50 [12.75] | 0.92 [15.25] | 0.51 [19.25] | 0.40 [22.25] |
| P2 | bc | 1-10 | 3.58 [3.1] | 1.91 [5] | 1.77 [10] | 1.78 [10.25] | 1.33 [12.75] | 0.78 [15.25] | 0.41 [19.25] | 0.31 [22.25] |
| P2 | bc | +h10 | 3.52 [3.1] | 1.87 [5] | 1.72 [10] | 1.73 [10.25] | 1.34 [12.75] | 0.78 [15.25] | 0.40 [19.25] | 0.29 [22.25] |
| F2 | bc | 1-10 | 3.57 [3.1] | 1.92 [5] | 1.56 [10] | 1.71 [11.75] | 1.35 [12.75] | 0.80 [15.25] | 0.42 [19.25] | 0.31 [22.25] |
| F2 | bc | +h10 | 3.40 [3.1] | 1.84 [5] | 1.49 [10] | 1.70 [11.75] | 1.34 [12.75] | 0.80 [15.25] | 0.41 [19.25] | 0.30 [22.25] |
| D2a | bc | 1-10 | 3.59 [3.1] | 1.91 [5] | 1.77 [10] | 1.77 [10] | 1.34 [12.75] | 0.78 [15.25] | 0.41 [19.25] | 0.30 [22.25] |
| D2a | bc | +h10 | 3.52 [3.1] | 1.86 [5] | 1.72 [10] | 1.73 [11.5] | 1.33 [12.75] | 0.78 [15.25] | 0.40 [19.25] | 0.29 [22.25] |
| B0r | bc | 1-10 | 3.57 [3.1] | 1.92 [5] | 1.55 [10] | 1.70 [11.75] | 1.36 [12.75] | 0.81 [15.25] | 0.41 [19.25] | 0.31 [22.25] |
| B0r | bc | +h10 | 3.39 [3.1] | 1.84 [5] | 1.51 [10] | 1.68 [11.75] | 1.33 [12.75] | 0.78 [15.25] | 0.41 [19.25] | 0.30 [22.25] |
| P2 | F_hi | 1-10 | 3.98 [3.1] | 2.18 [5] | 2.34 [10] | 2.35 [10.25] | 1.69 [12.75] | 1.00 [15.25] | 0.54 [19.5] | 0.42 [22.25] |
| P2 | F_hi | +h10 | 3.88 [3.1] | 2.12 [5] | 2.32 [10] | 2.34 [10.25] | 1.70 [12.75] | 0.97 [15.25] | 0.53 [19.5] | 0.42 [22.25] |
| F2 | F_hi | 1-10 | 3.98 [3.1] | 2.18 [5] | 2.07 [10] | 2.21 [11.5] | 1.71 [12.75] | 0.99 [15.25] | 0.55 [19.25] | 0.44 [22.25] |
| F2 | F_hi | +h10 | 3.77 [3.1] | 2.06 [5] | 2.02 [10] | 2.20 [11.75] | 1.71 [12.75] | 0.99 [15.25] | 0.54 [19.5] | 0.44 [22.25] |
| D2a | F_hi | 1-10 | 3.98 [3.1] | 2.17 [5] | 2.35 [10] | 2.35 [10] | 1.70 [12.75] | 0.99 [15.25] | 0.54 [19.5] | 0.42 [22.25] |
| D2a | F_hi | +h10 | 3.88 [3.1] | 2.13 [5] | 2.31 [10] | 2.33 [10.25] | 1.70 [12.75] | 0.97 [15.25] | 0.54 [19.5] | 0.42 [22.25] |
| B0r | F_hi | 1-10 | 3.97 [3.1] | 2.17 [5] | 2.06 [10] | 2.21 [11.5] | 1.71 [12.75] | 1.02 [15.25] | 0.54 [19.25] | 0.42 [22.25] |
| B0r | F_hi | +h10 | 3.77 [3.1] | 2.06 [5] | 2.03 [10] | 2.17 [11] | 1.71 [12.75] | 0.99 [15.25] | 0.54 [19.25] | 0.43 [22.25] |
| P2 | b_lo*J_hi | 1-10 | 4.82 [3.1] | 2.57 [5] | 1.57 [9.75] | 1.56 [10] | 1.07 [12.75] | 0.70 [15.25] | 0.37 [19.25] | 0.29 [22.25] |
| P2 | b_lo*J_hi | +h10 | 4.86 [3.1] | 2.58 [5] | 1.53 [10] | 1.53 [10] | 1.07 [12.75] | 0.69 [15.25] | 0.36 [19.25] | 0.28 [22.25] |
| F2 | b_lo*J_hi | 1-10 | 4.81 [3.1] | 2.57 [5] | 1.46 [8] | 1.41 [10] | 1.09 [12.75] | 0.71 [15.25] | 0.38 [19.25] | 0.30 [22.25] |
| F2 | b_lo*J_hi | +h10 | 4.73 [3.1] | 2.52 [5] | 1.41 [9.75] | 1.36 [10] | 1.06 [12.75] | 0.70 [15.25] | 0.37 [19.25] | 0.29 [22.25] |
| D2a | b_lo*J_hi | 1-10 | 4.84 [3.1] | 2.58 [5] | 1.56 [10] | 1.56 [10] | 1.09 [12.75] | 0.70 [15.25] | 0.37 [19.25] | 0.28 [22.25] |
| D2a | b_lo*J_hi | +h10 | 4.90 [3.1] | 2.58 [5] | 1.53 [9.75] | 1.52 [10] | 1.06 [12.75] | 0.68 [15.25] | 0.35 [19.5] | 0.28 [22.25] |
| B0r | b_lo*J_hi | 1-10 | 4.82 [3.1] | 2.58 [5] | 1.46 [9.75] | 1.41 [10] | 1.10 [12.75] | 0.72 [15.25] | 0.38 [19.25] | 0.29 [22.25] |
| B0r | b_lo*J_hi | +h10 | 4.74 [3.1] | 2.52 [5] | 1.41 [8] | 1.37 [10] | 1.06 [12.75] | 0.69 [15.25] | 0.37 [19.25] | 0.29 [22.25] |

### tmos : T_after (max over the band; [speed of the worst]) 
| impl | member | age | 3.1 | 5 | 8-10 | 10-12.5 | 12.75-15 | 15.25-19 | 19.25-22 | 22.25-30 |
|---|---|---|---|---|---|---|---|---|---|---|
| P2 | nominal | 1-10 | 0 [3.1] | 0 [5] | 0 [8] | 0 [10] | 0 [12.75] | 0 [15.25] | 0 [19.25] | 0 [22.25] |
| P2 | nominal | +h10 | 0 [3.1] | 0 [5] | 0 [8] | 0 [10] | 0 [12.75] | 0 [15.25] | 0 [19.25] | 0 [22.25] |
| F2 | nominal | 1-10 | 0 [3.1] | 0 [5] | 0 [8] | 0 [10] | 0 [12.75] | 0 [15.25] | 0 [19.25] | 0 [22.25] |
| F2 | nominal | +h10 | 0 [3.1] | 0 [5] | 0 [8] | 0 [10] | 0 [12.75] | 0 [15.25] | 0 [19.25] | 0 [22.25] |
| D2a | nominal | 1-10 | 0 [3.1] | 0 [5] | 0 [8] | 0 [10] | 0 [12.75] | 0 [15.25] | 0 [19.25] | 0 [22.25] |
| D2a | nominal | +h10 | 0 [3.1] | 0 [5] | 0 [8] | 0 [10] | 0 [12.75] | 0 [15.25] | 0 [19.25] | 0 [22.25] |
| B0r | nominal | 1-10 | 0 [3.1] | 0 [5] | 0 [8] | 0 [10] | 0 [12.75] | 0 [15.25] | 0 [19.25] | 0 [22.25] |
| B0r | nominal | +h10 | 0 [3.1] | 0 [5] | 0 [8] | 0 [10] | 0 [12.75] | 0 [15.25] | 0 [19.25] | 0 [22.25] |
| P2 | bc | 1-10 | 0 [3.1] | 0 [5] | 0 [8] | 0 [10] | 0 [12.75] | 0 [15.25] | 0 [19.25] | 0 [22.25] |
| P2 | bc | +h10 | 0 [3.1] | 0 [5] | 0 [8] | 0 [10] | 0 [12.75] | 0 [15.25] | 0 [19.25] | 0 [22.25] |
| F2 | bc | 1-10 | 0 [3.1] | 0 [5] | 0 [8] | 0 [10] | 0 [12.75] | 0 [15.25] | 0 [19.25] | 0 [22.25] |
| F2 | bc | +h10 | 0 [3.1] | 0 [5] | 0 [8] | 0 [10] | 0 [12.75] | 0 [15.25] | 0 [19.25] | 0 [22.25] |
| D2a | bc | 1-10 | 0 [3.1] | 0 [5] | 0 [8] | 0 [10] | 0 [12.75] | 0 [15.25] | 0 [19.25] | 0 [22.25] |
| D2a | bc | +h10 | 0 [3.1] | 0 [5] | 0 [8] | 0 [10] | 0 [12.75] | 0 [15.25] | 0 [19.25] | 0 [22.25] |
| B0r | bc | 1-10 | 0 [3.1] | 0 [5] | 0 [8] | 0 [10] | 0 [12.75] | 0 [15.25] | 0 [19.25] | 0 [22.25] |
| B0r | bc | +h10 | 0 [3.1] | 0 [5] | 0 [8] | 0 [10] | 0 [12.75] | 0 [15.25] | 0 [19.25] | 0 [22.25] |
| P2 | F_hi | 1-10 | 0 [3.1] | 0 [5] | 0 [8] | 0 [10] | 0 [12.75] | 0 [15.25] | 0 [19.25] | 0 [22.25] |
| P2 | F_hi | +h10 | 0 [3.1] | 0 [5] | 0 [8] | 0 [10] | 0 [12.75] | 0 [15.25] | 0 [19.25] | 0 [22.25] |
| F2 | F_hi | 1-10 | 0 [3.1] | 0 [5] | 0 [8] | 0 [10] | 0 [12.75] | 0 [15.25] | 0 [19.25] | 0 [22.25] |
| F2 | F_hi | +h10 | 0 [3.1] | 0 [5] | 0 [8] | 0 [10] | 0 [12.75] | 0 [15.25] | 0 [19.25] | 0 [22.25] |
| D2a | F_hi | 1-10 | 0 [3.1] | 0 [5] | 0 [8] | 0 [10] | 0 [12.75] | 0 [15.25] | 0 [19.25] | 0 [22.25] |
| D2a | F_hi | +h10 | 0 [3.1] | 0 [5] | 0 [8] | 0 [10] | 0 [12.75] | 0 [15.25] | 0 [19.25] | 0 [22.25] |
| B0r | F_hi | 1-10 | 0 [3.1] | 0 [5] | 0 [8] | 0 [10] | 0 [12.75] | 0 [15.25] | 0 [19.25] | 0 [22.25] |
| B0r | F_hi | +h10 | 0 [3.1] | 0 [5] | 0 [8] | 0 [10] | 0 [12.75] | 0 [15.25] | 0 [19.25] | 0 [22.25] |
| P2 | b_lo*J_hi | 1-10 | 0 [3.1] | 0 [5] | 0 [8] | 0 [10] | 0 [12.75] | 0 [15.25] | 0 [19.25] | 0 [22.25] |
| P2 | b_lo*J_hi | +h10 | 0 [3.1] | 0 [5] | 0 [8] | 0 [10] | 0 [12.75] | 0 [15.25] | 0 [19.25] | 0 [22.25] |
| F2 | b_lo*J_hi | 1-10 | 0 [3.1] | 0 [5] | 0 [8] | 0 [10] | 0 [12.75] | 0 [15.25] | 0 [19.25] | 0 [22.25] |
| F2 | b_lo*J_hi | +h10 | 0 [3.1] | 0 [5] | 0 [8] | 0 [10] | 0 [12.75] | 0 [15.25] | 0 [19.25] | 0 [22.25] |
| D2a | b_lo*J_hi | 1-10 | 0 [3.1] | 0 [5] | 0 [8] | 0 [10] | 0 [12.75] | 0 [15.25] | 0 [19.25] | 0 [22.25] |
| D2a | b_lo*J_hi | +h10 | 0 [3.1] | 0 [5] | 0 [8] | 0 [10] | 0 [12.75] | 0 [15.25] | 0 [19.25] | 0 [22.25] |
| B0r | b_lo*J_hi | 1-10 | 0 [3.1] | 0 [5] | 0 [8] | 0 [10] | 0 [12.75] | 0 [15.25] | 0 [19.25] | 0 [22.25] |
| B0r | b_lo*J_hi | +h10 | 0 [3.1] | 0 [5] | 0 [8] | 0 [10] | 0 [12.75] | 0 [15.25] | 0 [19.25] | 0 [22.25] |

### sen : sen_peakT_after_50ms (max over the band; [speed of the worst]) 
| impl | member | age | 3.1 | 5 | 8-10 | 10-12.5 | 12.75-15 | 15.25-19 | 19.25-22 | 22.25-30 |
|---|---|---|---|---|---|---|---|---|---|---|
| P2 | nominal | 1-10 | 42 [3.1] | 48 [5] | 56 [8] | 40 [10] | 48 [14.5] | 53 [15.75] | 36 [19.25] | 26 [22.25] |
| P2 | nominal | +h10 | 43 [3.1] | 48 [5] | 56 [8] | 39 [10] | 48 [14.5] | 53 [15.75] | 36 [19.25] | 26 [22.25] |
| F2 | nominal | 1-10 | 42 [3.1] | 48 [5] | 56 [8] | 40 [10] | 51 [15] | 53 [15.75] | 39 [19.25] | 26 [22.25] |
| F2 | nominal | +h10 | 42 [3.1] | 49 [5] | 56 [8] | 39 [10] | 50 [15] | 53 [15.75] | 39 [19.25] | 26 [22.25] |
| D2a | nominal | 1-10 | 42 [3.1] | 48 [5] | 56 [8] | 40 [10] | 48 [14.5] | 53 [15.75] | 36 [19.25] | 26 [22.25] |
| D2a | nominal | +h10 | 46 [3.1] | 48 [5] | 56 [8] | 39 [10] | 48 [14.5] | 53 [15.75] | 36 [19.25] | 26 [22.25] |
| B0r | nominal | 1-10 | 42 [3.1] | 48 [5] | 56 [8] | 40 [10] | 51 [15] | 53 [15.75] | 38 [19.25] | 26 [22.25] |
| B0r | nominal | +h10 | 43 [3.1] | 49 [5] | 56 [8] | 39 [10] | 50 [15] | 53 [15.75] | 39 [19.25] | 26 [22.25] |
| P2 | bc | 1-10 | 42 [3.1] | 46 [5] | 55 [8] | 44 [10] | 52 [15] | 53 [15.5] | 38 [19.25] | 28 [22.25] |
| P2 | bc | +h10 | 41 [3.1] | 46 [5] | 55 [8] | 44 [10] | 52 [15] | 53 [15.5] | 38 [19.25] | 28 [22.25] |
| F2 | bc | 1-10 | 42 [3.1] | 46 [5] | 55 [8] | 44 [10] | 52 [15] | 53 [15.5] | 38 [19.25] | 28 [22.25] |
| F2 | bc | +h10 | 41 [3.1] | 46 [5] | 55 [8] | 44 [10] | 52 [15] | 53 [15.5] | 38 [19.25] | 28 [22.25] |
| D2a | bc | 1-10 | 42 [3.1] | 46 [5] | 55 [8] | 44 [10] | 52 [15] | 53 [15.5] | 38 [19.25] | 28 [22.25] |
| D2a | bc | +h10 | 42 [3.1] | 46 [5] | 55 [8] | 44 [10] | 52 [15] | 53 [15.5] | 38 [19.25] | 28 [22.25] |
| B0r | bc | 1-10 | 42 [3.1] | 46 [5] | 55 [8] | 43 [10] | 52 [15] | 54 [16.75] | 38 [19.25] | 28 [22.25] |
| B0r | bc | +h10 | 42 [3.1] | 46 [5] | 55 [8] | 44 [10] | 53 [15] | 53 [15.5] | 38 [19.25] | 28 [22.25] |
| P2 | F_hi | 1-10 | 26 [3.1] | 37 [5] | 53 [8] | 39 [10] | 51 [14.75] | 55 [15.75] | 37 [19.25] | 25 [22.25] |
| P2 | F_hi | +h10 | 26 [3.1] | 37 [5] | 53 [8] | 39 [12.5] | 51 [15] | 55 [15.75] | 35 [19.25] | 25 [22.25] |
| F2 | F_hi | 1-10 | 26 [3.1] | 37 [5] | 53 [8] | 39 [12.5] | 53 [15] | 55 [15.75] | 40 [19.25] | 25 [22.25] |
| F2 | F_hi | +h10 | 26 [3.1] | 38 [5] | 53 [8] | 39 [12.5] | 54 [15] | 55 [15.75] | 40 [19.25] | 24 [22.25] |
| D2a | F_hi | 1-10 | 26 [3.1] | 37 [5] | 54 [8] | 39 [10] | 51 [14.75] | 54 [15.5] | 37 [19.25] | 25 [22.25] |
| D2a | F_hi | +h10 | 26 [3.1] | 37 [5] | 54 [8] | 39 [12.5] | 50 [14.5] | 55 [15.75] | 35 [19.25] | 25 [22.25] |
| B0r | F_hi | 1-10 | 26 [3.1] | 36 [5] | 53 [8] | 39 [12.5] | 53 [15] | 55 [15.75] | 40 [19.25] | 25 [22.25] |
| B0r | F_hi | +h10 | 26 [3.1] | 38 [5] | 53 [8] | 39 [12.5] | 52 [15] | 55 [15.75] | 40 [19.25] | 24 [22.25] |
| P2 | b_lo*J_hi | 1-10 | 71 [3.1] | 64 [5] | 68 [8] | 49 [10] | 49 [15] | 51 [17] | 37 [19.25] | 27 [22.25] |
| P2 | b_lo*J_hi | +h10 | 79 [3.1] | 68 [5] | 68 [8] | 45 [10] | 49 [15] | 51 [16.75] | 36 [19.25] | 27 [22.25] |
| F2 | b_lo*J_hi | 1-10 | 70 [3.1] | 63 [5] | 68 [8] | 45 [10] | 49 [15] | 50 [15.75] | 36 [19.25] | 27 [22.25] |
| F2 | b_lo*J_hi | +h10 | 71 [3.1] | 64 [5] | 68 [8] | 45 [10] | 49 [15] | 51 [16.75] | 36 [19.25] | 27 [22.25] |
| D2a | b_lo*J_hi | 1-10 | 71 [3.1] | 64 [5] | 68 [8] | 49 [10] | 49 [15] | 51 [17] | 37 [19.25] | 27 [22.25] |
| D2a | b_lo*J_hi | +h10 | 79 [3.1] | 68 [5] | 68 [8] | 45 [10] | 49 [15] | 51 [17] | 36 [19.25] | 27 [22.25] |
| B0r | b_lo*J_hi | 1-10 | 70 [3.1] | 63 [5] | 68 [8] | 45 [10] | 49 [15] | 51 [16.75] | 36 [19.25] | 27 [22.25] |
| B0r | b_lo*J_hi | +h10 | 71 [3.1] | 64 [5] | 67 [8] | 45 [10] | 49 [15] | 51 [17] | 36 [19.25] | 27 [22.25] |

### dis : dis_T_after_150ms (max over the band; [speed of the worst]) 
| impl | member | age | 3.1 | 5 | 8-10 | 10-12.5 | 12.75-15 | 15.25-19 | 19.25-22 | 22.25-30 |
|---|---|---|---|---|---|---|---|---|---|---|
| P2 | nominal | 1-10 | 0 [3.1] | 0 [5] | 0 [8] | 0 [10] | 0 [12.75] | 0 [15.25] | 0 [19.25] | 0 [22.25] |
| P2 | nominal | +h10 | 0 [3.1] | 0 [5] | 0 [8] | 0 [10] | 0 [12.75] | 0 [15.25] | 0 [19.25] | 0 [22.25] |
| F2 | nominal | 1-10 | 0 [3.1] | 0 [5] | 0 [8] | 0 [10] | 0 [12.75] | 0 [15.25] | 0 [19.25] | 0 [22.25] |
| F2 | nominal | +h10 | 0 [3.1] | 0 [5] | 0 [8] | 0 [10] | 0 [12.75] | 0 [15.25] | 0 [19.25] | 0 [22.25] |
| D2a | nominal | 1-10 | 0 [3.1] | 0 [5] | 0 [8] | 0 [10] | 0 [12.75] | 0 [15.25] | 0 [19.25] | 0 [22.25] |
| D2a | nominal | +h10 | 0 [3.1] | 0 [5] | 0 [8] | 0 [10] | 0 [12.75] | 0 [15.25] | 0 [19.25] | 0 [22.25] |
| B0r | nominal | 1-10 | 0 [3.1] | 0 [5] | 0 [8] | 0 [10] | 0 [12.75] | 0 [15.25] | 0 [19.25] | 0 [22.25] |
| B0r | nominal | +h10 | 0 [3.1] | 0 [5] | 0 [8] | 0 [10] | 0 [12.75] | 0 [15.25] | 0 [19.25] | 0 [22.25] |
| P2 | bc | 1-10 | 0 [3.1] | 0 [5] | 0 [8] | 0 [10] | 0 [12.75] | 0 [15.25] | 0 [19.25] | 0 [22.25] |
| P2 | bc | +h10 | 0 [3.1] | 0 [5] | 0 [8] | 0 [10] | 0 [12.75] | 0 [15.25] | 0 [19.25] | 0 [22.25] |
| F2 | bc | 1-10 | 0 [3.1] | 0 [5] | 0 [8] | 0 [10] | 0 [12.75] | 0 [15.25] | 0 [19.25] | 0 [22.25] |
| F2 | bc | +h10 | 0 [3.1] | 0 [5] | 0 [8] | 0 [10] | 0 [12.75] | 0 [15.25] | 0 [19.25] | 0 [22.25] |
| D2a | bc | 1-10 | 0 [3.1] | 0 [5] | 0 [8] | 0 [10] | 0 [12.75] | 0 [15.25] | 0 [19.25] | 0 [22.25] |
| D2a | bc | +h10 | 0 [3.1] | 0 [5] | 0 [8] | 0 [10] | 0 [12.75] | 0 [15.25] | 0 [19.25] | 0 [22.25] |
| B0r | bc | 1-10 | 0 [3.1] | 0 [5] | 0 [8] | 0 [10] | 0 [12.75] | 0 [15.25] | 0 [19.25] | 0 [22.25] |
| B0r | bc | +h10 | 0 [3.1] | 0 [5] | 0 [8] | 0 [10] | 0 [12.75] | 0 [15.25] | 0 [19.25] | 0 [22.25] |
| P2 | F_hi | 1-10 | 0 [3.1] | 0 [5] | 0 [8] | 0 [10] | 0 [12.75] | 0 [15.25] | 0 [19.25] | 0 [22.25] |
| P2 | F_hi | +h10 | 0 [3.1] | 0 [5] | 0 [8] | 0 [10] | 0 [12.75] | 0 [15.25] | 0 [19.25] | 0 [22.25] |
| F2 | F_hi | 1-10 | 0 [3.1] | 0 [5] | 0 [8] | 0 [10] | 0 [12.75] | 0 [15.25] | 0 [19.25] | 0 [22.25] |
| F2 | F_hi | +h10 | 0 [3.1] | 0 [5] | 0 [8] | 0 [10] | 0 [12.75] | 0 [15.25] | 0 [19.25] | 0 [22.25] |
| D2a | F_hi | 1-10 | 0 [3.1] | 0 [5] | 0 [8] | 0 [10] | 0 [12.75] | 0 [15.25] | 0 [19.25] | 0 [22.25] |
| D2a | F_hi | +h10 | 0 [3.1] | 0 [5] | 0 [8] | 0 [10] | 0 [12.75] | 0 [15.25] | 0 [19.25] | 0 [22.25] |
| B0r | F_hi | 1-10 | 0 [3.1] | 0 [5] | 0 [8] | 0 [10] | 0 [12.75] | 0 [15.25] | 0 [19.25] | 0 [22.25] |
| B0r | F_hi | +h10 | 0 [3.1] | 0 [5] | 0 [8] | 0 [10] | 0 [12.75] | 0 [15.25] | 0 [19.25] | 0 [22.25] |
| P2 | b_lo*J_hi | 1-10 | 0 [3.1] | 0 [5] | 0 [8] | 0 [10] | 0 [12.75] | 0 [15.25] | 0 [19.25] | 0 [22.25] |
| P2 | b_lo*J_hi | +h10 | 0 [3.1] | 0 [5] | 0 [8] | 0 [10] | 0 [12.75] | 0 [15.25] | 0 [19.25] | 0 [22.25] |
| F2 | b_lo*J_hi | 1-10 | 0 [3.1] | 0 [5] | 0 [8] | 0 [10] | 0 [12.75] | 0 [15.25] | 0 [19.25] | 0 [22.25] |
| F2 | b_lo*J_hi | +h10 | 0 [3.1] | 0 [5] | 0 [8] | 0 [10] | 0 [12.75] | 0 [15.25] | 0 [19.25] | 0 [22.25] |
| D2a | b_lo*J_hi | 1-10 | 0 [3.1] | 0 [5] | 0 [8] | 0 [10] | 0 [12.75] | 0 [15.25] | 0 [19.25] | 0 [22.25] |
| D2a | b_lo*J_hi | +h10 | 0 [3.1] | 0 [5] | 0 [8] | 0 [10] | 0 [12.75] | 0 [15.25] | 0 [19.25] | 0 [22.25] |
| B0r | b_lo*J_hi | 1-10 | 0 [3.1] | 0 [5] | 0 [8] | 0 [10] | 0 [12.75] | 0 [15.25] | 0 [19.25] | 0 [22.25] |
| B0r | b_lo*J_hi | +h10 | 0 [3.1] | 0 [5] | 0 [8] | 0 [10] | 0 [12.75] | 0 [15.25] | 0 [19.25] | 0 [22.25] |
