
===== member J_lo  (suite robust)
  -- LINE-ONLY
     1/15 C1 (freeze |tq|>512 + ramp<0x8000)             3:stick 5:stick 5.5:stick 6:stick 7:stick 8:stick 10:stick/track 11.9:stick/track 12.5:stick/track 15:stick/track 17:track 19:track 22:PASS 26:stick 30:stick
     1/15 C1 freeze |tq|>512 only (no ramp freeze)       3:stick 5:stick 5.5:stick 6:stick 7:stick 8:stick 10:stick/track 11.9:stick/track 12.5:stick/track 15:stick/track 17:track 19:track 22:PASS 26:stick 30:stick
     1/15 C1 freeze |tq|>1024 + ramp                     3:stick 5:stick 5.5:stick 6:stick 7:stick 8:stick 10:stick/track 11.9:stick/track 12.5:stick/track 15:stick/track 17:track 19:track 22:PASS 26:stick 30:stick
     1/15 C1 gains + C0 bleed (1024, tau 64 ms)          3:stick 5:stick 5.5:stick 6:stick 7:stick 8:stick 10:stick/track 11.9:stick/track 12.5:stick/track 15:stick/track 17:track 19:track 22:PASS 26:stick 30:stick
     1/15 C1 gains, no I policy (control)                3:stick 5:stick 5.5:stick 6:stick 7:stick 8:stick 10:stick/track 11.9:stick/track 12.5:stick/track 15:stick/track 17:track 19:track 22:PASS 26:stick 30:stick
     5/15 C0 as listed (450/199, bleed 1024)             3:stick 5:stick 5.5:stick 6:stick 7:stick 8:stick 10:PASS 11.9:PASS 12.5:stick 15:stick/track 17:track 19:PASS 22:PASS 26:PASS 30:track
     6/15 C0 rebased x2 (225/100, bleed 1024)            3:stick 5:stick 5.5:stick 6:stick 7:stick 8:PASS 10:PASS 11.9:PASS 12.5:stick 15:stick/track 17:track 19:PASS 22:PASS 26:PASS 30:track
  -- STRICT (texture gated)
     0/15 C1 (freeze |tq|>512 + ramp<0x8000)             3:texture/stick 5:stick 5.5:stick 6:stick 7:stick 8:stick 10:stick/track 11.9:stick/track 12.5:stick/track 15:stick/track 17:texture/track 19:texture/track 22:texture 26:texture/stick 30:texture/stick
     0/15 C1 freeze |tq|>512 only (no ramp freeze)       3:texture/stick 5:stick 5.5:stick 6:stick 7:stick 8:stick 10:stick/track 11.9:stick/track 12.5:stick/track 15:stick/track 17:texture/track 19:texture/track 22:texture 26:texture/stick 30:texture/stick
     0/15 C1 freeze |tq|>1024 + ramp                     3:texture/stick 5:stick 5.5:stick 6:stick 7:stick 8:stick 10:stick/track 11.9:stick/track 12.5:stick/track 15:stick/track 17:texture/track 19:texture/track 22:texture 26:texture/stick 30:texture/stick
     0/15 C1 gains + C0 bleed (1024, tau 64 ms)          3:texture/stick 5:stick 5.5:stick 6:stick 7:stick 8:stick 10:stick/track 11.9:stick/track 12.5:stick/track 15:stick/track 17:texture/track 19:texture/track 22:texture 26:texture/stick 30:texture/stick
     0/15 C1 gains, no I policy (control)                3:texture/stick 5:stick 5.5:stick 6:stick 7:stick 8:stick 10:stick/track 11.9:stick/track 12.5:stick/track 15:stick/track 17:track 19:texture/track 22:texture 26:texture/stick 30:texture/stick
     2/15 C0 as listed (450/199, bleed 1024)             3:texture/stick 5:stick 5.5:stick 6:stick 7:stick 8:stick 10:PASS 11.9:PASS 12.5:stick 15:stick/track 17:texture/track 19:texture 22:texture 26:texture 30:texture/track
     3/15 C0 rebased x2 (225/100, bleed 1024)            3:texture/stick 5:stick 5.5:stick 6:stick 7:stick 8:PASS 10:PASS 11.9:PASS 12.5:stick 15:stick/track 17:texture/track 19:texture 22:texture 26:texture 30:texture/track

  **C1 (freeze |tq|>512 + ramp<0x8000)** (J_lo)
  | m/s | Kp_eff | ess | hold | tg0.2 | tg0.5 | +-1 fit | dj ev | stick% | T_hf hold | T_hf sin | hunt p2p | step ov% | hard16 / ref | wraps |
  | 3 | 490 | 0.07 | 1.000 | 1.065 | 1.166 | 1.36 | 9 | 67 | 0.6 | 2.4 | 2.48 | 10 | 1.35 / 1.80 | 0 |
  | 5 | 520 | 0.05 | 0.999 | 1.047 | 1.074 | 1.23 | 6 | 49 | 0.6 | 1.6 | 1.40 | 11 | 1.22 / 1.69 | 0 |
  | 5.5 | 529 | 0.05 | 0.999 | 1.041 | 1.054 | 1.20 | 4 | 42 | 0.5 | 1.4 | 1.09 | 10 | 1.12 / 1.52 | 0 |
  | 6 | 537 | 0.05 | 0.999 | 1.035 | 1.034 | 1.18 | 4 | 38 | 0.6 | 1.3 | 1.14 | 8 | 1.49 / 1.91 | 0 |
  | 7 | 554 | 0.04 | 1.000 | 1.021 | 0.997 | 1.11 | 1 | 26 | 0.6 | 1.2 | 0.99 | 6 | 1.93 / 2.49 | 0 |
  | 8 | 570 | 0.04 | 1.001 | 1.005 | 0.966 | 1.05 | 1 | 16 | 0.6 | 1.1 | 0.60 | 4 | 1.69 / 2.26 | 0 |
  | 10 | 570 | 0.05 | 0.997 | 1.018 | 0.929 | 1.09 | 1 | 15 | 0.5 | 0.8 | 0.84 | 7 | 0.84 / 1.51 | 0 |
  | 11.9 | 570 | 0.06 | 0.995 | 1.030 | 0.846 | 1.11 | 2 | 13 | 0.5 | 0.7 | 0.76 | 9 | 0.42 / 0.98 | 0 |
  | 12.5 | 682 | 0.05 | 0.996 | 1.017 | 0.857 | 1.07 | 2 | 10 | 0.6 | 0.9 | 0.50 | 7 | 0.41 / 0.91 | 0 |
  | 15 | 1243 | 0.04 | 1.005 | 0.990 | 0.882 | 0.99 | 1 | 6 | 0.6 | 1.4 | 0.03 | 2 | 0.34 / 0.60 | 0 |
  | 17 | 1692 | 0.05 | 1.007 | 0.981 | 0.882 | 0.96 | 0 | 3 | 0.5 | 2.0 | 0.00 | -1 | 0.29 / 0.45 | 0 |
  | 19 | 1748 | 0.05 | 1.009 | 0.987 | 0.910 | 0.97 | 0 | 3 | 0.7 | 2.1 | 0.00 | 2 | 0.25 / 0.38 | 0 |
  | 22 | 1833 | 0.04 | 1.009 | 1.009 | 0.956 | 1.01 | 0 | 1 | 0.6 | 2.8 | 0.04 | 4 | 0.20 / 0.30 | 0 |
  | 26 | 1945 | 0.03 | 1.011 | 1.022 | 1.006 | 1.02 | 1 | 4 | 0.6 | 2.5 | 0.08 | 10 | 0.15 / 0.23 | 0 |
  | 30 | 1971 | 0.03 | 1.013 | 1.024 | 1.019 | 1.02 | 1 | 7 | 0.7 | 2.8 | 0.06 | 15 | 0.12 / 0.19 | 0 |

  **C1 freeze |tq|>512 only (no ramp freeze)** (J_lo)
  | m/s | Kp_eff | ess | hold | tg0.2 | tg0.5 | +-1 fit | dj ev | stick% | T_hf hold | T_hf sin | hunt p2p | step ov% | hard16 / ref | wraps |
  | 3 | 490 | 0.08 | 1.000 | 1.065 | 1.166 | 1.36 | 9 | 69 | 0.6 | 2.4 | 2.50 | 10 | 1.34 / 1.80 | 0 |
  | 5 | 520 | 0.06 | 0.999 | 1.047 | 1.074 | 1.23 | 5 | 49 | 0.6 | 1.6 | 1.38 | 11 | 1.21 / 1.69 | 0 |
  | 5.5 | 529 | 0.05 | 0.999 | 1.041 | 1.054 | 1.20 | 4 | 41 | 0.6 | 1.3 | 1.08 | 10 | 1.13 / 1.52 | 0 |
  | 6 | 537 | 0.05 | 0.999 | 1.035 | 1.034 | 1.18 | 4 | 38 | 0.6 | 1.3 | 1.13 | 9 | 1.50 / 1.91 | 0 |
  | 7 | 554 | 0.04 | 1.000 | 1.021 | 0.997 | 1.11 | 1 | 26 | 0.6 | 1.2 | 0.98 | 6 | 1.93 / 2.49 | 0 |
  | 8 | 570 | 0.04 | 1.001 | 1.005 | 0.966 | 1.05 | 1 | 16 | 0.6 | 1.1 | 0.60 | 4 | 1.69 / 2.26 | 0 |
  | 10 | 570 | 0.06 | 0.997 | 1.018 | 0.929 | 1.09 | 1 | 15 | 0.5 | 0.8 | 0.83 | 7 | 0.84 / 1.51 | 0 |
  | 11.9 | 570 | 0.06 | 0.995 | 1.029 | 0.846 | 1.11 | 2 | 13 | 0.5 | 0.7 | 0.76 | 9 | 0.43 / 0.98 | 0 |
  | 12.5 | 682 | 0.05 | 0.996 | 1.017 | 0.857 | 1.08 | 2 | 11 | 0.6 | 0.8 | 0.50 | 7 | 0.41 / 0.91 | 0 |
  | 15 | 1243 | 0.04 | 1.005 | 0.990 | 0.882 | 0.99 | 1 | 5 | 0.5 | 1.4 | 0.03 | 2 | 0.34 / 0.60 | 0 |
  | 17 | 1692 | 0.05 | 1.006 | 0.980 | 0.882 | 0.96 | 0 | 3 | 0.5 | 2.0 | 0.00 | -1 | 0.29 / 0.45 | 0 |
  | 19 | 1748 | 0.05 | 1.009 | 0.987 | 0.910 | 0.97 | 0 | 3 | 0.7 | 2.1 | 0.00 | 2 | 0.25 / 0.38 | 0 |
  | 22 | 1833 | 0.04 | 1.009 | 1.009 | 0.955 | 1.01 | 0 | 2 | 0.6 | 2.7 | 0.04 | 5 | 0.20 / 0.30 | 0 |
  | 26 | 1945 | 0.03 | 1.010 | 1.022 | 1.006 | 1.02 | 1 | 3 | 0.6 | 2.5 | 0.09 | 10 | 0.15 / 0.23 | 0 |
  | 30 | 1971 | 0.04 | 1.012 | 1.023 | 1.020 | 1.02 | 1 | 5 | 0.6 | 2.8 | 0.06 | 15 | 0.12 / 0.19 | 0 |

  **C1 freeze |tq|>1024 + ramp** (J_lo)
  | m/s | Kp_eff | ess | hold | tg0.2 | tg0.5 | +-1 fit | dj ev | stick% | T_hf hold | T_hf sin | hunt p2p | step ov% | hard16 / ref | wraps |
  | 3 | 490 | 0.07 | 1.000 | 1.065 | 1.166 | 1.36 | 9 | 67 | 0.6 | 2.4 | 2.50 | 10 | 1.34 / 1.80 | 0 |
  | 5 | 520 | 0.06 | 0.999 | 1.047 | 1.074 | 1.24 | 5 | 50 | 0.5 | 1.6 | 1.39 | 11 | 1.21 / 1.69 | 0 |
  | 5.5 | 529 | 0.05 | 0.999 | 1.041 | 1.054 | 1.21 | 4 | 42 | 0.5 | 1.4 | 1.04 | 10 | 1.13 / 1.52 | 0 |
  | 6 | 537 | 0.05 | 0.999 | 1.035 | 1.034 | 1.18 | 4 | 38 | 0.6 | 1.3 | 1.12 | 9 | 1.49 / 1.91 | 0 |
  | 7 | 554 | 0.03 | 0.999 | 1.021 | 0.997 | 1.12 | 1 | 26 | 0.6 | 1.2 | 0.98 | 6 | 1.92 / 2.49 | 0 |
  | 8 | 570 | 0.03 | 1.001 | 1.005 | 0.966 | 1.05 | 1 | 16 | 0.6 | 1.1 | 0.59 | 4 | 1.69 / 2.26 | 0 |
  | 10 | 570 | 0.06 | 0.997 | 1.018 | 0.929 | 1.09 | 1 | 15 | 0.5 | 0.8 | 0.84 | 7 | 0.84 / 1.51 | 0 |
  | 11.9 | 570 | 0.06 | 0.995 | 1.030 | 0.846 | 1.11 | 2 | 12 | 0.5 | 0.7 | 0.76 | 9 | 0.43 / 0.98 | 0 |
  | 12.5 | 682 | 0.05 | 0.996 | 1.017 | 0.857 | 1.08 | 2 | 11 | 0.6 | 0.8 | 0.50 | 7 | 0.41 / 0.91 | 0 |
  | 15 | 1243 | 0.04 | 1.005 | 0.990 | 0.882 | 0.99 | 1 | 6 | 0.6 | 1.4 | 0.02 | 2 | 0.34 / 0.60 | 0 |
  | 17 | 1692 | 0.05 | 1.007 | 0.980 | 0.882 | 0.96 | 0 | 3 | 0.5 | 2.0 | 0.00 | -1 | 0.29 / 0.45 | 0 |
  | 19 | 1748 | 0.05 | 1.009 | 0.987 | 0.910 | 0.97 | 0 | 3 | 0.7 | 2.1 | 0.01 | 2 | 0.25 / 0.38 | 0 |
  | 22 | 1833 | 0.04 | 1.009 | 1.009 | 0.955 | 1.01 | 0 | 2 | 0.6 | 2.8 | 0.04 | 4 | 0.20 / 0.30 | 0 |
  | 26 | 1945 | 0.03 | 1.011 | 1.022 | 1.006 | 1.02 | 1 | 3 | 0.6 | 2.5 | 0.08 | 10 | 0.15 / 0.23 | 0 |
  | 30 | 1971 | 0.03 | 1.012 | 1.023 | 1.020 | 1.02 | 1 | 7 | 0.6 | 2.9 | 0.06 | 15 | 0.12 / 0.19 | 0 |

  **C1 gains + C0 bleed (1024, tau 64 ms)** (J_lo)
  | m/s | Kp_eff | ess | hold | tg0.2 | tg0.5 | +-1 fit | dj ev | stick% | T_hf hold | T_hf sin | hunt p2p | step ov% | hard16 / ref | wraps |
  | 3 | 490 | 0.08 | 1.000 | 1.065 | 1.166 | 1.35 | 9 | 69 | 0.6 | 2.4 | 2.50 | 10 | 1.33 / 1.80 | 0 |
  | 5 | 520 | 0.05 | 0.999 | 1.047 | 1.074 | 1.23 | 5 | 50 | 0.6 | 1.6 | 1.38 | 11 | 1.22 / 1.69 | 0 |
  | 5.5 | 529 | 0.05 | 0.999 | 1.041 | 1.054 | 1.21 | 4 | 41 | 0.5 | 1.4 | 1.08 | 10 | 1.13 / 1.52 | 0 |
  | 6 | 537 | 0.05 | 0.999 | 1.035 | 1.034 | 1.18 | 4 | 38 | 0.6 | 1.3 | 1.13 | 8 | 1.49 / 1.91 | 0 |
  | 7 | 554 | 0.04 | 0.999 | 1.021 | 0.997 | 1.11 | 1 | 26 | 0.6 | 1.2 | 0.99 | 6 | 1.92 / 2.49 | 0 |
  | 8 | 570 | 0.04 | 0.999 | 1.005 | 0.966 | 1.05 | 1 | 16 | 0.6 | 1.1 | 0.60 | 4 | 1.68 / 2.26 | 0 |
  | 10 | 570 | 0.05 | 0.997 | 1.018 | 0.929 | 1.09 | 1 | 15 | 0.5 | 0.8 | 0.84 | 7 | 0.84 / 1.51 | 0 |
  | 11.9 | 570 | 0.06 | 0.995 | 1.030 | 0.846 | 1.11 | 2 | 12 | 0.5 | 0.6 | 0.77 | 9 | 0.43 / 0.98 | 0 |
  | 12.5 | 682 | 0.05 | 0.996 | 1.017 | 0.857 | 1.07 | 2 | 10 | 0.6 | 0.8 | 0.50 | 7 | 0.41 / 0.91 | 0 |
  | 15 | 1243 | 0.04 | 1.004 | 0.990 | 0.882 | 0.99 | 1 | 5 | 0.6 | 1.4 | 0.02 | 2 | 0.34 / 0.60 | 0 |
  | 17 | 1692 | 0.05 | 1.006 | 0.980 | 0.882 | 0.96 | 0 | 3 | 0.4 | 2.0 | 0.00 | -1 | 0.29 / 0.45 | 0 |
  | 19 | 1748 | 0.05 | 1.009 | 0.987 | 0.910 | 0.97 | 0 | 3 | 0.7 | 2.1 | 0.01 | 2 | 0.25 / 0.38 | 0 |
  | 22 | 1833 | 0.04 | 1.009 | 1.009 | 0.956 | 1.01 | 0 | 1 | 0.6 | 2.7 | 0.04 | 4 | 0.20 / 0.30 | 0 |
  | 26 | 1945 | 0.03 | 1.011 | 1.022 | 1.006 | 1.02 | 1 | 3 | 0.6 | 2.5 | 0.09 | 10 | 0.15 / 0.23 | 0 |
  | 30 | 1971 | 0.04 | 1.013 | 1.023 | 1.020 | 1.02 | 1 | 5 | 0.6 | 2.8 | 0.07 | 15 | 0.12 / 0.19 | 0 |

  **C1 gains, no I policy (control)** (J_lo)
  | m/s | Kp_eff | ess | hold | tg0.2 | tg0.5 | +-1 fit | dj ev | stick% | T_hf hold | T_hf sin | hunt p2p | step ov% | hard16 / ref | wraps |
  | 3 | 490 | 0.07 | 1.000 | 1.065 | 1.166 | 1.36 | 9 | 67 | 0.6 | 2.4 | 2.51 | 10 | 1.33 / 1.80 | 0 |
  | 5 | 520 | 0.06 | 0.999 | 1.047 | 1.074 | 1.24 | 6 | 49 | 0.5 | 1.6 | 1.39 | 11 | 1.21 / 1.69 | 0 |
  | 5.5 | 529 | 0.05 | 0.999 | 1.041 | 1.054 | 1.21 | 4 | 41 | 0.5 | 1.4 | 1.08 | 10 | 1.12 / 1.52 | 0 |
  | 6 | 537 | 0.04 | 0.999 | 1.035 | 1.034 | 1.18 | 4 | 38 | 0.5 | 1.3 | 1.13 | 9 | 1.47 / 1.91 | 0 |
  | 7 | 554 | 0.04 | 1.000 | 1.021 | 0.997 | 1.12 | 1 | 26 | 0.6 | 1.2 | 0.99 | 6 | 1.92 / 2.49 | 0 |
  | 8 | 570 | 0.04 | 1.000 | 1.005 | 0.966 | 1.05 | 1 | 16 | 0.6 | 1.1 | 0.58 | 4 | 1.69 / 2.26 | 0 |
  | 10 | 570 | 0.06 | 0.997 | 1.018 | 0.929 | 1.09 | 1 | 15 | 0.5 | 0.8 | 0.83 | 7 | 0.84 / 1.51 | 0 |
  | 11.9 | 570 | 0.06 | 0.995 | 1.030 | 0.846 | 1.11 | 2 | 12 | 0.5 | 0.7 | 0.76 | 9 | 0.42 / 0.98 | 0 |
  | 12.5 | 682 | 0.05 | 0.996 | 1.017 | 0.857 | 1.08 | 2 | 10 | 0.6 | 0.8 | 0.48 | 7 | 0.41 / 0.91 | 0 |
  | 15 | 1243 | 0.04 | 1.005 | 0.990 | 0.882 | 0.99 | 1 | 5 | 0.6 | 1.4 | 0.03 | 2 | 0.34 / 0.60 | 0 |
  | 17 | 1692 | 0.05 | 1.005 | 0.981 | 0.882 | 0.96 | 0 | 3 | 0.5 | 2.0 | 0.00 | -1 | 0.29 / 0.45 | 0 |
  | 19 | 1748 | 0.04 | 1.009 | 0.987 | 0.910 | 0.97 | 0 | 3 | 0.7 | 2.1 | 0.01 | 2 | 0.24 / 0.38 | 0 |
  | 22 | 1833 | 0.03 | 1.009 | 1.009 | 0.955 | 1.01 | 0 | 2 | 0.6 | 2.8 | 0.04 | 4 | 0.20 / 0.30 | 0 |
  | 26 | 1945 | 0.03 | 1.011 | 1.022 | 1.005 | 1.02 | 1 | 3 | 0.6 | 2.5 | 0.09 | 10 | 0.15 / 0.23 | 0 |
  | 30 | 1971 | 0.04 | 1.014 | 1.023 | 1.020 | 1.02 | 1 | 5 | 0.6 | 2.8 | 0.07 | 15 | 0.12 / 0.19 | 0 |

  **C0 as listed (450/199, bleed 1024)** (J_lo)
  | m/s | Kp_eff | ess | hold | tg0.2 | tg0.5 | +-1 fit | dj ev | stick% | T_hf hold | T_hf sin | hunt p2p | step ov% | hard16 / ref | wraps |
  | 3 | 450 | 0.07 | 1.000 | 1.071 | 1.162 | 1.37 | 8 | 72 | 0.6 | 2.4 | 2.68 | 10 | 1.21 / 1.80 | 0 |
  | 5 | 499 | 0.08 | 0.999 | 1.048 | 1.067 | 1.24 | 7 | 49 | 0.5 | 1.5 | 1.36 | 11 | 1.15 / 1.69 | 0 |
  | 5.5 | 515 | 0.07 | 0.999 | 1.042 | 1.048 | 1.21 | 5 | 44 | 0.5 | 1.3 | 1.08 | 10 | 1.08 / 1.52 | 0 |
  | 6 | 531 | 0.08 | 0.999 | 1.035 | 1.030 | 1.16 | 4 | 40 | 0.5 | 1.3 | 1.08 | 8 | 1.44 / 1.91 | 0 |
  | 7 | 566 | 0.11 | 0.999 | 1.021 | 1.001 | 1.09 | 1 | 28 | 0.6 | 1.0 | 0.92 | 6 | 1.93 / 2.49 | 0 |
  | 8 | 599 | 0.12 | 1.001 | 1.004 | 0.971 | 1.02 | 1 | 15 | 0.6 | 1.1 | 0.49 | 4 | 1.72 / 2.26 | 0 |
  | 10 | 777 | 0.12 | 1.000 | 1.019 | 1.005 | 1.03 | 0 | 14 | 0.6 | 0.9 | 0.51 | 8 | 1.04 / 1.51 | 0 |
  | 11.9 | 946 | 0.04 | 0.996 | 1.031 | 1.023 | 1.07 | 0 | 7 | 0.7 | 1.1 | 0.51 | 9 | 0.67 / 0.98 | 0 |
  | 12.5 | 1000 | 0.05 | 0.996 | 1.021 | 0.987 | 1.05 | 1 | 7 | 0.7 | 1.2 | 0.39 | 7 | 0.61 / 0.91 | 0 |
  | 15 | 1575 | 0.04 | 1.004 | 0.998 | 0.940 | 0.99 | 1 | 5 | 0.6 | 1.9 | 0.02 | 2 | 0.43 / 0.60 | 0 |
  | 17 | 2037 | 0.05 | 1.000 | 0.986 | 0.923 | 0.97 | 0 | 2 | 0.5 | 2.3 | 0.00 | -1 | 0.33 / 0.45 | 0 |
  | 19 | 2498 | 0.04 | 1.009 | 0.996 | 0.976 | 0.98 | 0 | 3 | 0.6 | 3.1 | 0.00 | 3 | 0.33 / 0.38 | 0 |
  | 22 | 2714 | 0.04 | 1.008 | 1.012 | 1.019 | 1.00 | 0 | 3 | 0.8 | 3.5 | 0.00 | 7 | 0.27 / 0.30 | 0 |
  | 26 | 2999 | 0.04 | 1.012 | 1.016 | 1.042 | 1.01 | 0 | 2 | 1.1 | 5.0 | 0.01 | 11 | 0.20 / 0.23 | 0 |
  | 30 | 3001 | 0.04 | 1.016 | 1.017 | 1.056 | 1.01 | 0 | 6 | 1.3 | 5.4 | 0.01 | 16 | 0.17 / 0.19 | 0 |

  **C0 rebased x2 (225/100, bleed 1024)** (J_lo)
  | m/s | Kp_eff | ess | hold | tg0.2 | tg0.5 | +-1 fit | dj ev | stick% | T_hf hold | T_hf sin | hunt p2p | step ov% | hard16 / ref | wraps |
  | 3 | 450 | 0.06 | 1.001 | 1.071 | 1.163 | 1.38 | 8 | 71 | 0.6 | 2.3 | 2.64 | 10 | 1.23 / 1.80 | 0 |
  | 5 | 499 | 0.06 | 0.999 | 1.048 | 1.069 | 1.24 | 8 | 50 | 0.6 | 1.4 | 1.38 | 11 | 1.17 / 1.69 | 0 |
  | 5.5 | 515 | 0.05 | 0.999 | 1.042 | 1.050 | 1.21 | 4 | 44 | 0.6 | 1.3 | 1.12 | 10 | 1.10 / 1.52 | 0 |
  | 6 | 532 | 0.05 | 0.999 | 1.035 | 1.032 | 1.18 | 4 | 37 | 0.6 | 1.3 | 1.13 | 8 | 1.47 / 1.91 | 0 |
  | 7 | 566 | 0.03 | 1.000 | 1.021 | 1.002 | 1.11 | 1 | 26 | 0.7 | 1.1 | 0.96 | 6 | 1.95 / 2.49 | 0 |
  | 8 | 599 | 0.03 | 1.001 | 1.005 | 0.974 | 1.04 | 0 | 16 | 0.7 | 1.0 | 0.57 | 4 | 1.72 / 2.26 | 0 |
  | 10 | 777 | 0.04 | 1.001 | 1.019 | 1.007 | 1.06 | 0 | 9 | 0.6 | 0.9 | 0.58 | 8 | 1.04 / 1.51 | 0 |
  | 11.9 | 947 | 0.05 | 0.996 | 1.029 | 1.028 | 1.07 | 0 | 9 | 0.7 | 1.1 | 0.50 | 10 | 0.66 / 0.98 | 0 |
  | 12.5 | 999 | 0.03 | 1.001 | 1.019 | 0.990 | 1.05 | 1 | 8 | 0.7 | 1.2 | 0.39 | 7 | 0.60 / 0.91 | 0 |
  | 15 | 1577 | 0.04 | 1.004 | 0.998 | 0.944 | 1.00 | 1 | 4 | 0.6 | 1.8 | 0.04 | 2 | 0.44 / 0.60 | 0 |
  | 17 | 2038 | 0.05 | 1.008 | 0.989 | 0.927 | 0.97 | 0 | 2 | 0.8 | 2.1 | 0.00 | -0 | 0.34 / 0.45 | 0 |
  | 19 | 2500 | 0.04 | 1.008 | 0.999 | 0.975 | 0.99 | 0 | 1 | 0.5 | 3.1 | 0.00 | 3 | 0.32 / 0.38 | 0 |
  | 22 | 2714 | 0.04 | 1.009 | 1.010 | 1.014 | 1.00 | 0 | 4 | 0.8 | 3.6 | 0.00 | 7 | 0.26 / 0.30 | 0 |
  | 26 | 3000 | 0.04 | 1.014 | 1.015 | 1.047 | 1.01 | 0 | 1 | 1.3 | 5.0 | 0.02 | 11 | 0.19 / 0.23 | 0 |
  | 30 | 3001 | 0.04 | 1.017 | 1.016 | 1.057 | 1.01 | 0 | 7 | 1.3 | 5.5 | 0.01 | 17 | 0.17 / 0.19 | 0 |

===== member J_hi  (suite robust)
  -- LINE-ONLY
     9/15 C1 (freeze |tq|>512 + ramp<0x8000)             3:stick 5:PASS 5.5:PASS 6:PASS 7:stick 8:PASS 10:PASS 11.9:PASS 12.5:stick 15:track 17:track 19:track 22:PASS 26:PASS 30:PASS
     9/15 C1 freeze |tq|>512 only (no ramp freeze)       3:stick 5:PASS 5.5:PASS 6:PASS 7:stick 8:PASS 10:PASS 11.9:PASS 12.5:stick 15:track 17:track 19:track 22:PASS 26:PASS 30:PASS
     9/15 C1 freeze |tq|>1024 + ramp                     3:stick 5:PASS 5.5:PASS 6:PASS 7:stick 8:PASS 10:PASS 11.9:PASS 12.5:stick 15:track 17:track 19:track 22:PASS 26:PASS 30:PASS
     9/15 C1 gains + C0 bleed (1024, tau 64 ms)          3:stick 5:PASS 5.5:PASS 6:PASS 7:stick 8:PASS 10:PASS 11.9:PASS 12.5:stick 15:track 17:track 19:track 22:PASS 26:PASS 30:PASS
     8/15 C1 gains, no I policy (control)                3:stick 5:PASS 5.5:stick 6:PASS 7:stick 8:PASS 10:PASS 11.9:PASS 12.5:stick 15:track 17:track 19:track 22:PASS 26:PASS 30:PASS
     8/15 C0 as listed (450/199, bleed 1024)             3:stick 5:stick 5.5:PASS 6:PASS 7:stick 8:PASS 10:stick 11.9:stick/track 12.5:PASS 15:PASS 17:track 19:PASS 22:PASS 26:PASS 30:track
     6/15 C0 rebased x2 (225/100, bleed 1024)            3:stick 5:stick 5.5:PASS 6:PASS 7:stick 8:stick 10:stick 11.9:stick/track 12.5:PASS 15:PASS 17:track 19:PASS 22:PASS 26:track 30:track
  -- STRICT (texture gated)
     6/15 C1 (freeze |tq|>512 + ramp<0x8000)             3:stick 5:PASS 5.5:PASS 6:PASS 7:stick 8:PASS 10:PASS 11.9:PASS 12.5:stick 15:track 17:texture/track 19:texture/track 22:texture 26:texture 30:texture
     6/15 C1 freeze |tq|>512 only (no ramp freeze)       3:stick 5:PASS 5.5:PASS 6:PASS 7:stick 8:PASS 10:PASS 11.9:PASS 12.5:stick 15:track 17:track 19:texture/track 22:texture 26:texture 30:texture
     6/15 C1 freeze |tq|>1024 + ramp                     3:stick 5:PASS 5.5:PASS 6:PASS 7:stick 8:PASS 10:PASS 11.9:PASS 12.5:stick 15:track 17:texture/track 19:texture/track 22:texture 26:texture 30:texture
     6/15 C1 gains + C0 bleed (1024, tau 64 ms)          3:stick 5:PASS 5.5:PASS 6:PASS 7:stick 8:PASS 10:PASS 11.9:PASS 12.5:stick 15:track 17:track 19:texture/track 22:texture 26:texture 30:texture
     5/15 C1 gains, no I policy (control)                3:stick 5:PASS 5.5:stick 6:PASS 7:stick 8:PASS 10:PASS 11.9:PASS 12.5:stick 15:track 17:texture/track 19:texture/track 22:texture 26:texture 30:texture
     5/15 C0 as listed (450/199, bleed 1024)             3:texture/stick 5:stick 5.5:PASS 6:PASS 7:stick 8:PASS 10:stick 11.9:stick/track 12.5:PASS 15:PASS 17:texture/track 19:texture 22:texture 26:texture 30:texture/track
     4/15 C0 rebased x2 (225/100, bleed 1024)            3:texture/stick 5:stick 5.5:PASS 6:PASS 7:stick 8:stick 10:stick 11.9:stick/track 12.5:PASS 15:PASS 17:texture/track 19:texture 22:texture 26:texture/track 30:texture/track

  **C1 (freeze |tq|>512 + ramp<0x8000)** (J_hi)
  | m/s | Kp_eff | ess | hold | tg0.2 | tg0.5 | +-1 fit | dj ev | stick% | T_hf hold | T_hf sin | hunt p2p | step ov% | hard16 / ref | wraps |
  | 3 | 490 | 2.09 | 0.977 | 1.067 | 1.166 | 1.40 | 3 | 51 | 0.5 | 2.0 | 3.29 | 14 | 1.18 / 1.80 | 0 |
  | 5 | 520 | 0.96 | 0.981 | 1.044 | 1.103 | 1.24 | 0 | 40 | 0.4 | 0.8 | 1.78 | 23 | 1.23 / 1.69 | 0 |
  | 5.5 | 529 | 0.80 | 0.982 | 1.037 | 1.076 | 1.20 | 0 | 36 | 0.4 | 0.8 | 1.46 | 24 | 1.13 / 1.52 | 0 |
  | 6 | 537 | 0.42 | 0.990 | 1.030 | 1.052 | 1.18 | 0 | 32 | 0.5 | 0.6 | 1.34 | 22 | 1.33 / 1.91 | 0 |
  | 7 | 554 | 0.06 | 0.998 | 1.016 | 1.007 | 1.12 | 3 | 27 | 0.7 | 0.8 | 0.94 | 19 | 1.82 / 2.49 | 0 |
  | 8 | 570 | 0.05 | 0.998 | 1.000 | 0.967 | 1.06 | 0 | 18 | 0.6 | 0.7 | 0.41 | 17 | 1.75 / 2.26 | 0 |
  | 10 | 570 | 0.03 | 1.000 | 1.012 | 0.978 | 1.08 | 0 | 18 | 0.5 | 0.7 | 0.56 | 15 | 1.04 / 1.51 | 0 |
  | 11.9 | 570 | 0.03 | 0.998 | 1.026 | 0.982 | 1.10 | 0 | 19 | 0.4 | 0.6 | 0.55 | 13 | 0.70 / 0.98 | 0 |
  | 12.5 | 682 | 0.03 | 1.001 | 1.015 | 0.952 | 1.07 | 1 | 16 | 0.5 | 0.8 | 0.33 | 10 | 0.69 / 0.91 | 0 |
  | 15 | 1243 | 0.03 | 1.004 | 0.991 | 0.917 | 0.99 | 0 | 9 | 0.5 | 1.4 | 0.00 | 4 | 0.50 / 0.60 | 0 |
  | 17 | 1692 | 0.03 | 0.995 | 0.982 | 0.903 | 0.96 | 0 | 6 | 0.3 | 2.0 | 0.00 | 1 | 0.38 / 0.45 | 0 |
  | 19 | 1748 | 0.05 | 1.009 | 0.987 | 0.931 | 0.97 | 0 | 5 | 0.5 | 2.0 | 0.00 | 3 | 0.31 / 0.38 | 0 |
  | 22 | 1833 | 0.03 | 1.007 | 1.009 | 0.973 | 1.01 | 0 | 2 | 0.7 | 2.7 | 0.03 | 6 | 0.23 / 0.30 | 0 |
  | 26 | 1945 | 0.03 | 1.010 | 1.021 | 1.017 | 1.02 | 0 | 3 | 0.8 | 2.5 | 0.07 | 11 | 0.17 / 0.23 | 0 |
  | 30 | 1971 | 0.03 | 1.011 | 1.023 | 1.033 | 1.02 | 0 | 8 | 0.7 | 2.8 | 0.06 | 16 | 0.14 / 0.19 | 0 |

  **C1 freeze |tq|>512 only (no ramp freeze)** (J_hi)
  | m/s | Kp_eff | ess | hold | tg0.2 | tg0.5 | +-1 fit | dj ev | stick% | T_hf hold | T_hf sin | hunt p2p | step ov% | hard16 / ref | wraps |
  | 3 | 490 | 2.09 | 0.977 | 1.067 | 1.166 | 1.42 | 3 | 53 | 0.5 | 2.0 | 3.29 | 14 | 1.18 / 1.80 | 0 |
  | 5 | 520 | 0.96 | 0.981 | 1.044 | 1.103 | 1.24 | 0 | 40 | 0.5 | 0.8 | 1.79 | 23 | 1.22 / 1.69 | 0 |
  | 5.5 | 529 | 0.81 | 0.982 | 1.037 | 1.076 | 1.21 | 0 | 35 | 0.4 | 0.7 | 1.47 | 24 | 1.14 / 1.52 | 0 |
  | 6 | 537 | 0.41 | 0.990 | 1.030 | 1.052 | 1.18 | 0 | 33 | 0.5 | 0.6 | 1.35 | 22 | 1.33 / 1.91 | 0 |
  | 7 | 554 | 0.06 | 0.998 | 1.015 | 1.007 | 1.12 | 3 | 26 | 0.6 | 0.8 | 0.92 | 19 | 1.82 / 2.49 | 0 |
  | 8 | 570 | 0.06 | 0.998 | 1.000 | 0.967 | 1.06 | 0 | 18 | 0.6 | 0.7 | 0.41 | 17 | 1.75 / 2.26 | 0 |
  | 10 | 570 | 0.03 | 1.000 | 1.012 | 0.978 | 1.08 | 0 | 19 | 0.5 | 0.7 | 0.57 | 15 | 1.04 / 1.51 | 0 |
  | 11.9 | 570 | 0.03 | 0.998 | 1.026 | 0.983 | 1.10 | 0 | 19 | 0.4 | 0.7 | 0.56 | 13 | 0.70 / 0.98 | 0 |
  | 12.5 | 682 | 0.03 | 1.001 | 1.014 | 0.952 | 1.07 | 1 | 16 | 0.5 | 0.8 | 0.34 | 10 | 0.69 / 0.91 | 0 |
  | 15 | 1243 | 0.04 | 1.005 | 0.991 | 0.917 | 0.99 | 0 | 7 | 0.5 | 1.5 | 0.00 | 4 | 0.50 / 0.60 | 0 |
  | 17 | 1692 | 0.02 | 0.996 | 0.981 | 0.904 | 0.96 | 0 | 6 | 0.4 | 2.0 | 0.00 | 1 | 0.37 / 0.45 | 0 |
  | 19 | 1748 | 0.05 | 1.009 | 0.987 | 0.931 | 0.97 | 0 | 3 | 0.6 | 2.1 | 0.00 | 3 | 0.31 / 0.38 | 0 |
  | 22 | 1833 | 0.03 | 1.007 | 1.009 | 0.973 | 1.01 | 0 | 2 | 0.6 | 2.7 | 0.02 | 6 | 0.23 / 0.30 | 0 |
  | 26 | 1945 | 0.03 | 1.009 | 1.021 | 1.017 | 1.02 | 0 | 3 | 0.8 | 2.5 | 0.06 | 11 | 0.17 / 0.23 | 0 |
  | 30 | 1971 | 0.03 | 1.010 | 1.023 | 1.033 | 1.02 | 0 | 10 | 0.7 | 2.8 | 0.06 | 16 | 0.14 / 0.19 | 0 |

  **C1 freeze |tq|>1024 + ramp** (J_hi)
  | m/s | Kp_eff | ess | hold | tg0.2 | tg0.5 | +-1 fit | dj ev | stick% | T_hf hold | T_hf sin | hunt p2p | step ov% | hard16 / ref | wraps |
  | 3 | 490 | 2.09 | 0.977 | 1.067 | 1.166 | 1.42 | 3 | 53 | 0.5 | 2.0 | 3.29 | 14 | 1.19 / 1.80 | 0 |
  | 5 | 520 | 0.96 | 0.981 | 1.044 | 1.103 | 1.24 | 0 | 40 | 0.4 | 0.8 | 1.79 | 23 | 1.23 / 1.69 | 0 |
  | 5.5 | 529 | 0.81 | 0.982 | 1.037 | 1.076 | 1.21 | 0 | 35 | 0.4 | 0.8 | 1.47 | 24 | 1.13 / 1.52 | 0 |
  | 6 | 537 | 0.41 | 0.990 | 1.030 | 1.052 | 1.18 | 0 | 33 | 0.5 | 0.6 | 1.35 | 22 | 1.33 / 1.91 | 0 |
  | 7 | 554 | 0.06 | 0.998 | 1.016 | 1.007 | 1.12 | 3 | 27 | 0.6 | 0.8 | 0.91 | 19 | 1.83 / 2.49 | 0 |
  | 8 | 570 | 0.06 | 0.998 | 1.000 | 0.967 | 1.06 | 0 | 18 | 0.6 | 0.7 | 0.42 | 17 | 1.75 / 2.26 | 0 |
  | 10 | 570 | 0.03 | 1.000 | 1.012 | 0.978 | 1.08 | 0 | 19 | 0.5 | 0.7 | 0.56 | 15 | 1.05 / 1.51 | 0 |
  | 11.9 | 570 | 0.03 | 0.998 | 1.027 | 0.983 | 1.10 | 0 | 19 | 0.4 | 0.6 | 0.54 | 13 | 0.70 / 0.98 | 0 |
  | 12.5 | 682 | 0.04 | 1.000 | 1.015 | 0.952 | 1.07 | 1 | 15 | 0.5 | 0.8 | 0.33 | 10 | 0.68 / 0.91 | 0 |
  | 15 | 1243 | 0.04 | 1.005 | 0.991 | 0.917 | 0.99 | 0 | 9 | 0.4 | 1.4 | 0.00 | 4 | 0.50 / 0.60 | 0 |
  | 17 | 1692 | 0.03 | 0.996 | 0.981 | 0.904 | 0.96 | 0 | 6 | 0.4 | 2.0 | 0.00 | 1 | 0.37 / 0.45 | 0 |
  | 19 | 1748 | 0.05 | 1.008 | 0.988 | 0.931 | 0.97 | 0 | 3 | 0.4 | 2.0 | 0.00 | 3 | 0.32 / 0.38 | 0 |
  | 22 | 1833 | 0.03 | 1.007 | 1.009 | 0.973 | 1.01 | 0 | 1 | 0.7 | 2.6 | 0.03 | 6 | 0.23 / 0.30 | 0 |
  | 26 | 1945 | 0.03 | 1.008 | 1.022 | 1.017 | 1.02 | 0 | 5 | 0.7 | 2.5 | 0.07 | 11 | 0.17 / 0.23 | 0 |
  | 30 | 1971 | 0.03 | 1.010 | 1.023 | 1.033 | 1.02 | 0 | 6 | 0.7 | 2.8 | 0.06 | 16 | 0.14 / 0.19 | 0 |

  **C1 gains + C0 bleed (1024, tau 64 ms)** (J_hi)
  | m/s | Kp_eff | ess | hold | tg0.2 | tg0.5 | +-1 fit | dj ev | stick% | T_hf hold | T_hf sin | hunt p2p | step ov% | hard16 / ref | wraps |
  | 3 | 490 | 2.09 | 0.977 | 1.067 | 1.166 | 1.41 | 3 | 53 | 0.5 | 2.0 | 3.27 | 14 | 1.17 / 1.80 | 0 |
  | 5 | 520 | 0.96 | 0.981 | 1.044 | 1.103 | 1.24 | 0 | 40 | 0.5 | 0.8 | 1.79 | 23 | 1.23 / 1.69 | 0 |
  | 5.5 | 529 | 0.81 | 0.982 | 1.037 | 1.076 | 1.20 | 0 | 36 | 0.4 | 0.8 | 1.46 | 24 | 1.14 / 1.52 | 0 |
  | 6 | 537 | 0.42 | 0.990 | 1.030 | 1.052 | 1.18 | 0 | 33 | 0.5 | 0.6 | 1.34 | 22 | 1.32 / 1.91 | 0 |
  | 7 | 554 | 0.05 | 0.998 | 1.015 | 1.007 | 1.12 | 3 | 27 | 0.7 | 0.8 | 0.93 | 19 | 1.82 / 2.49 | 0 |
  | 8 | 570 | 0.05 | 0.998 | 1.000 | 0.967 | 1.06 | 0 | 18 | 0.6 | 0.7 | 0.41 | 17 | 1.74 / 2.26 | 0 |
  | 10 | 570 | 0.03 | 1.001 | 1.012 | 0.978 | 1.08 | 0 | 19 | 0.5 | 0.7 | 0.56 | 15 | 1.05 / 1.51 | 0 |
  | 11.9 | 570 | 0.03 | 0.999 | 1.026 | 0.983 | 1.10 | 0 | 19 | 0.4 | 0.6 | 0.54 | 13 | 0.70 / 0.98 | 0 |
  | 12.5 | 682 | 0.03 | 1.002 | 1.014 | 0.952 | 1.07 | 1 | 16 | 0.5 | 0.8 | 0.33 | 10 | 0.69 / 0.91 | 0 |
  | 15 | 1243 | 0.04 | 1.004 | 0.991 | 0.917 | 0.99 | 0 | 8 | 0.5 | 1.4 | 0.00 | 3 | 0.49 / 0.60 | 0 |
  | 17 | 1692 | 0.03 | 0.996 | 0.981 | 0.904 | 0.96 | 0 | 6 | 0.4 | 2.0 | 0.00 | 1 | 0.37 / 0.45 | 0 |
  | 19 | 1748 | 0.05 | 1.008 | 0.987 | 0.931 | 0.97 | 0 | 3 | 0.5 | 2.0 | 0.00 | 3 | 0.32 / 0.38 | 0 |
  | 22 | 1833 | 0.03 | 1.007 | 1.009 | 0.973 | 1.01 | 0 | 1 | 0.6 | 2.7 | 0.02 | 6 | 0.23 / 0.30 | 0 |
  | 26 | 1945 | 0.03 | 1.008 | 1.021 | 1.018 | 1.02 | 0 | 4 | 0.8 | 2.5 | 0.08 | 11 | 0.17 / 0.23 | 0 |
  | 30 | 1971 | 0.03 | 1.011 | 1.022 | 1.034 | 1.02 | 0 | 8 | 0.7 | 2.8 | 0.06 | 16 | 0.14 / 0.19 | 0 |

  **C1 gains, no I policy (control)** (J_hi)
  | m/s | Kp_eff | ess | hold | tg0.2 | tg0.5 | +-1 fit | dj ev | stick% | T_hf hold | T_hf sin | hunt p2p | step ov% | hard16 / ref | wraps |
  | 3 | 490 | 2.09 | 0.977 | 1.067 | 1.166 | 1.40 | 3 | 51 | 0.5 | 1.9 | 3.25 | 14 | 1.17 / 1.80 | 0 |
  | 5 | 520 | 0.96 | 0.981 | 1.044 | 1.103 | 1.24 | 0 | 40 | 0.4 | 0.8 | 1.79 | 23 | 1.22 / 1.69 | 0 |
  | 5.5 | 529 | 0.80 | 0.982 | 1.037 | 1.076 | 1.21 | 1 | 37 | 0.4 | 0.8 | 1.46 | 24 | 1.13 / 1.52 | 0 |
  | 6 | 537 | 0.41 | 0.990 | 1.030 | 1.052 | 1.18 | 0 | 33 | 0.5 | 0.6 | 1.35 | 22 | 1.33 / 1.91 | 0 |
  | 7 | 554 | 0.06 | 0.998 | 1.016 | 1.007 | 1.12 | 3 | 27 | 0.6 | 0.8 | 0.91 | 19 | 1.82 / 2.49 | 0 |
  | 8 | 570 | 0.05 | 0.998 | 1.000 | 0.967 | 1.06 | 0 | 18 | 0.6 | 0.7 | 0.42 | 17 | 1.74 / 2.26 | 0 |
  | 10 | 570 | 0.03 | 1.001 | 1.012 | 0.978 | 1.08 | 0 | 19 | 0.5 | 0.7 | 0.57 | 15 | 1.05 / 1.51 | 0 |
  | 11.9 | 570 | 0.03 | 0.999 | 1.027 | 0.983 | 1.10 | 0 | 19 | 0.4 | 0.6 | 0.55 | 13 | 0.70 / 0.98 | 0 |
  | 12.5 | 682 | 0.03 | 1.001 | 1.015 | 0.952 | 1.07 | 1 | 16 | 0.5 | 0.8 | 0.33 | 10 | 0.68 / 0.91 | 0 |
  | 15 | 1243 | 0.04 | 1.005 | 0.991 | 0.917 | 0.99 | 0 | 8 | 0.5 | 1.5 | 0.00 | 4 | 0.49 / 0.60 | 0 |
  | 17 | 1692 | 0.02 | 0.997 | 0.982 | 0.904 | 0.96 | 0 | 6 | 0.4 | 2.0 | 0.00 | 1 | 0.37 / 0.45 | 0 |
  | 19 | 1748 | 0.05 | 1.009 | 0.988 | 0.931 | 0.97 | 0 | 3 | 0.6 | 2.0 | 0.00 | 3 | 0.32 / 0.38 | 0 |
  | 22 | 1833 | 0.03 | 1.007 | 1.009 | 0.973 | 1.01 | 0 | 1 | 0.6 | 2.7 | 0.03 | 6 | 0.23 / 0.30 | 0 |
  | 26 | 1945 | 0.03 | 1.008 | 1.022 | 1.017 | 1.02 | 0 | 5 | 0.8 | 2.5 | 0.07 | 11 | 0.17 / 0.23 | 0 |
  | 30 | 1971 | 0.03 | 1.011 | 1.022 | 1.033 | 1.02 | 0 | 8 | 0.7 | 2.8 | 0.07 | 16 | 0.14 / 0.19 | 0 |

  **C0 as listed (450/199, bleed 1024)** (J_hi)
  | m/s | Kp_eff | ess | hold | tg0.2 | tg0.5 | +-1 fit | dj ev | stick% | T_hf hold | T_hf sin | hunt p2p | step ov% | hard16 / ref | wraps |
  | 3 | 450 | 2.35 | 0.974 | 1.072 | 1.155 | 1.45 | 3 | 52 | 0.4 | 2.0 | 3.58 | 13 | 1.09 / 1.80 | 0 |
  | 5 | 499 | 1.03 | 0.979 | 1.045 | 1.095 | 1.25 | 2 | 42 | 0.4 | 0.8 | 1.85 | 22 | 1.18 / 1.69 | 0 |
  | 5.5 | 515 | 0.86 | 0.981 | 1.038 | 1.070 | 1.21 | 0 | 37 | 0.4 | 0.7 | 1.49 | 23 | 1.11 / 1.52 | 0 |
  | 6 | 531 | 0.42 | 0.989 | 1.030 | 1.048 | 1.17 | 0 | 36 | 0.5 | 0.9 | 1.31 | 22 | 1.32 / 1.91 | 0 |
  | 7 | 566 | 0.07 | 0.998 | 1.016 | 1.010 | 1.10 | 2 | 27 | 0.6 | 0.7 | 0.81 | 20 | 1.84 / 2.49 | 0 |
  | 8 | 599 | 0.08 | 0.997 | 0.999 | 0.974 | 1.04 | 0 | 19 | 0.6 | 0.7 | 0.28 | 18 | 1.82 / 2.26 | 0 |
  | 10 | 777 | 0.12 | 1.002 | 1.015 | 1.029 | 1.03 | 1 | 14 | 0.6 | 1.0 | 0.16 | 26 | 1.51 / 1.51 | 0 |
  | 11.9 | 946 | 0.02 | 1.001 | 1.028 | 1.059 | 1.07 | 2 | 9 | 0.6 | 1.1 | 0.11 | 31 | 1.07 / 0.98 | 0 |
  | 12.5 | 1000 | 0.02 | 1.002 | 1.018 | 1.028 | 1.06 | 0 | 10 | 0.6 | 1.1 | 0.14 | 23 | 0.89 / 0.91 | 0 |
  | 15 | 1575 | 0.04 | 1.003 | 0.997 | 0.964 | 0.99 | 0 | 7 | 0.6 | 1.8 | 0.00 | 12 | 0.59 / 0.60 | 0 |
  | 17 | 2037 | 0.05 | 0.999 | 0.987 | 0.941 | 0.97 | 0 | 2 | 0.7 | 2.2 | 0.00 | 7 | 0.43 / 0.45 | 0 |
  | 19 | 2498 | 0.03 | 1.006 | 0.996 | 0.986 | 0.98 | 0 | 2 | 0.5 | 3.0 | 0.00 | 13 | 0.41 / 0.38 | 0 |
  | 22 | 2714 | 0.02 | 1.004 | 1.011 | 1.025 | 1.00 | 0 | 3 | 0.6 | 3.5 | 0.00 | 16 | 0.31 / 0.30 | 0 |
  | 26 | 2999 | 0.02 | 1.007 | 1.016 | 1.048 | 1.01 | 0 | 5 | 0.6 | 5.2 | 0.00 | 17 | 0.23 / 0.23 | 0 |
  | 30 | 3001 | 0.03 | 1.010 | 1.017 | 1.060 | 1.01 | 0 | 4 | 0.9 | 5.4 | 0.00 | 23 | 0.20 / 0.19 | 0 |

  **C0 rebased x2 (225/100, bleed 1024)** (J_hi)
  | m/s | Kp_eff | ess | hold | tg0.2 | tg0.5 | +-1 fit | dj ev | stick% | T_hf hold | T_hf sin | hunt p2p | step ov% | hard16 / ref | wraps |
  | 3 | 450 | 2.35 | 0.974 | 1.072 | 1.156 | 1.47 | 4 | 58 | 0.4 | 2.1 | 3.54 | 13 | 1.08 / 1.80 | 0 |
  | 5 | 499 | 1.03 | 0.979 | 1.045 | 1.097 | 1.25 | 3 | 43 | 0.4 | 0.8 | 1.90 | 22 | 1.17 / 1.69 | 0 |
  | 5.5 | 515 | 0.85 | 0.981 | 1.038 | 1.072 | 1.21 | 0 | 37 | 0.4 | 0.7 | 1.50 | 23 | 1.12 / 1.52 | 0 |
  | 6 | 532 | 0.43 | 0.989 | 1.030 | 1.050 | 1.18 | 0 | 34 | 0.5 | 0.8 | 1.37 | 22 | 1.32 / 1.91 | 0 |
  | 7 | 566 | 0.05 | 0.998 | 1.016 | 1.011 | 1.12 | 3 | 25 | 0.7 | 0.8 | 0.85 | 20 | 1.86 / 2.49 | 0 |
  | 8 | 599 | 0.07 | 0.998 | 1.001 | 0.977 | 1.05 | 1 | 17 | 0.6 | 0.8 | 0.35 | 19 | 1.82 / 2.26 | 0 |
  | 10 | 777 | 0.02 | 1.001 | 1.015 | 1.030 | 1.06 | 2 | 15 | 0.6 | 0.9 | 0.21 | 26 | 1.50 / 1.51 | 0 |
  | 11.9 | 947 | 0.03 | 1.000 | 1.026 | 1.061 | 1.07 | 2 | 9 | 0.6 | 1.1 | 0.16 | 32 | 1.08 / 0.98 | 0 |
  | 12.5 | 999 | 0.03 | 1.002 | 1.015 | 1.024 | 1.05 | 0 | 9 | 0.6 | 1.2 | 0.16 | 23 | 0.90 / 0.91 | 0 |
  | 15 | 1577 | 0.03 | 1.002 | 0.997 | 0.966 | 1.00 | 0 | 7 | 0.6 | 1.7 | 0.00 | 12 | 0.59 / 0.60 | 0 |
  | 17 | 2038 | 0.04 | 1.003 | 0.990 | 0.943 | 0.97 | 0 | 5 | 0.6 | 2.2 | 0.00 | 7 | 0.44 / 0.45 | 0 |
  | 19 | 2500 | 0.03 | 1.006 | 0.999 | 0.985 | 0.99 | 0 | 2 | 0.5 | 3.2 | 0.00 | 14 | 0.41 / 0.38 | 0 |
  | 22 | 2714 | 0.02 | 1.005 | 1.010 | 1.022 | 1.00 | 0 | 2 | 0.6 | 3.6 | 0.00 | 15 | 0.29 / 0.30 | 0 |
  | 26 | 3000 | 0.03 | 1.008 | 1.015 | 1.052 | 1.01 | 0 | 5 | 0.8 | 5.2 | 0.00 | 17 | 0.22 / 0.23 | 0 |
  | 30 | 3001 | 0.03 | 1.010 | 1.015 | 1.063 | 1.01 | 0 | 4 | 0.9 | 5.4 | 0.00 | 23 | 0.19 / 0.19 | 0 |

===== member b_lo  (suite robust)
  -- LINE-ONLY
     3/15 C1 (freeze |tq|>512 + ramp<0x8000)             3:stick 5:stick 5.5:stick 6:stick 7:PASS 8:stick 10:stick/track 11.9:stick/track 12.5:stick/track 15:track 17:track 19:stick/track 22:track 26:PASS 30:PASS
     3/15 C1 freeze |tq|>512 only (no ramp freeze)       3:stick 5:stick 5.5:stick 6:stick 7:PASS 8:stick 10:stick/track 11.9:stick/track 12.5:track 15:track 17:track 19:stick/track 22:track 26:PASS 30:PASS
     3/15 C1 freeze |tq|>1024 + ramp                     3:stick 5:stick 5.5:stick 6:stick 7:stick 8:PASS 10:stick/track 11.9:stick/track 12.5:track 15:track 17:track 19:track 22:track 26:PASS 30:PASS
     3/15 C1 gains + C0 bleed (1024, tau 64 ms)          3:stick 5:stick 5.5:stick 6:stick 7:PASS 8:stick 10:stick/track 11.9:stick/track 12.5:stick/track 15:track 17:track 19:track 22:track 26:PASS 30:PASS
     3/15 C1 gains, no I policy (control)                3:stick 5:stick 5.5:stick 6:stick 7:PASS 8:stick 10:stick/track 11.9:stick/track 12.5:stick/track 15:track 17:track 19:stick/track 22:track 26:PASS 30:PASS
     8/15 C0 as listed (450/199, bleed 1024)             3:stick 5:stick 5.5:stick 6:stick 7:PASS 8:PASS 10:PASS 11.9:PASS 12.5:PASS 15:stick/track 17:track 19:track 22:PASS 26:PASS 30:PASS
     7/15 C0 rebased x2 (225/100, bleed 1024)            3:stick 5:stick 5.5:stick 6:stick 7:PASS 8:stick 10:PASS 11.9:PASS 12.5:PASS 15:track 17:track 19:track 22:PASS 26:PASS 30:PASS
  -- STRICT (texture gated)
     1/15 C1 (freeze |tq|>512 + ramp<0x8000)             3:texture/stick 5:stick 5.5:stick 6:stick 7:PASS 8:stick 10:stick/track 11.9:stick/track 12.5:stick/track 15:track 17:texture/track 19:texture/stick/track 22:texture/track 26:texture 30:texture
     1/15 C1 freeze |tq|>512 only (no ramp freeze)       3:texture/stick 5:stick 5.5:stick 6:stick 7:PASS 8:stick 10:stick/track 11.9:stick/track 12.5:track 15:track 17:texture/track 19:texture/stick/track 22:texture/track 26:texture 30:texture
     1/15 C1 freeze |tq|>1024 + ramp                     3:texture/stick 5:stick 5.5:stick 6:stick 7:stick 8:PASS 10:stick/track 11.9:stick/track 12.5:track 15:track 17:texture/track 19:texture/track 22:texture/track 26:texture 30:texture
     1/15 C1 gains + C0 bleed (1024, tau 64 ms)          3:texture/stick 5:stick 5.5:stick 6:stick 7:PASS 8:stick 10:stick/track 11.9:stick/track 12.5:stick/track 15:track 17:texture/track 19:texture/track 22:texture/track 26:texture 30:texture
     1/15 C1 gains, no I policy (control)                3:texture/stick 5:stick 5.5:stick 6:stick 7:PASS 8:stick 10:stick/track 11.9:stick/track 12.5:stick/track 15:track 17:texture/track 19:texture/stick/track 22:texture/track 26:texture 30:texture
     5/15 C0 as listed (450/199, bleed 1024)             3:texture/stick 5:stick 5.5:stick 6:stick 7:PASS 8:PASS 10:PASS 11.9:PASS 12.5:PASS 15:stick/track 17:texture/track 19:texture/track 22:texture 26:texture 30:texture
     4/15 C0 rebased x2 (225/100, bleed 1024)            3:texture/stick 5:stick 5.5:stick 6:stick 7:PASS 8:stick 10:PASS 11.9:PASS 12.5:PASS 15:track 17:texture/track 19:texture/track 22:texture 26:texture 30:texture

  **C1 (freeze |tq|>512 + ramp<0x8000)** (b_lo)
  | m/s | Kp_eff | ess | hold | tg0.2 | tg0.5 | +-1 fit | dj ev | stick% | T_hf hold | T_hf sin | hunt p2p | step ov% | hard16 / ref | wraps |
  | 3 | 490 | 0.06 | 1.000 | 1.053 | 1.153 | 1.30 | 6 | 69 | 0.6 | 2.2 | 2.34 | 17 | 1.86 / 1.80 | 0 |
  | 5 | 520 | 0.03 | 1.000 | 1.036 | 1.068 | 1.19 | 6 | 52 | 0.6 | 1.3 | 1.18 | 16 | 1.67 / 1.69 | 0 |
  | 5.5 | 529 | 0.03 | 1.000 | 1.030 | 1.047 | 1.17 | 5 | 45 | 0.5 | 1.3 | 0.88 | 15 | 1.53 / 1.52 | 0 |
  | 6 | 537 | 0.03 | 1.000 | 1.024 | 1.029 | 1.14 | 1 | 40 | 0.6 | 1.1 | 0.88 | 13 | 1.96 / 1.91 | 0 |
  | 7 | 554 | 0.03 | 1.001 | 1.011 | 0.993 | 1.09 | 0 | 28 | 0.7 | 1.1 | 0.72 | 11 | 2.38 / 2.49 | 0 |
  | 8 | 570 | 0.01 | 1.000 | 0.995 | 0.961 | 1.03 | 1 | 16 | 0.6 | 0.9 | 0.32 | 9 | 2.14 / 2.26 | 0 |
  | 10 | 570 | 0.03 | 1.001 | 0.999 | 0.946 | 1.04 | 2 | 17 | 0.5 | 0.7 | 0.17 | 3 | 1.33 / 1.51 | 0 |
  | 11.9 | 570 | 0.04 | 1.001 | 1.004 | 0.925 | 1.04 | 2 | 18 | 0.4 | 0.7 | 0.09 | 1 | 0.76 / 0.98 | 0 |
  | 12.5 | 682 | 0.04 | 1.003 | 0.993 | 0.903 | 1.02 | 1 | 14 | 0.4 | 0.9 | 0.07 | -1 | 0.72 / 0.91 | 0 |
  | 15 | 1243 | 0.04 | 0.996 | 0.972 | 0.878 | 0.95 | 0 | 8 | 0.6 | 1.6 | 0.08 | -1 | 0.53 / 0.60 | 0 |
  | 17 | 1692 | 0.04 | 0.994 | 0.963 | 0.866 | 0.93 | 0 | 8 | 0.7 | 2.3 | 0.08 | -1 | 0.40 / 0.45 | 0 |
  | 19 | 1748 | 0.04 | 0.992 | 0.968 | 0.891 | 0.94 | 1 | 8 | 0.5 | 2.3 | 0.08 | -1 | 0.35 / 0.38 | 0 |
  | 22 | 1833 | 0.04 | 0.990 | 0.988 | 0.933 | 0.96 | 0 | 8 | 0.4 | 2.4 | 0.00 | -0 | 0.27 / 0.30 | 0 |
  | 26 | 1945 | 0.04 | 0.998 | 0.997 | 0.966 | 0.97 | 0 | 11 | 0.2 | 2.5 | 0.00 | 5 | 0.22 / 0.23 | 0 |
  | 30 | 1971 | 0.04 | 1.004 | 0.997 | 0.972 | 0.98 | 0 | 8 | 0.3 | 3.1 | 0.00 | 10 | 0.19 / 0.19 | 0 |

  **C1 freeze |tq|>512 only (no ramp freeze)** (b_lo)
  | m/s | Kp_eff | ess | hold | tg0.2 | tg0.5 | +-1 fit | dj ev | stick% | T_hf hold | T_hf sin | hunt p2p | step ov% | hard16 / ref | wraps |
  | 3 | 490 | 0.06 | 1.000 | 1.053 | 1.153 | 1.30 | 6 | 69 | 0.6 | 2.2 | 2.30 | 17 | 1.86 / 1.80 | 0 |
  | 5 | 520 | 0.03 | 1.000 | 1.036 | 1.068 | 1.19 | 6 | 52 | 0.5 | 1.3 | 1.17 | 16 | 1.67 / 1.69 | 0 |
  | 5.5 | 529 | 0.03 | 1.000 | 1.030 | 1.048 | 1.17 | 5 | 45 | 0.5 | 1.3 | 0.89 | 15 | 1.53 / 1.52 | 0 |
  | 6 | 537 | 0.03 | 1.000 | 1.024 | 1.028 | 1.14 | 1 | 40 | 0.6 | 1.1 | 0.88 | 13 | 1.96 / 1.91 | 0 |
  | 7 | 554 | 0.03 | 1.000 | 1.011 | 0.993 | 1.09 | 0 | 28 | 0.7 | 1.0 | 0.71 | 11 | 2.38 / 2.49 | 0 |
  | 8 | 570 | 0.01 | 1.000 | 0.995 | 0.961 | 1.03 | 2 | 15 | 0.6 | 0.9 | 0.31 | 9 | 2.11 / 2.26 | 0 |
  | 10 | 570 | 0.03 | 1.001 | 0.999 | 0.946 | 1.03 | 2 | 17 | 0.5 | 0.7 | 0.15 | 3 | 1.32 / 1.51 | 0 |
  | 11.9 | 570 | 0.03 | 1.001 | 1.004 | 0.925 | 1.04 | 2 | 18 | 0.4 | 0.7 | 0.07 | 1 | 0.76 / 0.98 | 0 |
  | 12.5 | 682 | 0.04 | 1.003 | 0.993 | 0.903 | 1.02 | 0 | 14 | 0.4 | 0.9 | 0.06 | -1 | 0.73 / 0.91 | 0 |
  | 15 | 1243 | 0.03 | 0.996 | 0.972 | 0.878 | 0.95 | 0 | 8 | 0.6 | 1.6 | 0.08 | -1 | 0.54 / 0.60 | 0 |
  | 17 | 1692 | 0.04 | 0.994 | 0.963 | 0.866 | 0.93 | 0 | 8 | 0.8 | 2.2 | 0.07 | -1 | 0.40 / 0.45 | 0 |
  | 19 | 1748 | 0.04 | 0.993 | 0.968 | 0.891 | 0.94 | 1 | 7 | 0.6 | 2.2 | 0.09 | -1 | 0.35 / 0.38 | 0 |
  | 22 | 1833 | 0.04 | 0.990 | 0.988 | 0.933 | 0.96 | 0 | 7 | 0.4 | 2.3 | 0.00 | -0 | 0.27 / 0.30 | 0 |
  | 26 | 1945 | 0.04 | 0.999 | 0.997 | 0.966 | 0.98 | 0 | 10 | 0.6 | 2.6 | 0.00 | 5 | 0.22 / 0.23 | 0 |
  | 30 | 1971 | 0.04 | 1.005 | 0.997 | 0.972 | 0.98 | 0 | 8 | 0.2 | 3.1 | 0.00 | 10 | 0.19 / 0.19 | 0 |

  **C1 freeze |tq|>1024 + ramp** (b_lo)
  | m/s | Kp_eff | ess | hold | tg0.2 | tg0.5 | +-1 fit | dj ev | stick% | T_hf hold | T_hf sin | hunt p2p | step ov% | hard16 / ref | wraps |
  | 3 | 490 | 0.05 | 1.000 | 1.053 | 1.153 | 1.30 | 6 | 69 | 0.6 | 2.2 | 2.31 | 17 | 1.86 / 1.80 | 0 |
  | 5 | 520 | 0.03 | 1.000 | 1.036 | 1.068 | 1.19 | 6 | 52 | 0.5 | 1.3 | 1.18 | 16 | 1.67 / 1.69 | 0 |
  | 5.5 | 529 | 0.02 | 1.000 | 1.030 | 1.047 | 1.17 | 5 | 45 | 0.5 | 1.3 | 0.87 | 15 | 1.53 / 1.52 | 0 |
  | 6 | 537 | 0.03 | 1.000 | 1.024 | 1.029 | 1.14 | 1 | 40 | 0.6 | 1.1 | 0.89 | 13 | 1.97 / 1.91 | 0 |
  | 7 | 554 | 0.06 | 0.999 | 1.011 | 0.993 | 1.09 | 1 | 28 | 0.7 | 1.0 | 0.69 | 11 | 2.45 / 2.49 | 0 |
  | 8 | 570 | 0.03 | 1.000 | 0.995 | 0.961 | 1.03 | 0 | 15 | 0.6 | 0.9 | 0.32 | 9 | 2.14 / 2.26 | 0 |
  | 10 | 570 | 0.04 | 1.001 | 0.999 | 0.946 | 1.04 | 2 | 17 | 0.5 | 0.7 | 0.14 | 3 | 1.33 / 1.51 | 0 |
  | 11.9 | 570 | 0.04 | 1.001 | 1.004 | 0.925 | 1.04 | 2 | 19 | 0.3 | 0.7 | 0.07 | 1 | 0.76 / 0.98 | 0 |
  | 12.5 | 682 | 0.04 | 1.003 | 0.993 | 0.903 | 1.02 | 0 | 14 | 0.4 | 0.9 | 0.08 | -1 | 0.72 / 0.91 | 0 |
  | 15 | 1243 | 0.03 | 0.996 | 0.972 | 0.879 | 0.95 | 0 | 8 | 0.6 | 1.6 | 0.07 | -1 | 0.54 / 0.60 | 0 |
  | 17 | 1692 | 0.04 | 0.994 | 0.963 | 0.866 | 0.93 | 0 | 8 | 0.7 | 2.3 | 0.07 | -1 | 0.40 / 0.45 | 0 |
  | 19 | 1748 | 0.04 | 0.992 | 0.969 | 0.891 | 0.94 | 0 | 7 | 0.5 | 2.3 | 0.08 | -2 | 0.35 / 0.38 | 0 |
  | 22 | 1833 | 0.04 | 0.990 | 0.988 | 0.934 | 0.96 | 0 | 7 | 0.5 | 2.4 | 0.00 | -0 | 0.27 / 0.30 | 0 |
  | 26 | 1945 | 0.04 | 0.997 | 0.997 | 0.967 | 0.97 | 0 | 10 | 0.6 | 2.6 | 0.00 | 5 | 0.22 / 0.23 | 0 |
  | 30 | 1971 | 0.04 | 1.004 | 0.997 | 0.972 | 0.98 | 0 | 8 | 0.3 | 3.1 | 0.00 | 10 | 0.19 / 0.19 | 0 |

  **C1 gains + C0 bleed (1024, tau 64 ms)** (b_lo)
  | m/s | Kp_eff | ess | hold | tg0.2 | tg0.5 | +-1 fit | dj ev | stick% | T_hf hold | T_hf sin | hunt p2p | step ov% | hard16 / ref | wraps |
  | 3 | 490 | 0.06 | 1.000 | 1.053 | 1.153 | 1.30 | 6 | 69 | 0.6 | 2.2 | 2.33 | 17 | 1.85 / 1.80 | 0 |
  | 5 | 520 | 0.03 | 1.000 | 1.036 | 1.068 | 1.19 | 6 | 52 | 0.6 | 1.3 | 1.17 | 16 | 1.67 / 1.69 | 0 |
  | 5.5 | 529 | 0.02 | 1.000 | 1.030 | 1.048 | 1.17 | 4 | 45 | 0.5 | 1.3 | 0.87 | 15 | 1.53 / 1.52 | 0 |
  | 6 | 537 | 0.03 | 1.000 | 1.024 | 1.029 | 1.14 | 1 | 40 | 0.6 | 1.2 | 0.89 | 13 | 1.96 / 1.91 | 0 |
  | 7 | 554 | 0.03 | 1.000 | 1.011 | 0.993 | 1.09 | 0 | 28 | 0.7 | 1.1 | 0.71 | 11 | 2.38 / 2.49 | 0 |
  | 8 | 570 | 0.02 | 1.000 | 0.995 | 0.961 | 1.03 | 2 | 16 | 0.6 | 0.9 | 0.32 | 9 | 2.14 / 2.26 | 0 |
  | 10 | 570 | 0.03 | 1.001 | 0.999 | 0.946 | 1.03 | 2 | 18 | 0.5 | 0.7 | 0.16 | 3 | 1.33 / 1.51 | 0 |
  | 11.9 | 570 | 0.03 | 1.001 | 1.004 | 0.925 | 1.04 | 2 | 19 | 0.4 | 0.7 | 0.07 | 1 | 0.76 / 0.98 | 0 |
  | 12.5 | 682 | 0.04 | 1.003 | 0.993 | 0.903 | 1.02 | 1 | 14 | 0.4 | 0.9 | 0.07 | -1 | 0.72 / 0.91 | 0 |
  | 15 | 1243 | 0.04 | 0.995 | 0.972 | 0.879 | 0.95 | 0 | 8 | 0.6 | 1.6 | 0.08 | -1 | 0.53 / 0.60 | 0 |
  | 17 | 1692 | 0.04 | 0.994 | 0.963 | 0.866 | 0.93 | 0 | 8 | 0.7 | 2.3 | 0.08 | -1 | 0.40 / 0.45 | 0 |
  | 19 | 1748 | 0.04 | 0.993 | 0.968 | 0.891 | 0.93 | 0 | 7 | 0.6 | 2.2 | 0.08 | -1 | 0.35 / 0.38 | 0 |
  | 22 | 1833 | 0.04 | 0.991 | 0.988 | 0.934 | 0.96 | 0 | 8 | 0.4 | 2.3 | 0.00 | -0 | 0.27 / 0.30 | 0 |
  | 26 | 1945 | 0.05 | 0.997 | 0.997 | 0.967 | 0.97 | 0 | 11 | 0.5 | 2.6 | 0.00 | 5 | 0.22 / 0.23 | 0 |
  | 30 | 1971 | 0.04 | 1.003 | 0.997 | 0.972 | 0.98 | 0 | 8 | 0.3 | 3.1 | 0.00 | 10 | 0.18 / 0.19 | 0 |

  **C1 gains, no I policy (control)** (b_lo)
  | m/s | Kp_eff | ess | hold | tg0.2 | tg0.5 | +-1 fit | dj ev | stick% | T_hf hold | T_hf sin | hunt p2p | step ov% | hard16 / ref | wraps |
  | 3 | 490 | 0.06 | 1.000 | 1.053 | 1.153 | 1.30 | 6 | 69 | 0.6 | 2.3 | 2.31 | 17 | 1.85 / 1.80 | 0 |
  | 5 | 520 | 0.03 | 1.000 | 1.036 | 1.068 | 1.19 | 6 | 52 | 0.5 | 1.3 | 1.18 | 16 | 1.67 / 1.69 | 0 |
  | 5.5 | 529 | 0.02 | 1.000 | 1.030 | 1.047 | 1.17 | 5 | 45 | 0.5 | 1.4 | 0.88 | 15 | 1.52 / 1.52 | 0 |
  | 6 | 537 | 0.03 | 1.000 | 1.024 | 1.029 | 1.14 | 1 | 40 | 0.6 | 1.1 | 0.89 | 13 | 1.96 / 1.91 | 0 |
  | 7 | 554 | 0.03 | 1.000 | 1.011 | 0.993 | 1.09 | 0 | 28 | 0.6 | 1.1 | 0.71 | 11 | 2.38 / 2.49 | 0 |
  | 8 | 570 | 0.01 | 1.000 | 0.995 | 0.961 | 1.03 | 1 | 16 | 0.6 | 0.9 | 0.32 | 9 | 2.13 / 2.26 | 0 |
  | 10 | 570 | 0.03 | 1.001 | 0.999 | 0.946 | 1.04 | 2 | 17 | 0.5 | 0.7 | 0.15 | 3 | 1.32 / 1.51 | 0 |
  | 11.9 | 570 | 0.04 | 1.001 | 1.004 | 0.924 | 1.04 | 2 | 18 | 0.4 | 0.7 | 0.08 | 1 | 0.76 / 0.98 | 0 |
  | 12.5 | 682 | 0.04 | 1.003 | 0.993 | 0.903 | 1.02 | 1 | 14 | 0.4 | 0.9 | 0.08 | -1 | 0.72 / 0.91 | 0 |
  | 15 | 1243 | 0.04 | 0.995 | 0.972 | 0.878 | 0.95 | 0 | 8 | 0.5 | 1.6 | 0.07 | -1 | 0.54 / 0.60 | 0 |
  | 17 | 1692 | 0.04 | 0.994 | 0.963 | 0.866 | 0.93 | 0 | 8 | 0.7 | 2.3 | 0.07 | -1 | 0.39 / 0.45 | 0 |
  | 19 | 1748 | 0.04 | 0.992 | 0.968 | 0.891 | 0.94 | 1 | 7 | 0.5 | 2.2 | 0.07 | -1 | 0.35 / 0.38 | 0 |
  | 22 | 1833 | 0.04 | 0.990 | 0.988 | 0.933 | 0.96 | 0 | 8 | 0.4 | 2.4 | 0.00 | -0 | 0.27 / 0.30 | 0 |
  | 26 | 1945 | 0.04 | 1.001 | 0.997 | 0.967 | 0.97 | 0 | 11 | 0.6 | 2.6 | 0.00 | 5 | 0.22 / 0.23 | 0 |
  | 30 | 1971 | 0.04 | 1.003 | 0.997 | 0.972 | 0.98 | 0 | 9 | 0.3 | 3.1 | 0.00 | 10 | 0.19 / 0.19 | 0 |

  **C0 as listed (450/199, bleed 1024)** (b_lo)
  | m/s | Kp_eff | ess | hold | tg0.2 | tg0.5 | +-1 fit | dj ev | stick% | T_hf hold | T_hf sin | hunt p2p | step ov% | hard16 / ref | wraps |
  | 3 | 450 | 0.08 | 1.002 | 1.057 | 1.156 | 1.29 | 6 | 76 | 0.5 | 2.0 | 2.41 | 15 | 1.73 / 1.80 | 0 |
  | 5 | 499 | 0.11 | 0.999 | 1.037 | 1.064 | 1.19 | 7 | 55 | 0.5 | 1.2 | 1.10 | 15 | 1.60 / 1.69 | 0 |
  | 5.5 | 515 | 0.09 | 1.000 | 1.031 | 1.044 | 1.16 | 3 | 45 | 0.5 | 1.2 | 0.85 | 14 | 1.51 / 1.52 | 0 |
  | 6 | 531 | 0.11 | 1.000 | 1.024 | 1.026 | 1.13 | 1 | 40 | 0.5 | 1.2 | 0.82 | 12 | 1.94 / 1.91 | 0 |
  | 7 | 566 | 0.11 | 1.000 | 1.011 | 0.995 | 1.07 | 0 | 27 | 0.7 | 1.0 | 0.57 | 11 | 2.41 / 2.49 | 0 |
  | 8 | 599 | 0.11 | 1.001 | 0.995 | 0.964 | 1.01 | 0 | 19 | 0.6 | 0.9 | 0.15 | 11 | 2.19 / 2.26 | 0 |
  | 10 | 777 | 0.12 | 1.001 | 1.004 | 0.988 | 1.02 | 0 | 13 | 0.6 | 1.0 | 0.06 | 14 | 1.56 / 1.51 | 0 |
  | 11.9 | 946 | 0.02 | 1.001 | 1.014 | 1.004 | 1.04 | 0 | 12 | 0.5 | 1.3 | 0.07 | 16 | 1.03 / 0.98 | 0 |
  | 12.5 | 1000 | 0.03 | 1.001 | 1.003 | 0.976 | 1.02 | 0 | 9 | 0.5 | 1.2 | 0.02 | 10 | 0.92 / 0.91 | 0 |
  | 15 | 1575 | 0.04 | 0.995 | 0.982 | 0.922 | 0.96 | 1 | 8 | 0.6 | 1.9 | 0.11 | 4 | 0.60 / 0.60 | 0 |
  | 17 | 2037 | 0.04 | 0.994 | 0.971 | 0.904 | 0.94 | 0 | 7 | 0.9 | 2.5 | 0.09 | 1 | 0.43 / 0.45 | 0 |
  | 19 | 2498 | 0.04 | 0.992 | 0.982 | 0.944 | 0.95 | 0 | 8 | 1.4 | 3.2 | 0.02 | 11 | 0.37 / 0.38 | 0 |
  | 22 | 2714 | 0.04 | 0.997 | 0.997 | 0.980 | 0.97 | 0 | 9 | 0.4 | 3.8 | 0.01 | 16 | 0.32 / 0.30 | 0 |
  | 26 | 2999 | 0.03 | 1.009 | 1.000 | 0.997 | 0.98 | 0 | 12 | 0.4 | 5.5 | 0.00 | 21 | 0.26 / 0.23 | 0 |
  | 30 | 3001 | 0.04 | 1.015 | 1.000 | 1.003 | 0.98 | 0 | 9 | 0.6 | 5.6 | 0.00 | 26 | 0.23 / 0.19 | 0 |

  **C0 rebased x2 (225/100, bleed 1024)** (b_lo)
  | m/s | Kp_eff | ess | hold | tg0.2 | tg0.5 | +-1 fit | dj ev | stick% | T_hf hold | T_hf sin | hunt p2p | step ov% | hard16 / ref | wraps |
  | 3 | 450 | 0.06 | 1.003 | 1.057 | 1.157 | 1.31 | 6 | 76 | 0.5 | 2.1 | 2.36 | 15 | 1.73 / 1.80 | 0 |
  | 5 | 499 | 0.03 | 1.000 | 1.036 | 1.065 | 1.20 | 7 | 52 | 0.5 | 1.3 | 1.14 | 15 | 1.60 / 1.69 | 0 |
  | 5.5 | 515 | 0.02 | 1.000 | 1.030 | 1.046 | 1.17 | 5 | 46 | 0.6 | 1.1 | 0.90 | 14 | 1.50 / 1.52 | 0 |
  | 6 | 532 | 0.03 | 1.000 | 1.024 | 1.027 | 1.14 | 1 | 41 | 0.6 | 1.2 | 0.86 | 13 | 1.96 / 1.91 | 0 |
  | 7 | 566 | 0.03 | 1.000 | 1.011 | 0.996 | 1.09 | 0 | 28 | 0.7 | 1.0 | 0.68 | 12 | 2.40 / 2.49 | 0 |
  | 8 | 599 | 0.02 | 1.000 | 0.996 | 0.966 | 1.02 | 1 | 16 | 0.6 | 1.1 | 0.16 | 11 | 2.20 / 2.26 | 0 |
  | 10 | 777 | 0.02 | 1.001 | 1.004 | 0.990 | 1.03 | 0 | 14 | 0.6 | 1.0 | 0.11 | 15 | 1.57 / 1.51 | 0 |
  | 11.9 | 947 | 0.03 | 1.002 | 1.012 | 1.006 | 1.04 | 0 | 12 | 0.5 | 1.1 | 0.09 | 16 | 1.05 / 0.98 | 0 |
  | 12.5 | 999 | 0.03 | 1.002 | 1.000 | 0.973 | 1.02 | 0 | 10 | 0.5 | 1.4 | 0.04 | 10 | 0.94 / 0.91 | 0 |
  | 15 | 1577 | 0.03 | 0.996 | 0.982 | 0.924 | 0.96 | 0 | 6 | 0.7 | 1.8 | 0.12 | 4 | 0.60 / 0.60 | 0 |
  | 17 | 2038 | 0.03 | 0.995 | 0.975 | 0.904 | 0.94 | 0 | 7 | 0.8 | 2.5 | 0.08 | 2 | 0.43 / 0.45 | 0 |
  | 19 | 2500 | 0.04 | 0.992 | 0.985 | 0.944 | 0.95 | 0 | 8 | 0.8 | 3.2 | 0.00 | 11 | 0.38 / 0.38 | 0 |
  | 22 | 2714 | 0.02 | 1.001 | 0.995 | 0.976 | 0.97 | 0 | 11 | 0.4 | 3.6 | 0.00 | 16 | 0.33 / 0.30 | 0 |
  | 26 | 3000 | 0.04 | 1.008 | 0.998 | 0.997 | 0.98 | 0 | 14 | 0.4 | 5.6 | 0.00 | 22 | 0.27 / 0.23 | 0 |
  | 30 | 3001 | 0.04 | 1.009 | 0.998 | 0.998 | 0.98 | 0 | 12 | 0.4 | 5.7 | 0.00 | 26 | 0.22 / 0.19 | 0 |

===== member b_hi  (suite robust)
  -- LINE-ONLY
     4/15 C1 (freeze |tq|>512 + ramp<0x8000)             3:stick 5:stick 5.5:stick 6:stick 7:stick 8:PASS 10:stick/track 11.9:stick/track 12.5:stick/track 15:stick/track 17:track 19:stick/track 22:PASS 26:PASS 30:PASS
     4/15 C1 freeze |tq|>512 only (no ramp freeze)       3:stick 5:stick 5.5:stick 6:stick 7:stick 8:PASS 10:track 11.9:stick/track 12.5:stick/track 15:stick/track 17:track 19:stick/track 22:PASS 26:PASS 30:PASS
     3/15 C1 freeze |tq|>1024 + ramp                     3:stick 5:stick 5.5:stick 6:stick 7:stick 8:PASS 10:track 11.9:stick/track 12.5:stick/track 15:stick/track 17:track 19:stick/track 22:stick 26:PASS 30:PASS
     4/15 C1 gains + C0 bleed (1024, tau 64 ms)          3:stick 5:stick 5.5:stick 6:stick 7:stick 8:PASS 10:stick/track 11.9:stick/track 12.5:stick/track 15:stick/track 17:track 19:stick/track 22:PASS 26:PASS 30:PASS
     4/15 C1 gains, no I policy (control)                3:stick 5:stick 5.5:stick 6:stick 7:stick 8:PASS 10:stick/track 11.9:stick/track 12.5:stick/track 15:stick/track 17:track 19:stick/track 22:PASS 26:PASS 30:PASS
     3/15 C0 as listed (450/199, bleed 1024)             3:stick 5:stick 5.5:stick 6:stick 7:stick 8:PASS 10:PASS 11.9:track 12.5:stick 15:stick 17:track 19:PASS 22:track 26:track 30:track
     4/15 C0 rebased x2 (225/100, bleed 1024)            3:stick 5:stick 5.5:stick 6:stick 7:stick 8:PASS 10:PASS 11.9:stick/track 12.5:stick 15:stick 17:track 19:PASS 22:PASS 26:track 30:track
  -- STRICT (texture gated)
     1/15 C1 (freeze |tq|>512 + ramp<0x8000)             3:texture/stick 5:stick 5.5:stick 6:stick 7:stick 8:PASS 10:stick/track 11.9:stick/track 12.5:stick/track 15:stick/track 17:track 19:texture/stick/track 22:texture 26:texture 30:texture
     1/15 C1 freeze |tq|>512 only (no ramp freeze)       3:texture/stick 5:stick 5.5:stick 6:stick 7:stick 8:PASS 10:track 11.9:stick/track 12.5:stick/track 15:stick/track 17:track 19:texture/stick/track 22:texture 26:texture 30:texture
     1/15 C1 freeze |tq|>1024 + ramp                     3:texture/stick 5:stick 5.5:stick 6:stick 7:stick 8:PASS 10:track 11.9:stick/track 12.5:stick/track 15:stick/track 17:track 19:texture/stick/track 22:texture/stick 26:texture 30:texture
     1/15 C1 gains + C0 bleed (1024, tau 64 ms)          3:texture/stick 5:stick 5.5:stick 6:stick 7:stick 8:PASS 10:stick/track 11.9:stick/track 12.5:stick/track 15:stick/track 17:track 19:texture/stick/track 22:texture 26:texture 30:texture
     1/15 C1 gains, no I policy (control)                3:texture/stick 5:stick 5.5:stick 6:stick 7:stick 8:PASS 10:stick/track 11.9:stick/track 12.5:stick/track 15:stick/track 17:track 19:texture/stick/track 22:texture 26:texture 30:texture
     2/15 C0 as listed (450/199, bleed 1024)             3:texture/stick 5:stick 5.5:stick 6:stick 7:stick 8:PASS 10:PASS 11.9:track 12.5:stick 15:stick 17:texture/track 19:texture 22:texture/track 26:texture/track 30:texture/track
     2/15 C0 rebased x2 (225/100, bleed 1024)            3:texture/stick 5:stick 5.5:stick 6:stick 7:stick 8:PASS 10:PASS 11.9:stick/track 12.5:stick 15:stick 17:texture/track 19:texture 22:texture 26:texture/track 30:texture/track

  **C1 (freeze |tq|>512 + ramp<0x8000)** (b_hi)
  | m/s | Kp_eff | ess | hold | tg0.2 | tg0.5 | +-1 fit | dj ev | stick% | T_hf hold | T_hf sin | hunt p2p | step ov% | hard16 / ref | wraps |
  | 3 | 490 | 0.41 | 1.004 | 1.088 | 1.092 | 1.50 | 6 | 64 | 0.5 | 2.9 | 3.61 | 9 | 1.05 / 1.80 | 0 |
  | 5 | 520 | 0.06 | 1.000 | 1.068 | 1.102 | 1.32 | 6 | 47 | 0.5 | 1.2 | 2.17 | 16 | 1.00 / 1.69 | 0 |
  | 5.5 | 529 | 0.07 | 0.999 | 1.061 | 1.079 | 1.28 | 4 | 42 | 0.5 | 1.0 | 1.77 | 16 | 0.89 / 1.52 | 0 |
  | 6 | 537 | 0.06 | 0.998 | 1.054 | 1.056 | 1.24 | 3 | 37 | 0.6 | 1.0 | 1.94 | 15 | 1.07 / 1.91 | 0 |
  | 7 | 554 | 0.06 | 0.998 | 1.039 | 1.018 | 1.17 | 2 | 27 | 0.7 | 0.8 | 1.90 | 12 | 1.42 / 2.49 | 0 |
  | 8 | 570 | 0.05 | 0.998 | 1.022 | 0.984 | 1.09 | 0 | 14 | 0.6 | 0.7 | 1.35 | 10 | 1.34 / 2.26 | 0 |
  | 10 | 570 | 0.12 | 0.994 | 1.042 | 0.924 | 1.14 | 1 | 12 | 0.5 | 0.7 | 1.47 | 13 | 0.70 / 1.51 | 0 |
  | 11.9 | 570 | 0.15 | 0.989 | 1.062 | 0.806 | 1.18 | 1 | 15 | 0.5 | 0.6 | 1.27 | 14 | 0.37 / 0.98 | 0 |
  | 12.5 | 682 | 0.08 | 0.993 | 1.046 | 0.822 | 1.14 | 1 | 10 | 0.5 | 0.8 | 0.94 | 12 | 0.36 / 0.91 | 0 |
  | 15 | 1243 | 0.04 | 1.000 | 1.013 | 0.872 | 1.04 | 1 | 4 | 0.8 | 1.6 | 0.28 | 7 | 0.27 / 0.60 | 0 |
  | 17 | 1692 | 0.04 | 1.006 | 1.000 | 0.879 | 1.01 | 0 | 4 | 0.9 | 1.8 | 0.14 | 5 | 0.22 / 0.45 | 0 |
  | 19 | 1748 | 0.04 | 1.007 | 1.008 | 0.914 | 1.02 | 1 | 2 | 0.8 | 2.4 | 0.16 | 7 | 0.19 / 0.38 | 0 |
  | 22 | 1833 | 0.03 | 0.999 | 1.030 | 0.956 | 1.04 | 0 | 5 | 0.8 | 2.5 | 0.21 | 10 | 0.15 / 0.30 | 0 |
  | 26 | 1945 | 0.03 | 0.993 | 1.045 | 1.008 | 1.07 | 0 | 5 | 0.8 | 2.8 | 0.21 | 14 | 0.11 / 0.23 | 0 |
  | 30 | 1971 | 0.03 | 0.998 | 1.047 | 1.023 | 1.08 | 0 | 6 | 0.9 | 3.0 | 0.16 | 19 | 0.09 / 0.19 | 0 |

  **C1 freeze |tq|>512 only (no ramp freeze)** (b_hi)
  | m/s | Kp_eff | ess | hold | tg0.2 | tg0.5 | +-1 fit | dj ev | stick% | T_hf hold | T_hf sin | hunt p2p | step ov% | hard16 / ref | wraps |
  | 3 | 490 | 0.42 | 1.004 | 1.088 | 1.092 | 1.50 | 6 | 64 | 0.5 | 3.0 | 3.59 | 9 | 1.05 / 1.80 | 0 |
  | 5 | 520 | 0.06 | 1.000 | 1.067 | 1.102 | 1.32 | 6 | 47 | 0.6 | 1.2 | 2.17 | 16 | 1.01 / 1.69 | 0 |
  | 5.5 | 529 | 0.06 | 0.999 | 1.061 | 1.079 | 1.28 | 5 | 42 | 0.5 | 1.0 | 1.76 | 16 | 0.88 / 1.52 | 0 |
  | 6 | 537 | 0.06 | 0.999 | 1.054 | 1.056 | 1.24 | 3 | 37 | 0.5 | 1.0 | 1.94 | 15 | 1.07 / 1.91 | 0 |
  | 7 | 554 | 0.06 | 0.998 | 1.039 | 1.018 | 1.17 | 2 | 27 | 0.7 | 0.9 | 1.90 | 12 | 1.42 / 2.49 | 0 |
  | 8 | 570 | 0.06 | 0.998 | 1.022 | 0.984 | 1.09 | 0 | 14 | 0.6 | 0.7 | 1.35 | 10 | 1.35 / 2.26 | 0 |
  | 10 | 570 | 0.14 | 0.993 | 1.042 | 0.924 | 1.15 | 0 | 14 | 0.5 | 0.7 | 1.48 | 13 | 0.70 / 1.51 | 0 |
  | 11.9 | 570 | 0.14 | 0.989 | 1.062 | 0.806 | 1.19 | 1 | 13 | 0.5 | 0.6 | 1.27 | 14 | 0.37 / 0.98 | 0 |
  | 12.5 | 682 | 0.08 | 0.993 | 1.046 | 0.822 | 1.14 | 1 | 9 | 0.5 | 0.8 | 0.94 | 12 | 0.36 / 0.91 | 0 |
  | 15 | 1243 | 0.04 | 1.000 | 1.013 | 0.873 | 1.04 | 1 | 4 | 0.8 | 1.5 | 0.29 | 7 | 0.27 / 0.60 | 0 |
  | 17 | 1692 | 0.04 | 1.006 | 1.000 | 0.879 | 1.02 | 0 | 5 | 0.9 | 1.8 | 0.14 | 5 | 0.22 / 0.45 | 0 |
  | 19 | 1748 | 0.04 | 1.007 | 1.008 | 0.914 | 1.02 | 1 | 2 | 0.9 | 2.3 | 0.15 | 7 | 0.19 / 0.38 | 0 |
  | 22 | 1833 | 0.02 | 0.997 | 1.030 | 0.956 | 1.04 | 0 | 5 | 0.8 | 2.5 | 0.20 | 10 | 0.15 / 0.30 | 0 |
  | 26 | 1945 | 0.03 | 0.993 | 1.045 | 1.011 | 1.07 | 0 | 5 | 0.9 | 2.8 | 0.21 | 14 | 0.11 / 0.23 | 0 |
  | 30 | 1971 | 0.03 | 0.993 | 1.045 | 1.024 | 1.08 | 0 | 6 | 0.9 | 2.9 | 0.16 | 19 | 0.09 / 0.19 | 0 |

  **C1 freeze |tq|>1024 + ramp** (b_hi)
  | m/s | Kp_eff | ess | hold | tg0.2 | tg0.5 | +-1 fit | dj ev | stick% | T_hf hold | T_hf sin | hunt p2p | step ov% | hard16 / ref | wraps |
  | 3 | 490 | 0.42 | 1.004 | 1.088 | 1.092 | 1.50 | 6 | 64 | 0.5 | 3.0 | 3.61 | 9 | 1.05 / 1.80 | 0 |
  | 5 | 520 | 0.06 | 1.000 | 1.068 | 1.102 | 1.32 | 5 | 47 | 0.5 | 1.2 | 2.16 | 16 | 1.00 / 1.69 | 0 |
  | 5.5 | 529 | 0.06 | 0.999 | 1.061 | 1.079 | 1.28 | 4 | 42 | 0.5 | 1.0 | 1.76 | 16 | 0.89 / 1.52 | 0 |
  | 6 | 537 | 0.06 | 0.999 | 1.054 | 1.056 | 1.24 | 3 | 37 | 0.5 | 1.0 | 1.94 | 15 | 1.07 / 1.91 | 0 |
  | 7 | 554 | 0.06 | 0.998 | 1.039 | 1.018 | 1.17 | 2 | 27 | 0.7 | 0.9 | 1.90 | 12 | 1.42 / 2.49 | 0 |
  | 8 | 570 | 0.06 | 0.998 | 1.022 | 0.984 | 1.09 | 0 | 14 | 0.6 | 0.7 | 1.35 | 10 | 1.35 / 2.26 | 0 |
  | 10 | 570 | 0.13 | 0.994 | 1.042 | 0.924 | 1.14 | 0 | 13 | 0.5 | 0.7 | 1.48 | 13 | 0.70 / 1.51 | 0 |
  | 11.9 | 570 | 0.14 | 0.989 | 1.062 | 0.807 | 1.19 | 1 | 14 | 0.5 | 0.6 | 1.26 | 14 | 0.37 / 0.98 | 0 |
  | 12.5 | 682 | 0.08 | 0.993 | 1.046 | 0.822 | 1.14 | 1 | 10 | 0.5 | 0.8 | 0.94 | 12 | 0.36 / 0.91 | 0 |
  | 15 | 1243 | 0.04 | 1.000 | 1.013 | 0.872 | 1.04 | 1 | 4 | 0.8 | 1.6 | 0.28 | 7 | 0.27 / 0.60 | 0 |
  | 17 | 1692 | 0.04 | 1.006 | 1.001 | 0.879 | 1.01 | 0 | 3 | 0.9 | 1.8 | 0.13 | 5 | 0.22 / 0.45 | 0 |
  | 19 | 1748 | 0.04 | 1.006 | 1.008 | 0.914 | 1.02 | 1 | 2 | 0.8 | 2.4 | 0.15 | 7 | 0.19 / 0.38 | 0 |
  | 22 | 1833 | 0.03 | 0.997 | 1.030 | 0.956 | 1.04 | 1 | 5 | 0.8 | 2.5 | 0.22 | 10 | 0.15 / 0.30 | 0 |
  | 26 | 1945 | 0.02 | 0.993 | 1.045 | 1.009 | 1.07 | 0 | 5 | 0.8 | 2.8 | 0.21 | 14 | 0.11 / 0.23 | 0 |
  | 30 | 1971 | 0.03 | 0.998 | 1.046 | 1.023 | 1.08 | 0 | 6 | 0.9 | 2.9 | 0.16 | 19 | 0.09 / 0.19 | 0 |

  **C1 gains + C0 bleed (1024, tau 64 ms)** (b_hi)
  | m/s | Kp_eff | ess | hold | tg0.2 | tg0.5 | +-1 fit | dj ev | stick% | T_hf hold | T_hf sin | hunt p2p | step ov% | hard16 / ref | wraps |
  | 3 | 490 | 0.42 | 1.004 | 1.088 | 1.092 | 1.50 | 6 | 64 | 0.5 | 2.9 | 3.59 | 9 | 1.05 / 1.80 | 0 |
  | 5 | 520 | 0.06 | 1.000 | 1.068 | 1.102 | 1.32 | 6 | 47 | 0.5 | 1.2 | 2.16 | 16 | 1.00 / 1.69 | 0 |
  | 5.5 | 529 | 0.06 | 0.999 | 1.061 | 1.079 | 1.28 | 4 | 42 | 0.5 | 1.0 | 1.76 | 16 | 0.90 / 1.52 | 0 |
  | 6 | 537 | 0.06 | 0.998 | 1.054 | 1.056 | 1.24 | 3 | 37 | 0.6 | 1.0 | 1.94 | 15 | 1.06 / 1.91 | 0 |
  | 7 | 554 | 0.06 | 0.998 | 1.039 | 1.018 | 1.17 | 2 | 27 | 0.7 | 0.9 | 1.90 | 12 | 1.42 / 2.49 | 0 |
  | 8 | 570 | 0.06 | 0.998 | 1.022 | 0.984 | 1.09 | 0 | 14 | 0.6 | 0.7 | 1.35 | 10 | 1.35 / 2.26 | 0 |
  | 10 | 570 | 0.13 | 0.994 | 1.042 | 0.924 | 1.15 | 1 | 13 | 0.5 | 0.7 | 1.49 | 13 | 0.70 / 1.51 | 0 |
  | 11.9 | 570 | 0.14 | 0.989 | 1.062 | 0.807 | 1.19 | 1 | 13 | 0.5 | 0.6 | 1.27 | 14 | 0.37 / 0.98 | 0 |
  | 12.5 | 682 | 0.08 | 0.993 | 1.046 | 0.822 | 1.14 | 1 | 9 | 0.6 | 0.8 | 0.94 | 12 | 0.36 / 0.91 | 0 |
  | 15 | 1243 | 0.04 | 1.000 | 1.013 | 0.873 | 1.04 | 1 | 4 | 0.8 | 1.5 | 0.29 | 7 | 0.27 / 0.60 | 0 |
  | 17 | 1692 | 0.04 | 1.006 | 1.000 | 0.879 | 1.01 | 0 | 4 | 0.9 | 1.8 | 0.13 | 5 | 0.22 / 0.45 | 0 |
  | 19 | 1748 | 0.04 | 1.007 | 1.008 | 0.914 | 1.02 | 1 | 2 | 0.8 | 2.3 | 0.16 | 7 | 0.19 / 0.38 | 0 |
  | 22 | 1833 | 0.03 | 0.998 | 1.030 | 0.956 | 1.04 | 0 | 5 | 0.8 | 2.5 | 0.21 | 10 | 0.15 / 0.30 | 0 |
  | 26 | 1945 | 0.03 | 0.993 | 1.045 | 1.010 | 1.07 | 0 | 5 | 0.8 | 2.8 | 0.21 | 14 | 0.11 / 0.23 | 0 |
  | 30 | 1971 | 0.03 | 0.993 | 1.046 | 1.024 | 1.07 | 0 | 6 | 0.9 | 2.9 | 0.17 | 19 | 0.09 / 0.19 | 0 |

  **C1 gains, no I policy (control)** (b_hi)
  | m/s | Kp_eff | ess | hold | tg0.2 | tg0.5 | +-1 fit | dj ev | stick% | T_hf hold | T_hf sin | hunt p2p | step ov% | hard16 / ref | wraps |
  | 3 | 490 | 0.42 | 1.004 | 1.088 | 1.092 | 1.50 | 6 | 64 | 0.5 | 2.9 | 3.59 | 9 | 1.05 / 1.80 | 0 |
  | 5 | 520 | 0.07 | 1.000 | 1.068 | 1.102 | 1.32 | 5 | 47 | 0.5 | 1.2 | 2.17 | 16 | 1.00 / 1.69 | 0 |
  | 5.5 | 529 | 0.06 | 0.999 | 1.061 | 1.079 | 1.28 | 4 | 42 | 0.5 | 1.0 | 1.77 | 16 | 0.88 / 1.52 | 0 |
  | 6 | 537 | 0.06 | 0.999 | 1.054 | 1.056 | 1.24 | 3 | 37 | 0.6 | 1.0 | 1.94 | 15 | 1.07 / 1.91 | 0 |
  | 7 | 554 | 0.06 | 0.998 | 1.039 | 1.018 | 1.17 | 2 | 27 | 0.7 | 0.9 | 1.91 | 12 | 1.42 / 2.49 | 0 |
  | 8 | 570 | 0.05 | 0.998 | 1.022 | 0.984 | 1.09 | 0 | 14 | 0.6 | 0.7 | 1.35 | 10 | 1.34 / 2.26 | 0 |
  | 10 | 570 | 0.13 | 0.994 | 1.042 | 0.924 | 1.14 | 1 | 13 | 0.5 | 0.7 | 1.49 | 13 | 0.71 / 1.51 | 0 |
  | 11.9 | 570 | 0.14 | 0.989 | 1.062 | 0.806 | 1.19 | 1 | 13 | 0.5 | 0.6 | 1.27 | 14 | 0.37 / 0.98 | 0 |
  | 12.5 | 682 | 0.08 | 0.993 | 1.046 | 0.822 | 1.14 | 1 | 9 | 0.6 | 0.8 | 0.94 | 12 | 0.36 / 0.91 | 0 |
  | 15 | 1243 | 0.04 | 1.000 | 1.013 | 0.872 | 1.04 | 1 | 4 | 0.8 | 1.5 | 0.28 | 7 | 0.27 / 0.60 | 0 |
  | 17 | 1692 | 0.04 | 1.006 | 1.001 | 0.879 | 1.01 | 0 | 3 | 0.9 | 1.8 | 0.14 | 5 | 0.22 / 0.45 | 0 |
  | 19 | 1748 | 0.04 | 1.007 | 1.008 | 0.914 | 1.02 | 1 | 2 | 0.8 | 2.3 | 0.16 | 7 | 0.19 / 0.38 | 0 |
  | 22 | 1833 | 0.03 | 0.997 | 1.030 | 0.956 | 1.04 | 0 | 5 | 0.8 | 2.5 | 0.21 | 10 | 0.15 / 0.30 | 0 |
  | 26 | 1945 | 0.02 | 0.993 | 1.045 | 1.009 | 1.07 | 0 | 5 | 0.9 | 2.8 | 0.22 | 14 | 0.11 / 0.23 | 0 |
  | 30 | 1971 | 0.04 | 0.998 | 1.046 | 1.023 | 1.07 | 0 | 6 | 0.9 | 2.9 | 0.16 | 19 | 0.09 / 0.19 | 0 |

  **C0 as listed (450/199, bleed 1024)** (b_hi)
  | m/s | Kp_eff | ess | hold | tg0.2 | tg0.5 | +-1 fit | dj ev | stick% | T_hf hold | T_hf sin | hunt p2p | step ov% | hard16 / ref | wraps |
  | 3 | 450 | 0.45 | 1.005 | 1.096 | 1.067 | 1.55 | 5 | 65 | 0.5 | 2.9 | 3.97 | 9 | 0.96 / 1.80 | 0 |
  | 5 | 499 | 0.08 | 0.999 | 1.070 | 1.089 | 1.34 | 6 | 50 | 0.5 | 1.1 | 2.22 | 16 | 0.95 / 1.69 | 0 |
  | 5.5 | 515 | 0.08 | 0.998 | 1.062 | 1.070 | 1.29 | 4 | 42 | 0.5 | 1.0 | 1.83 | 16 | 0.86 / 1.52 | 0 |
  | 6 | 531 | 0.07 | 0.998 | 1.055 | 1.051 | 1.25 | 3 | 36 | 0.5 | 1.0 | 1.92 | 14 | 1.05 / 1.91 | 0 |
  | 7 | 566 | 0.07 | 0.998 | 1.039 | 1.022 | 1.16 | 2 | 23 | 0.7 | 0.9 | 1.85 | 12 | 1.44 / 2.49 | 0 |
  | 8 | 599 | 0.06 | 0.998 | 1.021 | 0.993 | 1.07 | 0 | 16 | 0.6 | 0.8 | 1.24 | 10 | 1.38 / 2.26 | 0 |
  | 10 | 777 | 0.06 | 0.997 | 1.038 | 1.036 | 1.09 | 0 | 10 | 0.6 | 0.8 | 1.03 | 13 | 0.88 / 1.51 | 0 |
  | 11.9 | 946 | 0.04 | 0.996 | 1.050 | 1.062 | 1.11 | 0 | 10 | 0.7 | 1.0 | 0.81 | 14 | 0.59 / 0.98 | 0 |
  | 12.5 | 1000 | 0.04 | 0.996 | 1.041 | 1.016 | 1.10 | 1 | 9 | 0.7 | 1.1 | 0.74 | 12 | 0.51 / 0.91 | 0 |
  | 15 | 1575 | 0.04 | 1.002 | 1.016 | 0.962 | 1.03 | 1 | 5 | 1.0 | 1.8 | 0.22 | 7 | 0.35 / 0.60 | 0 |
  | 17 | 2037 | 0.03 | 1.004 | 1.004 | 0.944 | 1.01 | 0 | 2 | 0.8 | 2.5 | 0.11 | 6 | 0.27 / 0.45 | 0 |
  | 19 | 2498 | 0.04 | 1.006 | 1.012 | 1.001 | 1.01 | 0 | 1 | 1.1 | 3.3 | 0.09 | 7 | 0.27 / 0.38 | 0 |
  | 22 | 2714 | 0.03 | 1.005 | 1.026 | 1.051 | 1.02 | 0 | 4 | 1.2 | 3.3 | 0.08 | 11 | 0.21 / 0.30 | 0 |
  | 26 | 2999 | 0.04 | 1.009 | 1.032 | 1.078 | 1.03 | 0 | 0 | 1.3 | 4.4 | 0.07 | 13 | 0.17 / 0.23 | 0 |
  | 30 | 3001 | 0.03 | 1.005 | 1.033 | 1.097 | 1.04 | 0 | 6 | 1.2 | 5.1 | 0.08 | 19 | 0.14 / 0.19 | 0 |

  **C0 rebased x2 (225/100, bleed 1024)** (b_hi)
  | m/s | Kp_eff | ess | hold | tg0.2 | tg0.5 | +-1 fit | dj ev | stick% | T_hf hold | T_hf sin | hunt p2p | step ov% | hard16 / ref | wraps |
  | 3 | 450 | 0.44 | 1.005 | 1.096 | 1.068 | 1.53 | 5 | 65 | 0.4 | 2.8 | 3.94 | 9 | 0.97 / 1.80 | 0 |
  | 5 | 499 | 0.07 | 1.000 | 1.070 | 1.092 | 1.34 | 6 | 48 | 0.5 | 1.0 | 2.21 | 16 | 0.98 / 1.69 | 0 |
  | 5.5 | 515 | 0.06 | 0.999 | 1.062 | 1.072 | 1.29 | 6 | 42 | 0.5 | 1.0 | 1.81 | 16 | 0.87 / 1.52 | 0 |
  | 6 | 532 | 0.06 | 0.998 | 1.054 | 1.054 | 1.24 | 3 | 37 | 0.5 | 1.0 | 1.93 | 14 | 1.06 / 1.91 | 0 |
  | 7 | 566 | 0.06 | 0.998 | 1.039 | 1.024 | 1.17 | 1 | 26 | 0.7 | 0.9 | 1.89 | 12 | 1.46 / 2.49 | 0 |
  | 8 | 599 | 0.05 | 0.998 | 1.022 | 0.995 | 1.09 | 0 | 15 | 0.7 | 0.8 | 1.22 | 10 | 1.41 / 2.26 | 0 |
  | 10 | 777 | 0.06 | 0.997 | 1.037 | 1.038 | 1.10 | 0 | 12 | 0.7 | 0.9 | 1.07 | 13 | 0.90 / 1.51 | 0 |
  | 11.9 | 947 | 0.04 | 0.996 | 1.049 | 1.064 | 1.11 | 1 | 10 | 0.7 | 1.1 | 0.84 | 14 | 0.59 / 0.98 | 0 |
  | 12.5 | 999 | 0.05 | 0.996 | 1.039 | 1.016 | 1.09 | 1 | 9 | 0.7 | 1.1 | 0.76 | 12 | 0.52 / 0.91 | 0 |
  | 15 | 1577 | 0.03 | 1.002 | 1.017 | 0.965 | 1.03 | 1 | 5 | 1.0 | 2.0 | 0.25 | 7 | 0.36 / 0.60 | 0 |
  | 17 | 2038 | 0.03 | 1.005 | 1.006 | 0.944 | 1.01 | 0 | 2 | 0.9 | 2.8 | 0.11 | 6 | 0.27 / 0.45 | 0 |
  | 19 | 2500 | 0.04 | 1.007 | 1.015 | 1.005 | 1.01 | 0 | 1 | 1.1 | 3.3 | 0.09 | 8 | 0.26 / 0.38 | 0 |
  | 22 | 2714 | 0.03 | 1.007 | 1.025 | 1.046 | 1.02 | 0 | 4 | 1.2 | 3.3 | 0.09 | 11 | 0.21 / 0.30 | 0 |
  | 26 | 3000 | 0.03 | 1.009 | 1.031 | 1.082 | 1.03 | 0 | 3 | 1.3 | 4.4 | 0.07 | 15 | 0.18 / 0.23 | 0 |
  | 30 | 3001 | 0.03 | 1.013 | 1.032 | 1.094 | 1.03 | 0 | 7 | 1.2 | 5.1 | 0.09 | 19 | 0.15 / 0.19 | 0 |

===== member F_lo  (suite robust)
  -- LINE-ONLY
     9/15 C1 (freeze |tq|>512 + ramp<0x8000)             3:stick 5:PASS 5.5:PASS 6:PASS 7:PASS 8:PASS 10:PASS 11.9:stick/track 12.5:stick/track 15:track 17:track 19:track 22:PASS 26:PASS 30:PASS
     9/15 C1 freeze |tq|>512 only (no ramp freeze)       3:stick 5:PASS 5.5:PASS 6:PASS 7:PASS 8:PASS 10:PASS 11.9:stick/track 12.5:stick/track 15:track 17:track 19:track 22:PASS 26:PASS 30:PASS
     9/15 C1 freeze |tq|>1024 + ramp                     3:stick 5:PASS 5.5:PASS 6:PASS 7:PASS 8:PASS 10:PASS 11.9:stick/track 12.5:stick/track 15:track 17:track 19:track 22:PASS 26:PASS 30:PASS
     9/15 C1 gains + C0 bleed (1024, tau 64 ms)          3:stick 5:PASS 5.5:PASS 6:PASS 7:PASS 8:PASS 10:PASS 11.9:stick/track 12.5:stick/track 15:track 17:track 19:track 22:PASS 26:PASS 30:PASS
     9/15 C1 gains, no I policy (control)                3:stick 5:PASS 5.5:PASS 6:PASS 7:PASS 8:PASS 10:PASS 11.9:stick/track 12.5:stick/track 15:track 17:track 19:track 22:PASS 26:PASS 30:PASS
    12/15 C0 as listed (450/199, bleed 1024)             3:stick 5:PASS 5.5:PASS 6:PASS 7:PASS 8:PASS 10:PASS 11.9:PASS 12.5:PASS 15:track 17:track 19:PASS 22:PASS 26:PASS 30:PASS
    12/15 C0 rebased x2 (225/100, bleed 1024)            3:stick 5:PASS 5.5:PASS 6:PASS 7:PASS 8:PASS 10:PASS 11.9:PASS 12.5:PASS 15:track 17:track 19:PASS 22:PASS 26:PASS 30:PASS
  -- STRICT (texture gated)
     6/15 C1 (freeze |tq|>512 + ramp<0x8000)             3:stick 5:PASS 5.5:PASS 6:PASS 7:PASS 8:PASS 10:PASS 11.9:stick/track 12.5:stick/track 15:track 17:texture/track 19:texture/track 22:texture 26:texture 30:texture
     6/15 C1 freeze |tq|>512 only (no ramp freeze)       3:stick 5:PASS 5.5:PASS 6:PASS 7:PASS 8:PASS 10:PASS 11.9:stick/track 12.5:stick/track 15:track 17:texture/track 19:texture/track 22:texture 26:texture 30:texture
     6/15 C1 freeze |tq|>1024 + ramp                     3:stick 5:PASS 5.5:PASS 6:PASS 7:PASS 8:PASS 10:PASS 11.9:stick/track 12.5:stick/track 15:track 17:texture/track 19:texture/track 22:texture 26:texture 30:texture
     6/15 C1 gains + C0 bleed (1024, tau 64 ms)          3:stick 5:PASS 5.5:PASS 6:PASS 7:PASS 8:PASS 10:PASS 11.9:stick/track 12.5:stick/track 15:track 17:texture/track 19:texture/track 22:texture 26:texture 30:texture
     6/15 C1 gains, no I policy (control)                3:stick 5:PASS 5.5:PASS 6:PASS 7:PASS 8:PASS 10:PASS 11.9:stick/track 12.5:stick/track 15:track 17:texture/track 19:texture/track 22:texture 26:texture 30:texture
     8/15 C0 as listed (450/199, bleed 1024)             3:stick 5:PASS 5.5:PASS 6:PASS 7:PASS 8:PASS 10:PASS 11.9:PASS 12.5:PASS 15:track 17:texture/track 19:texture 22:texture 26:texture 30:texture
     8/15 C0 rebased x2 (225/100, bleed 1024)            3:stick 5:PASS 5.5:PASS 6:PASS 7:PASS 8:PASS 10:PASS 11.9:PASS 12.5:PASS 15:track 17:texture/track 19:texture 22:texture 26:texture 30:texture

  **C1 (freeze |tq|>512 + ramp<0x8000)** (F_lo)
  | m/s | Kp_eff | ess | hold | tg0.2 | tg0.5 | +-1 fit | dj ev | stick% | T_hf hold | T_hf sin | hunt p2p | step ov% | hard16 / ref | wraps |
  | 3 | 490 | 0.07 | 0.999 | 1.056 | 1.176 | 1.27 | 3 | 37 | 0.5 | 1.3 | 2.27 | 12 | 1.35 / 1.80 | 0 |
  | 5 | 520 | 0.05 | 0.999 | 1.037 | 1.083 | 1.17 | 0 | 27 | 0.5 | 1.0 | 1.33 | 15 | 1.33 / 1.69 | 0 |
  | 5.5 | 529 | 0.05 | 0.999 | 1.031 | 1.062 | 1.14 | 0 | 26 | 0.5 | 0.9 | 1.05 | 13 | 1.25 / 1.52 | 0 |
  | 6 | 537 | 0.05 | 0.999 | 1.026 | 1.042 | 1.12 | 0 | 20 | 0.5 | 0.8 | 1.07 | 12 | 1.52 / 1.91 | 0 |
  | 7 | 554 | 0.03 | 1.000 | 1.014 | 1.005 | 1.08 | 0 | 14 | 0.6 | 0.9 | 0.77 | 9 | 1.88 / 2.49 | 0 |
  | 8 | 570 | 0.03 | 1.000 | 1.001 | 0.972 | 1.02 | 0 | 9 | 0.6 | 0.8 | 0.43 | 6 | 1.76 / 2.26 | 0 |
  | 10 | 570 | 0.04 | 0.998 | 1.011 | 0.955 | 1.05 | 0 | 8 | 0.5 | 0.7 | 0.67 | 8 | 0.92 / 1.51 | 0 |
  | 11.9 | 570 | 0.04 | 0.996 | 1.020 | 0.916 | 1.07 | 1 | 8 | 0.5 | 0.7 | 0.66 | 9 | 0.50 / 0.98 | 0 |
  | 12.5 | 682 | 0.04 | 0.997 | 1.009 | 0.901 | 1.05 | 1 | 7 | 0.6 | 0.8 | 0.41 | 6 | 0.48 / 0.91 | 0 |
  | 15 | 1243 | 0.04 | 1.005 | 0.986 | 0.892 | 0.98 | 0 | 2 | 0.5 | 1.5 | 0.02 | 2 | 0.38 / 0.60 | 0 |
  | 17 | 1692 | 0.05 | 1.004 | 0.976 | 0.885 | 0.95 | 0 | 2 | 0.6 | 2.1 | 0.00 | -1 | 0.30 / 0.45 | 0 |
  | 19 | 1748 | 0.05 | 1.009 | 0.982 | 0.913 | 0.96 | 0 | 2 | 0.8 | 2.1 | 0.00 | 2 | 0.25 / 0.38 | 0 |
  | 22 | 1833 | 0.04 | 1.009 | 1.003 | 0.957 | 1.00 | 0 | 1 | 0.6 | 2.6 | 0.00 | 4 | 0.20 / 0.30 | 0 |
  | 26 | 1945 | 0.03 | 1.011 | 1.015 | 1.004 | 1.01 | 0 | 3 | 0.6 | 2.4 | 0.02 | 9 | 0.16 / 0.23 | 0 |
  | 30 | 1971 | 0.04 | 1.014 | 1.016 | 1.022 | 1.02 | 0 | 4 | 0.6 | 2.8 | 0.01 | 13 | 0.13 / 0.19 | 0 |

  **C1 freeze |tq|>512 only (no ramp freeze)** (F_lo)
  | m/s | Kp_eff | ess | hold | tg0.2 | tg0.5 | +-1 fit | dj ev | stick% | T_hf hold | T_hf sin | hunt p2p | step ov% | hard16 / ref | wraps |
  | 3 | 490 | 0.07 | 0.999 | 1.056 | 1.176 | 1.27 | 3 | 37 | 0.6 | 1.3 | 2.26 | 12 | 1.38 / 1.80 | 0 |
  | 5 | 520 | 0.05 | 0.999 | 1.037 | 1.083 | 1.17 | 0 | 27 | 0.5 | 1.0 | 1.33 | 15 | 1.33 / 1.69 | 0 |
  | 5.5 | 529 | 0.05 | 0.999 | 1.031 | 1.062 | 1.14 | 0 | 26 | 0.5 | 0.9 | 1.05 | 13 | 1.25 / 1.52 | 0 |
  | 6 | 537 | 0.03 | 1.000 | 1.026 | 1.042 | 1.12 | 0 | 20 | 0.5 | 0.8 | 1.01 | 12 | 1.49 / 1.91 | 0 |
  | 7 | 554 | 0.03 | 0.999 | 1.013 | 1.005 | 1.08 | 0 | 14 | 0.6 | 0.9 | 0.76 | 9 | 1.88 / 2.49 | 0 |
  | 8 | 570 | 0.03 | 1.000 | 1.001 | 0.972 | 1.02 | 0 | 9 | 0.6 | 0.8 | 0.44 | 6 | 1.75 / 2.26 | 0 |
  | 10 | 570 | 0.04 | 0.998 | 1.011 | 0.955 | 1.05 | 0 | 8 | 0.5 | 0.7 | 0.71 | 8 | 0.92 / 1.51 | 0 |
  | 11.9 | 570 | 0.05 | 0.996 | 1.020 | 0.916 | 1.07 | 1 | 7 | 0.5 | 0.7 | 0.66 | 9 | 0.50 / 0.98 | 0 |
  | 12.5 | 682 | 0.05 | 0.996 | 1.009 | 0.901 | 1.05 | 1 | 7 | 0.6 | 0.8 | 0.40 | 6 | 0.48 / 0.91 | 0 |
  | 15 | 1243 | 0.04 | 1.004 | 0.986 | 0.892 | 0.98 | 0 | 2 | 0.5 | 1.5 | 0.02 | 1 | 0.38 / 0.60 | 0 |
  | 17 | 1692 | 0.05 | 1.002 | 0.976 | 0.885 | 0.95 | 0 | 2 | 0.6 | 2.1 | 0.00 | -1 | 0.30 / 0.45 | 0 |
  | 19 | 1748 | 0.05 | 1.009 | 0.982 | 0.913 | 0.96 | 0 | 2 | 1.1 | 2.1 | 0.01 | 2 | 0.26 / 0.38 | 0 |
  | 22 | 1833 | 0.04 | 1.009 | 1.003 | 0.957 | 1.00 | 0 | 1 | 0.6 | 2.6 | 0.00 | 4 | 0.21 / 0.30 | 0 |
  | 26 | 1945 | 0.04 | 1.011 | 1.015 | 1.005 | 1.01 | 0 | 3 | 0.7 | 2.5 | 0.02 | 9 | 0.16 / 0.23 | 0 |
  | 30 | 1971 | 0.04 | 1.015 | 1.016 | 1.022 | 1.01 | 0 | 7 | 0.6 | 2.8 | 0.00 | 14 | 0.13 / 0.19 | 0 |

  **C1 freeze |tq|>1024 + ramp** (F_lo)
  | m/s | Kp_eff | ess | hold | tg0.2 | tg0.5 | +-1 fit | dj ev | stick% | T_hf hold | T_hf sin | hunt p2p | step ov% | hard16 / ref | wraps |
  | 3 | 490 | 0.07 | 0.999 | 1.056 | 1.176 | 1.27 | 3 | 37 | 0.5 | 1.3 | 2.27 | 12 | 1.37 / 1.80 | 0 |
  | 5 | 520 | 0.05 | 0.999 | 1.037 | 1.083 | 1.17 | 0 | 27 | 0.5 | 1.0 | 1.31 | 15 | 1.32 / 1.69 | 0 |
  | 5.5 | 529 | 0.03 | 0.999 | 1.032 | 1.062 | 1.15 | 0 | 26 | 0.5 | 0.9 | 1.05 | 13 | 1.22 / 1.52 | 0 |
  | 6 | 537 | 0.05 | 0.999 | 1.026 | 1.042 | 1.12 | 0 | 21 | 0.5 | 0.8 | 1.01 | 12 | 1.52 / 1.91 | 0 |
  | 7 | 554 | 0.04 | 0.999 | 1.014 | 1.005 | 1.08 | 0 | 15 | 0.7 | 0.9 | 0.76 | 9 | 1.88 / 2.49 | 0 |
  | 8 | 570 | 0.03 | 1.000 | 1.001 | 0.972 | 1.02 | 0 | 9 | 0.6 | 0.8 | 0.45 | 6 | 1.75 / 2.26 | 0 |
  | 10 | 570 | 0.04 | 0.998 | 1.011 | 0.955 | 1.05 | 0 | 8 | 0.5 | 0.7 | 0.69 | 8 | 0.92 / 1.51 | 0 |
  | 11.9 | 570 | 0.05 | 0.996 | 1.020 | 0.916 | 1.07 | 1 | 7 | 0.5 | 0.7 | 0.66 | 9 | 0.50 / 0.98 | 0 |
  | 12.5 | 682 | 0.05 | 0.996 | 1.009 | 0.901 | 1.05 | 1 | 7 | 0.6 | 0.8 | 0.38 | 6 | 0.48 / 0.91 | 0 |
  | 15 | 1243 | 0.04 | 1.005 | 0.986 | 0.891 | 0.98 | 0 | 2 | 0.5 | 1.5 | 0.02 | 1 | 0.38 / 0.60 | 0 |
  | 17 | 1692 | 0.04 | 1.003 | 0.977 | 0.885 | 0.95 | 0 | 2 | 0.6 | 2.1 | 0.00 | -1 | 0.30 / 0.45 | 0 |
  | 19 | 1748 | 0.05 | 1.009 | 0.982 | 0.913 | 0.96 | 0 | 2 | 1.2 | 2.1 | 0.00 | 2 | 0.25 / 0.38 | 0 |
  | 22 | 1833 | 0.04 | 1.009 | 1.003 | 0.957 | 1.00 | 0 | 1 | 0.6 | 2.6 | 0.01 | 4 | 0.20 / 0.30 | 0 |
  | 26 | 1945 | 0.04 | 1.010 | 1.015 | 1.004 | 1.01 | 0 | 3 | 0.6 | 2.5 | 0.01 | 9 | 0.16 / 0.23 | 0 |
  | 30 | 1971 | 0.04 | 1.015 | 1.016 | 1.022 | 1.01 | 0 | 4 | 0.6 | 2.9 | 0.00 | 14 | 0.12 / 0.19 | 0 |

  **C1 gains + C0 bleed (1024, tau 64 ms)** (F_lo)
  | m/s | Kp_eff | ess | hold | tg0.2 | tg0.5 | +-1 fit | dj ev | stick% | T_hf hold | T_hf sin | hunt p2p | step ov% | hard16 / ref | wraps |
  | 3 | 490 | 0.07 | 0.999 | 1.056 | 1.177 | 1.27 | 3 | 37 | 0.5 | 1.3 | 2.27 | 12 | 1.36 / 1.80 | 0 |
  | 5 | 520 | 0.05 | 0.999 | 1.037 | 1.083 | 1.17 | 0 | 27 | 0.5 | 1.0 | 1.32 | 15 | 1.32 / 1.69 | 0 |
  | 5.5 | 529 | 0.06 | 0.999 | 1.031 | 1.062 | 1.15 | 0 | 26 | 0.5 | 0.9 | 1.05 | 13 | 1.25 / 1.52 | 0 |
  | 6 | 537 | 0.05 | 0.999 | 1.026 | 1.042 | 1.12 | 0 | 20 | 0.5 | 0.8 | 1.03 | 12 | 1.53 / 1.91 | 0 |
  | 7 | 554 | 0.03 | 1.000 | 1.014 | 1.005 | 1.07 | 0 | 15 | 0.6 | 0.9 | 0.77 | 9 | 1.89 / 2.49 | 0 |
  | 8 | 570 | 0.04 | 1.001 | 1.001 | 0.972 | 1.02 | 0 | 9 | 0.6 | 0.8 | 0.44 | 6 | 1.76 / 2.26 | 0 |
  | 10 | 570 | 0.04 | 0.998 | 1.011 | 0.956 | 1.05 | 0 | 8 | 0.5 | 0.7 | 0.67 | 8 | 0.92 / 1.51 | 0 |
  | 11.9 | 570 | 0.05 | 0.996 | 1.020 | 0.916 | 1.07 | 1 | 7 | 0.5 | 0.7 | 0.66 | 9 | 0.50 / 0.98 | 0 |
  | 12.5 | 682 | 0.05 | 0.997 | 1.009 | 0.901 | 1.04 | 1 | 7 | 0.6 | 0.8 | 0.38 | 6 | 0.47 / 0.91 | 0 |
  | 15 | 1243 | 0.04 | 1.005 | 0.986 | 0.892 | 0.98 | 0 | 2 | 0.5 | 1.5 | 0.02 | 1 | 0.38 / 0.60 | 0 |
  | 17 | 1692 | 0.05 | 1.002 | 0.976 | 0.885 | 0.95 | 0 | 2 | 0.6 | 2.1 | 0.00 | -1 | 0.30 / 0.45 | 0 |
  | 19 | 1748 | 0.05 | 1.009 | 0.982 | 0.914 | 0.96 | 0 | 3 | 0.9 | 2.1 | 0.00 | 2 | 0.25 / 0.38 | 0 |
  | 22 | 1833 | 0.04 | 1.009 | 1.003 | 0.957 | 1.00 | 0 | 1 | 0.6 | 2.7 | 0.00 | 4 | 0.20 / 0.30 | 0 |
  | 26 | 1945 | 0.03 | 1.011 | 1.015 | 1.005 | 1.01 | 0 | 3 | 0.7 | 2.5 | 0.02 | 9 | 0.16 / 0.23 | 0 |
  | 30 | 1971 | 0.04 | 1.013 | 1.016 | 1.023 | 1.01 | 0 | 6 | 0.6 | 2.8 | 0.01 | 14 | 0.13 / 0.19 | 0 |

  **C1 gains, no I policy (control)** (F_lo)
  | m/s | Kp_eff | ess | hold | tg0.2 | tg0.5 | +-1 fit | dj ev | stick% | T_hf hold | T_hf sin | hunt p2p | step ov% | hard16 / ref | wraps |
  | 3 | 490 | 0.07 | 0.999 | 1.056 | 1.177 | 1.27 | 3 | 37 | 0.5 | 1.3 | 2.27 | 12 | 1.35 / 1.80 | 0 |
  | 5 | 520 | 0.05 | 0.999 | 1.037 | 1.083 | 1.17 | 0 | 27 | 0.6 | 1.0 | 1.33 | 15 | 1.32 / 1.69 | 0 |
  | 5.5 | 529 | 0.05 | 0.999 | 1.032 | 1.062 | 1.14 | 0 | 26 | 0.5 | 0.9 | 1.06 | 13 | 1.24 / 1.52 | 0 |
  | 6 | 537 | 0.03 | 1.000 | 1.026 | 1.042 | 1.12 | 0 | 20 | 0.5 | 0.8 | 0.98 | 12 | 1.49 / 1.91 | 0 |
  | 7 | 554 | 0.03 | 1.000 | 1.014 | 1.005 | 1.08 | 0 | 14 | 0.6 | 0.9 | 0.77 | 9 | 1.88 / 2.49 | 0 |
  | 8 | 570 | 0.03 | 1.000 | 1.001 | 0.972 | 1.02 | 0 | 9 | 0.6 | 0.8 | 0.45 | 6 | 1.75 / 2.26 | 0 |
  | 10 | 570 | 0.04 | 0.998 | 1.011 | 0.955 | 1.05 | 0 | 8 | 0.5 | 0.7 | 0.68 | 8 | 0.92 / 1.51 | 0 |
  | 11.9 | 570 | 0.05 | 0.996 | 1.020 | 0.916 | 1.07 | 1 | 8 | 0.5 | 0.7 | 0.66 | 9 | 0.50 / 0.98 | 0 |
  | 12.5 | 682 | 0.04 | 0.997 | 1.009 | 0.901 | 1.05 | 1 | 7 | 0.6 | 0.8 | 0.39 | 6 | 0.47 / 0.91 | 0 |
  | 15 | 1243 | 0.04 | 1.005 | 0.986 | 0.892 | 0.97 | 0 | 2 | 0.5 | 1.5 | 0.01 | 2 | 0.37 / 0.60 | 0 |
  | 17 | 1692 | 0.05 | 1.002 | 0.977 | 0.885 | 0.95 | 0 | 2 | 0.6 | 2.1 | 0.00 | -1 | 0.29 / 0.45 | 0 |
  | 19 | 1748 | 0.05 | 1.009 | 0.982 | 0.914 | 0.96 | 0 | 3 | 0.8 | 2.1 | 0.01 | 2 | 0.25 / 0.38 | 0 |
  | 22 | 1833 | 0.04 | 1.009 | 1.003 | 0.956 | 1.00 | 0 | 1 | 0.6 | 2.6 | 0.01 | 4 | 0.20 / 0.30 | 0 |
  | 26 | 1945 | 0.04 | 1.012 | 1.015 | 1.004 | 1.01 | 0 | 3 | 0.7 | 2.5 | 0.02 | 9 | 0.15 / 0.23 | 0 |
  | 30 | 1971 | 0.04 | 1.014 | 1.016 | 1.021 | 1.01 | 0 | 6 | 0.6 | 2.9 | 0.00 | 13 | 0.12 / 0.19 | 0 |

  **C0 as listed (450/199, bleed 1024)** (F_lo)
  | m/s | Kp_eff | ess | hold | tg0.2 | tg0.5 | +-1 fit | dj ev | stick% | T_hf hold | T_hf sin | hunt p2p | step ov% | hard16 / ref | wraps |
  | 3 | 450 | 0.08 | 0.999 | 1.061 | 1.178 | 1.31 | 3 | 41 | 0.5 | 1.1 | 2.61 | 12 | 1.24 / 1.80 | 0 |
  | 5 | 499 | 0.06 | 0.999 | 1.038 | 1.078 | 1.18 | 0 | 27 | 0.5 | 1.0 | 1.35 | 14 | 1.27 / 1.69 | 0 |
  | 5.5 | 515 | 0.06 | 0.999 | 1.032 | 1.058 | 1.14 | 0 | 24 | 0.5 | 1.0 | 1.12 | 13 | 1.21 / 1.52 | 0 |
  | 6 | 531 | 0.11 | 0.999 | 1.026 | 1.039 | 1.11 | 0 | 25 | 0.6 | 0.9 | 0.98 | 11 | 1.48 / 1.91 | 0 |
  | 7 | 566 | 0.12 | 0.999 | 1.014 | 1.008 | 1.05 | 0 | 17 | 0.6 | 0.8 | 0.71 | 9 | 1.91 / 2.49 | 0 |
  | 8 | 599 | 0.11 | 1.000 | 1.000 | 0.977 | 1.00 | 0 | 9 | 0.6 | 0.8 | 0.35 | 7 | 1.81 / 2.26 | 0 |
  | 10 | 777 | 0.12 | 1.001 | 1.014 | 1.014 | 1.01 | 0 | 9 | 0.6 | 1.0 | 0.29 | 9 | 1.18 / 1.51 | 0 |
  | 11.9 | 946 | 0.05 | 0.996 | 1.023 | 1.036 | 1.04 | 0 | 5 | 0.6 | 1.2 | 0.29 | 10 | 0.75 / 0.98 | 0 |
  | 12.5 | 1000 | 0.04 | 0.997 | 1.013 | 1.002 | 1.03 | 0 | 2 | 0.7 | 1.3 | 0.23 | 7 | 0.66 / 0.91 | 0 |
  | 15 | 1575 | 0.04 | 1.005 | 0.993 | 0.944 | 0.98 | 0 | 2 | 0.6 | 1.8 | 0.00 | 2 | 0.46 / 0.60 | 0 |
  | 17 | 2037 | 0.05 | 0.998 | 0.982 | 0.925 | 0.96 | 0 | 2 | 0.6 | 2.5 | 0.00 | -0 | 0.34 / 0.45 | 0 |
  | 19 | 2498 | 0.05 | 1.009 | 0.992 | 0.975 | 0.97 | 0 | 2 | 1.1 | 3.1 | 0.01 | 4 | 0.34 / 0.38 | 0 |
  | 22 | 2714 | 0.04 | 1.010 | 1.007 | 1.014 | 1.00 | 0 | 1 | 1.0 | 3.5 | 0.02 | 8 | 0.29 / 0.30 | 0 |
  | 26 | 2999 | 0.04 | 1.013 | 1.011 | 1.038 | 1.00 | 0 | 3 | 1.3 | 5.3 | 0.01 | 12 | 0.23 / 0.23 | 0 |
  | 30 | 3001 | 0.04 | 1.015 | 1.013 | 1.044 | 1.01 | 0 | 4 | 1.2 | 5.5 | 0.01 | 18 | 0.19 / 0.19 | 0 |

  **C0 rebased x2 (225/100, bleed 1024)** (F_lo)
  | m/s | Kp_eff | ess | hold | tg0.2 | tg0.5 | +-1 fit | dj ev | stick% | T_hf hold | T_hf sin | hunt p2p | step ov% | hard16 / ref | wraps |
  | 3 | 450 | 0.06 | 0.999 | 1.061 | 1.179 | 1.30 | 3 | 40 | 0.5 | 1.3 | 2.58 | 12 | 1.27 / 1.80 | 0 |
  | 5 | 499 | 0.06 | 0.999 | 1.038 | 1.080 | 1.18 | 0 | 29 | 0.5 | 0.9 | 1.43 | 15 | 1.29 / 1.69 | 0 |
  | 5.5 | 515 | 0.05 | 0.999 | 1.032 | 1.059 | 1.15 | 0 | 26 | 0.5 | 0.8 | 1.17 | 13 | 1.23 / 1.52 | 0 |
  | 6 | 532 | 0.05 | 0.999 | 1.026 | 1.041 | 1.12 | 0 | 21 | 0.5 | 0.8 | 1.03 | 12 | 1.53 / 1.91 | 0 |
  | 7 | 566 | 0.03 | 1.000 | 1.014 | 1.009 | 1.07 | 0 | 14 | 0.6 | 0.8 | 0.75 | 9 | 1.91 / 2.49 | 0 |
  | 8 | 599 | 0.03 | 1.001 | 1.001 | 0.979 | 1.02 | 0 | 9 | 0.7 | 0.9 | 0.35 | 7 | 1.81 / 2.26 | 0 |
  | 10 | 777 | 0.04 | 1.001 | 1.013 | 1.015 | 1.03 | 0 | 5 | 0.7 | 1.0 | 0.33 | 9 | 1.19 / 1.51 | 0 |
  | 11.9 | 947 | 0.03 | 1.001 | 1.022 | 1.039 | 1.04 | 0 | 5 | 0.6 | 1.2 | 0.30 | 11 | 0.74 / 0.98 | 0 |
  | 12.5 | 999 | 0.03 | 1.002 | 1.012 | 1.001 | 1.03 | 0 | 3 | 0.7 | 1.4 | 0.24 | 8 | 0.66 / 0.91 | 0 |
  | 15 | 1577 | 0.03 | 1.004 | 0.993 | 0.949 | 0.99 | 0 | 2 | 0.6 | 1.7 | 0.00 | 2 | 0.47 / 0.60 | 0 |
  | 17 | 2038 | 0.04 | 1.007 | 0.985 | 0.928 | 0.96 | 0 | 2 | 0.7 | 2.3 | 0.00 | -0 | 0.36 / 0.45 | 0 |
  | 19 | 2500 | 0.04 | 1.008 | 0.995 | 0.975 | 0.98 | 0 | 1 | 1.1 | 3.1 | 0.01 | 5 | 0.34 / 0.38 | 0 |
  | 22 | 2714 | 0.04 | 1.009 | 1.006 | 1.011 | 1.00 | 0 | 2 | 1.2 | 3.5 | 0.01 | 8 | 0.29 / 0.30 | 0 |
  | 26 | 3000 | 0.05 | 1.012 | 1.010 | 1.041 | 1.00 | 0 | 2 | 1.5 | 5.3 | 0.01 | 12 | 0.23 / 0.23 | 0 |
  | 30 | 3001 | 0.04 | 1.014 | 1.011 | 1.046 | 1.01 | 0 | 6 | 1.5 | 5.7 | 0.02 | 17 | 0.20 / 0.19 | 0 |

===== member F_hi  (suite robust)
  -- LINE-ONLY
     2/15 C1 (freeze |tq|>512 + ramp<0x8000)             3:stick/deadzone 5:stick 5.5:stick 6:stick 7:stick 8:stick 10:stick/track 11.9:stick/track 12.5:stick/track 15:track 17:track 19:track 22:PASS 26:stick 30:PASS
     2/15 C1 freeze |tq|>512 only (no ramp freeze)       3:stick/deadzone 5:stick 5.5:stick 6:stick 7:stick 8:stick 10:stick/track 11.9:stick/track 12.5:stick/track 15:track 17:track 19:track 22:PASS 26:stick 30:PASS
     2/15 C1 freeze |tq|>1024 + ramp                     3:stick/deadzone 5:stick 5.5:stick 6:stick 7:stick 8:stick 10:stick/track 11.9:stick/track 12.5:stick/track 15:track 17:track 19:track 22:PASS 26:stick 30:PASS
     2/15 C1 gains + C0 bleed (1024, tau 64 ms)          3:stick/deadzone 5:stick 5.5:stick 6:stick 7:stick 8:stick 10:stick/track 11.9:stick/track 12.5:stick/track 15:track 17:track 19:track 22:PASS 26:stick 30:PASS
     2/15 C1 gains, no I policy (control)                3:stick/deadzone 5:stick 5.5:stick 6:stick 7:stick 8:stick 10:stick/track 11.9:stick/track 12.5:stick/track 15:track 17:track 19:track 22:PASS 26:stick 30:PASS
     3/15 C0 as listed (450/199, bleed 1024)             3:stick/deadzone 5:stick 5.5:stick 6:stick 7:stick 8:stick 10:stick 11.9:stick 12.5:stick 15:track 17:track 19:PASS 22:PASS 26:PASS 30:track
     3/15 C0 rebased x2 (225/100, bleed 1024)            3:stick/deadzone 5:stick 5.5:stick 6:stick 7:stick 8:PASS 10:stick 11.9:stick 12.5:stick 15:stick 17:track 19:PASS 22:PASS 26:track 30:track
  -- STRICT (texture gated)
     0/15 C1 (freeze |tq|>512 + ramp<0x8000)             3:texture/stick/deadzone 5:stick 5.5:stick 6:stick 7:stick 8:stick 10:stick/track 11.9:stick/track 12.5:stick/track 15:track 17:track 19:texture/track 22:texture 26:texture/stick 30:texture
     0/15 C1 freeze |tq|>512 only (no ramp freeze)       3:texture/stick/deadzone 5:stick 5.5:stick 6:stick 7:stick 8:stick 10:stick/track 11.9:stick/track 12.5:stick/track 15:track 17:track 19:texture/track 22:texture 26:texture/stick 30:texture
     0/15 C1 freeze |tq|>1024 + ramp                     3:texture/stick/deadzone 5:stick 5.5:stick 6:stick 7:stick 8:stick 10:stick/track 11.9:stick/track 12.5:stick/track 15:track 17:texture/track 19:texture/track 22:texture 26:texture/stick 30:texture
     0/15 C1 gains + C0 bleed (1024, tau 64 ms)          3:texture/stick/deadzone 5:stick 5.5:stick 6:stick 7:stick 8:stick 10:stick/track 11.9:stick/track 12.5:stick/track 15:track 17:track 19:texture/track 22:texture 26:texture/stick 30:texture
     0/15 C1 gains, no I policy (control)                3:texture/stick/deadzone 5:stick 5.5:stick 6:stick 7:stick 8:stick 10:stick/track 11.9:stick/track 12.5:stick/track 15:track 17:track 19:texture/track 22:texture 26:texture/stick 30:texture
     0/15 C0 as listed (450/199, bleed 1024)             3:texture/stick/deadzone 5:stick 5.5:stick 6:stick 7:stick 8:stick 10:stick 11.9:stick 12.5:stick 15:track 17:texture/track 19:texture 22:texture 26:texture 30:texture/track
     1/15 C0 rebased x2 (225/100, bleed 1024)            3:texture/stick/deadzone 5:stick 5.5:stick 6:stick 7:stick 8:PASS 10:stick 11.9:stick 12.5:stick 15:stick 17:texture/track 19:texture 22:texture 26:texture/track 30:texture/track

  **C1 (freeze |tq|>512 + ramp<0x8000)** (F_hi)
  | m/s | Kp_eff | ess | hold | tg0.2 | tg0.5 | +-1 fit | dj ev | stick% | T_hf hold | T_hf sin | hunt p2p | step ov% | hard16 / ref | wraps |
  | 3 | 490 | 0.84 | 0.991 | 1.083 | 1.152 | 0.00 | 2 | 100 | 0.5 | 2.6 | 3.47 | 8 | 1.73 / 1.80 | 0 |
  | 5 | 520 | 0.12 | 0.998 | 1.065 | 1.088 | 1.22 | 6 | 84 | 0.5 | 1.4 | 1.56 | 12 | 1.62 / 1.69 | 0 |
  | 5.5 | 529 | 0.07 | 1.002 | 1.058 | 1.066 | 1.24 | 6 | 73 | 0.5 | 1.4 | 1.38 | 11 | 1.35 / 1.52 | 0 |
  | 6 | 537 | 0.41 | 1.006 | 1.051 | 1.044 | 1.23 | 8 | 66 | 0.5 | 1.2 | 1.32 | 9 | 1.44 / 1.91 | 0 |
  | 7 | 554 | 0.03 | 0.999 | 1.034 | 1.008 | 1.18 | 6 | 51 | 0.7 | 1.2 | 1.15 | 7 | 2.05 / 2.49 | 0 |
  | 8 | 570 | 0.03 | 1.000 | 1.013 | 0.977 | 1.10 | 2 | 30 | 0.7 | 1.0 | 0.70 | 5 | 1.93 / 2.26 | 0 |
  | 10 | 570 | 0.05 | 0.997 | 1.029 | 0.948 | 1.14 | 4 | 29 | 0.5 | 0.9 | 0.74 | 6 | 1.01 / 1.51 | 0 |
  | 11.9 | 570 | 0.06 | 0.996 | 1.047 | 0.881 | 1.17 | 4 | 28 | 0.5 | 0.7 | 0.66 | 7 | 0.50 / 0.98 | 0 |
  | 12.5 | 682 | 0.05 | 0.997 | 1.032 | 0.878 | 1.12 | 4 | 24 | 0.6 | 0.8 | 0.40 | 5 | 0.48 / 0.91 | 0 |
  | 15 | 1243 | 0.04 | 1.005 | 1.000 | 0.887 | 1.01 | 0 | 12 | 0.6 | 1.4 | 0.09 | 1 | 0.38 / 0.60 | 0 |
  | 17 | 1692 | 0.05 | 1.002 | 0.987 | 0.886 | 0.97 | 0 | 7 | 0.5 | 2.0 | 0.00 | -1 | 0.31 / 0.45 | 0 |
  | 19 | 1748 | 0.04 | 1.009 | 0.994 | 0.915 | 0.99 | 0 | 7 | 0.8 | 2.0 | 0.01 | 2 | 0.26 / 0.38 | 0 |
  | 22 | 1833 | 0.04 | 1.009 | 1.015 | 0.958 | 1.02 | 0 | 5 | 0.6 | 2.5 | 0.04 | 4 | 0.22 / 0.30 | 0 |
  | 26 | 1945 | 0.03 | 1.011 | 1.030 | 1.014 | 1.02 | 1 | 5 | 0.6 | 2.5 | 0.06 | 8 | 0.17 / 0.23 | 0 |
  | 30 | 1971 | 0.04 | 1.014 | 1.031 | 1.028 | 1.03 | 0 | 10 | 0.7 | 2.9 | 0.05 | 13 | 0.15 / 0.19 | 0 |

  **C1 freeze |tq|>512 only (no ramp freeze)** (F_hi)
  | m/s | Kp_eff | ess | hold | tg0.2 | tg0.5 | +-1 fit | dj ev | stick% | T_hf hold | T_hf sin | hunt p2p | step ov% | hard16 / ref | wraps |
  | 3 | 490 | 0.84 | 0.991 | 1.083 | 1.152 | 0.00 | 2 | 100 | 0.5 | 2.7 | 3.48 | 8 | 1.73 / 1.80 | 0 |
  | 5 | 520 | 0.12 | 0.998 | 1.065 | 1.088 | 1.22 | 6 | 84 | 0.5 | 1.4 | 1.56 | 12 | 1.62 / 1.69 | 0 |
  | 5.5 | 529 | 0.07 | 1.001 | 1.058 | 1.066 | 1.24 | 6 | 73 | 0.5 | 1.4 | 1.38 | 11 | 1.35 / 1.52 | 0 |
  | 6 | 537 | 0.41 | 1.007 | 1.051 | 1.044 | 1.23 | 8 | 67 | 0.5 | 1.2 | 1.29 | 9 | 1.44 / 1.91 | 0 |
  | 7 | 554 | 0.03 | 1.000 | 1.034 | 1.008 | 1.17 | 5 | 51 | 0.7 | 1.2 | 1.15 | 7 | 2.05 / 2.49 | 0 |
  | 8 | 570 | 0.03 | 0.999 | 1.013 | 0.977 | 1.10 | 2 | 29 | 0.6 | 1.0 | 0.70 | 5 | 1.92 / 2.26 | 0 |
  | 10 | 570 | 0.05 | 0.997 | 1.029 | 0.948 | 1.14 | 4 | 29 | 0.5 | 0.9 | 0.75 | 7 | 1.00 / 1.51 | 0 |
  | 11.9 | 570 | 0.06 | 0.996 | 1.047 | 0.881 | 1.17 | 4 | 26 | 0.5 | 0.7 | 0.65 | 7 | 0.50 / 0.98 | 0 |
  | 12.5 | 682 | 0.05 | 0.997 | 1.032 | 0.878 | 1.12 | 4 | 25 | 0.5 | 0.7 | 0.39 | 5 | 0.48 / 0.91 | 0 |
  | 15 | 1243 | 0.04 | 1.005 | 1.000 | 0.888 | 1.02 | 0 | 12 | 0.6 | 1.4 | 0.09 | 1 | 0.38 / 0.60 | 0 |
  | 17 | 1692 | 0.04 | 1.001 | 0.987 | 0.886 | 0.98 | 0 | 8 | 0.5 | 2.0 | 0.00 | -1 | 0.31 / 0.45 | 0 |
  | 19 | 1748 | 0.05 | 1.008 | 0.993 | 0.915 | 0.99 | 0 | 7 | 0.8 | 2.0 | 0.01 | 2 | 0.26 / 0.38 | 0 |
  | 22 | 1833 | 0.04 | 1.009 | 1.015 | 0.958 | 1.02 | 0 | 5 | 0.6 | 2.5 | 0.04 | 4 | 0.22 / 0.30 | 0 |
  | 26 | 1945 | 0.03 | 1.011 | 1.030 | 1.013 | 1.02 | 1 | 5 | 0.7 | 2.5 | 0.07 | 8 | 0.17 / 0.23 | 0 |
  | 30 | 1971 | 0.04 | 1.014 | 1.031 | 1.028 | 1.03 | 0 | 10 | 0.7 | 2.9 | 0.06 | 13 | 0.15 / 0.19 | 0 |

  **C1 freeze |tq|>1024 + ramp** (F_hi)
  | m/s | Kp_eff | ess | hold | tg0.2 | tg0.5 | +-1 fit | dj ev | stick% | T_hf hold | T_hf sin | hunt p2p | step ov% | hard16 / ref | wraps |
  | 3 | 490 | 0.84 | 0.991 | 1.083 | 1.152 | 0.00 | 2 | 100 | 0.5 | 2.7 | 3.47 | 8 | 1.73 / 1.80 | 0 |
  | 5 | 520 | 0.12 | 0.998 | 1.065 | 1.088 | 1.22 | 6 | 84 | 0.5 | 1.4 | 1.55 | 12 | 1.63 / 1.69 | 0 |
  | 5.5 | 529 | 0.07 | 1.001 | 1.058 | 1.066 | 1.24 | 6 | 73 | 0.5 | 1.4 | 1.37 | 11 | 1.35 / 1.52 | 0 |
  | 6 | 537 | 0.41 | 1.006 | 1.051 | 1.044 | 1.23 | 8 | 69 | 0.5 | 1.2 | 1.32 | 9 | 1.44 / 1.91 | 0 |
  | 7 | 554 | 0.03 | 1.000 | 1.034 | 1.008 | 1.18 | 5 | 50 | 0.7 | 1.2 | 1.15 | 7 | 2.05 / 2.49 | 0 |
  | 8 | 570 | 0.04 | 1.000 | 1.013 | 0.977 | 1.10 | 2 | 30 | 0.6 | 1.0 | 0.70 | 5 | 1.93 / 2.26 | 0 |
  | 10 | 570 | 0.05 | 0.997 | 1.029 | 0.948 | 1.14 | 4 | 29 | 0.5 | 0.9 | 0.75 | 6 | 1.01 / 1.51 | 0 |
  | 11.9 | 570 | 0.05 | 0.996 | 1.047 | 0.881 | 1.17 | 4 | 27 | 0.5 | 0.7 | 0.65 | 7 | 0.50 / 0.98 | 0 |
  | 12.5 | 682 | 0.04 | 0.997 | 1.032 | 0.878 | 1.13 | 4 | 24 | 0.5 | 0.7 | 0.39 | 5 | 0.47 / 0.91 | 0 |
  | 15 | 1243 | 0.04 | 1.005 | 1.000 | 0.888 | 1.02 | 0 | 12 | 0.6 | 1.4 | 0.09 | 1 | 0.38 / 0.60 | 0 |
  | 17 | 1692 | 0.05 | 1.001 | 0.987 | 0.886 | 0.98 | 0 | 7 | 0.5 | 2.0 | 0.00 | -1 | 0.31 / 0.45 | 0 |
  | 19 | 1748 | 0.04 | 1.008 | 0.993 | 0.915 | 0.98 | 0 | 7 | 0.8 | 2.0 | 0.01 | 2 | 0.26 / 0.38 | 0 |
  | 22 | 1833 | 0.04 | 1.008 | 1.016 | 0.957 | 1.02 | 0 | 5 | 0.6 | 2.5 | 0.04 | 4 | 0.22 / 0.30 | 0 |
  | 26 | 1945 | 0.04 | 1.010 | 1.030 | 1.014 | 1.02 | 1 | 5 | 0.6 | 2.4 | 0.06 | 8 | 0.17 / 0.23 | 0 |
  | 30 | 1971 | 0.03 | 1.013 | 1.031 | 1.027 | 1.03 | 0 | 10 | 0.7 | 2.9 | 0.05 | 13 | 0.15 / 0.19 | 0 |

  **C1 gains + C0 bleed (1024, tau 64 ms)** (F_hi)
  | m/s | Kp_eff | ess | hold | tg0.2 | tg0.5 | +-1 fit | dj ev | stick% | T_hf hold | T_hf sin | hunt p2p | step ov% | hard16 / ref | wraps |
  | 3 | 490 | 0.84 | 0.991 | 1.083 | 1.152 | 0.00 | 2 | 100 | 0.5 | 2.6 | 3.47 | 8 | 1.73 / 1.80 | 0 |
  | 5 | 520 | 0.12 | 0.998 | 1.065 | 1.088 | 1.22 | 6 | 85 | 0.5 | 1.4 | 1.55 | 12 | 1.63 / 1.69 | 0 |
  | 5.5 | 529 | 0.07 | 1.001 | 1.058 | 1.066 | 1.24 | 6 | 73 | 0.5 | 1.4 | 1.37 | 11 | 1.36 / 1.52 | 0 |
  | 6 | 537 | 0.41 | 1.006 | 1.051 | 1.045 | 1.23 | 8 | 67 | 0.5 | 1.2 | 1.32 | 9 | 1.43 / 1.91 | 0 |
  | 7 | 554 | 0.03 | 1.000 | 1.034 | 1.008 | 1.18 | 5 | 50 | 0.7 | 1.2 | 1.15 | 7 | 2.05 / 2.49 | 0 |
  | 8 | 570 | 0.03 | 1.000 | 1.013 | 0.977 | 1.10 | 2 | 30 | 0.7 | 1.0 | 0.70 | 5 | 1.92 / 2.26 | 0 |
  | 10 | 570 | 0.05 | 0.997 | 1.029 | 0.948 | 1.14 | 4 | 29 | 0.6 | 0.9 | 0.74 | 7 | 1.01 / 1.51 | 0 |
  | 11.9 | 570 | 0.06 | 0.996 | 1.047 | 0.881 | 1.17 | 4 | 27 | 0.5 | 0.7 | 0.65 | 7 | 0.50 / 0.98 | 0 |
  | 12.5 | 682 | 0.05 | 0.997 | 1.032 | 0.878 | 1.12 | 4 | 24 | 0.5 | 0.7 | 0.39 | 5 | 0.48 / 0.91 | 0 |
  | 15 | 1243 | 0.04 | 1.005 | 1.000 | 0.888 | 1.02 | 0 | 12 | 0.6 | 1.4 | 0.10 | 1 | 0.38 / 0.60 | 0 |
  | 17 | 1692 | 0.05 | 1.002 | 0.987 | 0.886 | 0.98 | 0 | 7 | 0.5 | 2.0 | 0.00 | -1 | 0.31 / 0.45 | 0 |
  | 19 | 1748 | 0.04 | 1.009 | 0.993 | 0.915 | 0.99 | 0 | 7 | 0.6 | 2.0 | 0.01 | 2 | 0.26 / 0.38 | 0 |
  | 22 | 1833 | 0.04 | 1.009 | 1.015 | 0.958 | 1.02 | 0 | 5 | 0.6 | 2.5 | 0.04 | 4 | 0.22 / 0.30 | 0 |
  | 26 | 1945 | 0.03 | 1.010 | 1.030 | 1.013 | 1.02 | 1 | 5 | 0.7 | 2.5 | 0.07 | 7 | 0.17 / 0.23 | 0 |
  | 30 | 1971 | 0.04 | 1.013 | 1.031 | 1.028 | 1.03 | 0 | 10 | 0.7 | 2.8 | 0.06 | 12 | 0.14 / 0.19 | 0 |

  **C1 gains, no I policy (control)** (F_hi)
  | m/s | Kp_eff | ess | hold | tg0.2 | tg0.5 | +-1 fit | dj ev | stick% | T_hf hold | T_hf sin | hunt p2p | step ov% | hard16 / ref | wraps |
  | 3 | 490 | 0.84 | 0.991 | 1.083 | 1.152 | 0.00 | 2 | 100 | 0.5 | 2.7 | 3.47 | 8 | 1.73 / 1.80 | 0 |
  | 5 | 520 | 0.11 | 0.998 | 1.065 | 1.088 | 1.22 | 6 | 84 | 0.5 | 1.4 | 1.56 | 12 | 1.62 / 1.69 | 0 |
  | 5.5 | 529 | 0.07 | 1.002 | 1.058 | 1.066 | 1.25 | 6 | 73 | 0.5 | 1.4 | 1.37 | 11 | 1.35 / 1.52 | 0 |
  | 6 | 537 | 0.41 | 1.006 | 1.051 | 1.044 | 1.23 | 8 | 67 | 0.5 | 1.2 | 1.30 | 9 | 1.44 / 1.91 | 0 |
  | 7 | 554 | 0.03 | 1.000 | 1.034 | 1.008 | 1.18 | 6 | 51 | 0.7 | 1.2 | 1.15 | 7 | 2.04 / 2.49 | 0 |
  | 8 | 570 | 0.04 | 1.000 | 1.013 | 0.977 | 1.10 | 2 | 30 | 0.6 | 1.0 | 0.70 | 5 | 1.93 / 2.26 | 0 |
  | 10 | 570 | 0.05 | 0.997 | 1.029 | 0.948 | 1.13 | 4 | 29 | 0.5 | 0.9 | 0.72 | 6 | 1.01 / 1.51 | 0 |
  | 11.9 | 570 | 0.06 | 0.996 | 1.047 | 0.881 | 1.17 | 4 | 27 | 0.5 | 0.7 | 0.65 | 7 | 0.50 / 0.98 | 0 |
  | 12.5 | 682 | 0.05 | 0.997 | 1.032 | 0.878 | 1.13 | 4 | 24 | 0.6 | 0.7 | 0.38 | 5 | 0.48 / 0.91 | 0 |
  | 15 | 1243 | 0.04 | 1.004 | 1.000 | 0.887 | 1.02 | 0 | 12 | 0.5 | 1.4 | 0.09 | 1 | 0.38 / 0.60 | 0 |
  | 17 | 1692 | 0.05 | 1.002 | 0.987 | 0.886 | 0.98 | 0 | 7 | 0.4 | 2.0 | 0.00 | -1 | 0.31 / 0.45 | 0 |
  | 19 | 1748 | 0.04 | 1.009 | 0.993 | 0.915 | 0.98 | 0 | 7 | 0.8 | 2.0 | 0.01 | 2 | 0.26 / 0.38 | 0 |
  | 22 | 1833 | 0.04 | 1.009 | 1.016 | 0.958 | 1.02 | 0 | 5 | 0.6 | 2.5 | 0.04 | 4 | 0.22 / 0.30 | 0 |
  | 26 | 1945 | 0.04 | 1.011 | 1.030 | 1.014 | 1.02 | 1 | 5 | 0.6 | 2.4 | 0.06 | 8 | 0.17 / 0.23 | 0 |
  | 30 | 1971 | 0.04 | 1.013 | 1.031 | 1.027 | 1.03 | 0 | 10 | 0.6 | 2.9 | 0.06 | 13 | 0.14 / 0.19 | 0 |

  **C0 as listed (450/199, bleed 1024)** (F_hi)
  | m/s | Kp_eff | ess | hold | tg0.2 | tg0.5 | +-1 fit | dj ev | stick% | T_hf hold | T_hf sin | hunt p2p | step ov% | hard16 / ref | wraps |
  | 3 | 450 | 0.93 | 0.990 | 1.090 | 1.142 | 0.00 | 2 | 100 | 0.5 | 2.6 | 3.69 | 8 | 1.60 / 1.80 | 0 |
  | 5 | 499 | 0.12 | 0.998 | 1.067 | 1.079 | 1.18 | 6 | 86 | 0.5 | 1.3 | 1.88 | 12 | 1.56 / 1.69 | 0 |
  | 5.5 | 515 | 0.07 | 1.001 | 1.059 | 1.059 | 1.23 | 6 | 78 | 0.5 | 1.3 | 1.52 | 10 | 1.34 / 1.52 | 0 |
  | 6 | 531 | 0.41 | 1.003 | 1.052 | 1.040 | 1.22 | 7 | 71 | 0.5 | 1.2 | 1.28 | 9 | 1.45 / 1.91 | 0 |
  | 7 | 566 | 0.12 | 1.000 | 1.034 | 1.011 | 1.16 | 4 | 49 | 0.6 | 1.1 | 1.08 | 7 | 2.07 / 2.49 | 0 |
  | 8 | 599 | 0.11 | 1.000 | 1.012 | 0.982 | 1.08 | 2 | 28 | 0.6 | 1.1 | 0.64 | 5 | 1.94 / 2.26 | 0 |
  | 10 | 777 | 0.13 | 1.001 | 1.029 | 1.020 | 1.08 | 1 | 23 | 0.6 | 1.0 | 0.62 | 8 | 1.31 / 1.51 | 0 |
  | 11.9 | 946 | 0.05 | 0.996 | 1.043 | 1.042 | 1.11 | 1 | 16 | 0.7 | 1.1 | 0.53 | 9 | 0.88 / 0.98 | 0 |
  | 12.5 | 1000 | 0.05 | 0.996 | 1.033 | 1.004 | 1.10 | 3 | 16 | 0.8 | 1.1 | 0.37 | 6 | 0.75 / 0.91 | 0 |
  | 15 | 1575 | 0.04 | 1.004 | 1.005 | 0.947 | 1.01 | 0 | 10 | 0.6 | 1.8 | 0.10 | 1 | 0.47 / 0.60 | 0 |
  | 17 | 2037 | 0.05 | 0.998 | 0.992 | 0.929 | 0.98 | 0 | 7 | 0.5 | 2.4 | 0.00 | -1 | 0.36 / 0.45 | 0 |
  | 19 | 2498 | 0.05 | 1.009 | 1.001 | 0.979 | 0.99 | 0 | 5 | 0.7 | 3.0 | 0.00 | 3 | 0.35 / 0.38 | 0 |
  | 22 | 2714 | 0.03 | 1.008 | 1.017 | 1.023 | 1.01 | 0 | 3 | 0.8 | 3.9 | 0.00 | 7 | 0.28 / 0.30 | 0 |
  | 26 | 2999 | 0.04 | 1.011 | 1.020 | 1.046 | 1.01 | 0 | 5 | 0.9 | 4.9 | 0.00 | 10 | 0.21 / 0.23 | 0 |
  | 30 | 3001 | 0.04 | 1.014 | 1.021 | 1.062 | 1.01 | 0 | 7 | 0.9 | 5.2 | 0.00 | 17 | 0.18 / 0.19 | 0 |

  **C0 rebased x2 (225/100, bleed 1024)** (F_hi)
  | m/s | Kp_eff | ess | hold | tg0.2 | tg0.5 | +-1 fit | dj ev | stick% | T_hf hold | T_hf sin | hunt p2p | step ov% | hard16 / ref | wraps |
  | 3 | 450 | 0.93 | 0.990 | 1.090 | 1.142 | 0.00 | 2 | 100 | 0.5 | 2.5 | 3.63 | 8 | 1.60 / 1.80 | 0 |
  | 5 | 499 | 0.12 | 0.998 | 1.067 | 1.081 | 1.20 | 6 | 86 | 0.5 | 1.4 | 1.90 | 12 | 1.56 / 1.69 | 0 |
  | 5.5 | 515 | 0.06 | 1.001 | 1.059 | 1.060 | 1.25 | 6 | 77 | 0.5 | 1.3 | 1.56 | 10 | 1.32 / 1.52 | 0 |
  | 6 | 532 | 0.39 | 1.006 | 1.051 | 1.042 | 1.23 | 7 | 67 | 0.5 | 1.2 | 1.34 | 9 | 1.42 / 1.91 | 0 |
  | 7 | 566 | 0.03 | 1.000 | 1.034 | 1.013 | 1.17 | 6 | 49 | 0.7 | 1.2 | 1.12 | 7 | 2.07 / 2.49 | 0 |
  | 8 | 599 | 0.03 | 1.000 | 1.013 | 0.985 | 1.09 | 0 | 29 | 0.7 | 1.0 | 0.70 | 6 | 1.97 / 2.26 | 0 |
  | 10 | 777 | 0.04 | 1.001 | 1.028 | 1.022 | 1.10 | 1 | 23 | 0.7 | 1.0 | 0.67 | 8 | 1.29 / 1.51 | 0 |
  | 11.9 | 947 | 0.03 | 1.001 | 1.042 | 1.045 | 1.11 | 1 | 19 | 0.7 | 1.1 | 0.53 | 9 | 0.86 / 0.98 | 0 |
  | 12.5 | 999 | 0.03 | 1.001 | 1.030 | 1.004 | 1.09 | 2 | 17 | 0.7 | 1.2 | 0.35 | 6 | 0.73 / 0.91 | 0 |
  | 15 | 1577 | 0.03 | 1.004 | 1.006 | 0.952 | 1.02 | 1 | 10 | 0.6 | 1.7 | 0.06 | 1 | 0.48 / 0.60 | 0 |
  | 17 | 2038 | 0.05 | 1.005 | 0.995 | 0.932 | 0.98 | 0 | 7 | 0.5 | 2.3 | 0.00 | -1 | 0.37 / 0.45 | 0 |
  | 19 | 2500 | 0.04 | 1.008 | 1.004 | 0.979 | 1.00 | 0 | 3 | 0.7 | 3.3 | 0.00 | 4 | 0.34 / 0.38 | 0 |
  | 22 | 2714 | 0.03 | 1.008 | 1.015 | 1.020 | 1.01 | 0 | 4 | 0.8 | 3.9 | 0.00 | 8 | 0.28 / 0.30 | 0 |
  | 26 | 3000 | 0.04 | 1.011 | 1.020 | 1.050 | 1.01 | 0 | 5 | 0.9 | 5.0 | 0.00 | 11 | 0.22 / 0.23 | 0 |
  | 30 | 3001 | 0.04 | 1.015 | 1.020 | 1.064 | 1.01 | 0 | 9 | 0.9 | 5.3 | 0.00 | 18 | 0.18 / 0.19 | 0 |

===== member tau0  (suite robust)
  -- LINE-ONLY
     5/15 C1 (freeze |tq|>512 + ramp<0x8000)             3:stick 5:stick 5.5:stick 6:stick 7:PASS 8:PASS 10:stick 11.9:stick/track 12.5:stick/track 15:track 17:track 19:track 22:PASS 26:PASS 30:PASS
     5/15 C1 freeze |tq|>512 only (no ramp freeze)       3:stick 5:stick 5.5:stick 6:stick 7:PASS 8:PASS 10:stick 11.9:stick/track 12.5:stick/track 15:track 17:track 19:track 22:PASS 26:PASS 30:PASS
     5/15 C1 freeze |tq|>1024 + ramp                     3:stick 5:stick 5.5:stick 6:stick 7:PASS 8:PASS 10:stick 11.9:stick/track 12.5:stick/track 15:track 17:track 19:track 22:PASS 26:PASS 30:PASS
     5/15 C1 gains + C0 bleed (1024, tau 64 ms)          3:stick 5:stick 5.5:stick 6:stick 7:PASS 8:PASS 10:stick 11.9:stick/track 12.5:stick/track 15:track 17:track 19:track 22:PASS 26:PASS 30:PASS
     5/15 C1 gains, no I policy (control)                3:stick 5:stick 5.5:stick 6:stick 7:PASS 8:PASS 10:stick 11.9:stick/track 12.5:stick/track 15:track 17:track 19:track 22:PASS 26:PASS 30:PASS
     9/15 C0 as listed (450/199, bleed 1024)             3:stick 5:stick 5.5:stick 6:stick 7:PASS 8:PASS 10:PASS 11.9:PASS 12.5:PASS 15:track 17:track 19:PASS 22:PASS 26:PASS 30:PASS
     7/15 C0 rebased x2 (225/100, bleed 1024)            3:stick 5:stick 5.5:stick 6:stick 7:PASS 8:PASS 10:PASS 11.9:PASS 12.5:stick 15:stick/track 17:track 19:PASS 22:PASS 26:PASS 30:track
  -- STRICT (texture gated)
     2/15 C1 (freeze |tq|>512 + ramp<0x8000)             3:texture/stick 5:stick 5.5:stick 6:stick 7:PASS 8:PASS 10:stick 11.9:stick/track 12.5:stick/track 15:track 17:texture/track 19:texture/track 22:texture 26:texture 30:texture
     2/15 C1 freeze |tq|>512 only (no ramp freeze)       3:texture/stick 5:stick 5.5:stick 6:stick 7:PASS 8:PASS 10:stick 11.9:stick/track 12.5:stick/track 15:track 17:texture/track 19:texture/track 22:texture 26:texture 30:texture
     2/15 C1 freeze |tq|>1024 + ramp                     3:texture/stick 5:stick 5.5:stick 6:stick 7:PASS 8:PASS 10:stick 11.9:stick/track 12.5:stick/track 15:track 17:texture/track 19:texture/track 22:texture 26:texture 30:texture
     2/15 C1 gains + C0 bleed (1024, tau 64 ms)          3:texture/stick 5:stick 5.5:stick 6:stick 7:PASS 8:PASS 10:stick 11.9:stick/track 12.5:stick/track 15:track 17:texture/track 19:texture/track 22:texture 26:texture 30:texture
     2/15 C1 gains, no I policy (control)                3:texture/stick 5:stick 5.5:stick 6:stick 7:PASS 8:PASS 10:stick 11.9:stick/track 12.5:stick/track 15:track 17:track 19:texture/track 22:texture 26:texture 30:texture
     5/15 C0 as listed (450/199, bleed 1024)             3:texture/stick 5:stick 5.5:stick 6:stick 7:PASS 8:PASS 10:PASS 11.9:PASS 12.5:PASS 15:track 17:texture/track 19:texture 22:texture 26:texture 30:texture
     4/15 C0 rebased x2 (225/100, bleed 1024)            3:stick 5:stick 5.5:stick 6:stick 7:PASS 8:PASS 10:PASS 11.9:PASS 12.5:stick 15:stick/track 17:texture/track 19:texture 22:texture 26:texture 30:texture/track

  **C1 (freeze |tq|>512 + ramp<0x8000)** (tau0)
  | m/s | Kp_eff | ess | hold | tg0.2 | tg0.5 | +-1 fit | dj ev | stick% | T_hf hold | T_hf sin | hunt p2p | step ov% | hard16 / ref | wraps |
  | 3 | 490 | 0.08 | 1.002 | 1.066 | 1.177 | 1.37 | 6 | 66 | 0.5 | 2.1 | 2.70 | 10 | 1.41 / 1.80 | 0 |
  | 5 | 520 | 0.05 | 0.999 | 1.048 | 1.086 | 1.24 | 5 | 49 | 0.6 | 1.2 | 1.53 | 14 | 1.29 / 1.69 | 0 |
  | 5.5 | 529 | 0.05 | 0.999 | 1.041 | 1.064 | 1.21 | 3 | 41 | 0.5 | 1.2 | 1.14 | 12 | 1.18 / 1.52 | 0 |
  | 6 | 537 | 0.03 | 0.999 | 1.035 | 1.044 | 1.18 | 2 | 38 | 0.5 | 1.1 | 1.22 | 10 | 1.53 / 1.91 | 0 |
  | 7 | 554 | 0.04 | 1.000 | 1.021 | 1.006 | 1.12 | 0 | 27 | 0.6 | 1.0 | 1.11 | 8 | 2.04 / 2.49 | 0 |
  | 8 | 570 | 0.04 | 1.000 | 1.005 | 0.972 | 1.05 | 0 | 17 | 0.6 | 0.9 | 0.61 | 5 | 1.76 / 2.26 | 0 |
  | 10 | 570 | 0.05 | 0.997 | 1.017 | 0.953 | 1.08 | 1 | 16 | 0.5 | 0.7 | 0.72 | 7 | 0.99 / 1.51 | 0 |
  | 11.9 | 570 | 0.06 | 0.996 | 1.029 | 0.904 | 1.11 | 3 | 15 | 0.5 | 0.7 | 0.65 | 8 | 0.52 / 0.98 | 0 |
  | 12.5 | 682 | 0.05 | 0.996 | 1.018 | 0.893 | 1.08 | 3 | 14 | 0.6 | 0.8 | 0.39 | 6 | 0.49 / 0.91 | 0 |
  | 15 | 1243 | 0.04 | 1.005 | 0.990 | 0.889 | 0.99 | 0 | 7 | 0.6 | 1.4 | 0.02 | 1 | 0.37 / 0.60 | 0 |
  | 17 | 1692 | 0.05 | 1.002 | 0.980 | 0.884 | 0.96 | 0 | 3 | 0.5 | 2.0 | 0.00 | -1 | 0.30 / 0.45 | 0 |
  | 19 | 1748 | 0.05 | 1.009 | 0.986 | 0.913 | 0.97 | 0 | 3 | 0.8 | 2.1 | 0.01 | 2 | 0.26 / 0.38 | 0 |
  | 22 | 1833 | 0.04 | 1.010 | 1.007 | 0.955 | 1.00 | 0 | 2 | 0.6 | 2.7 | 0.01 | 4 | 0.21 / 0.30 | 0 |
  | 26 | 1945 | 0.04 | 1.012 | 1.019 | 1.005 | 1.01 | 0 | 5 | 0.6 | 2.5 | 0.04 | 8 | 0.16 / 0.23 | 0 |
  | 30 | 1971 | 0.04 | 1.014 | 1.020 | 1.023 | 1.02 | 0 | 10 | 0.6 | 2.8 | 0.03 | 13 | 0.13 / 0.19 | 0 |

  **C1 freeze |tq|>512 only (no ramp freeze)** (tau0)
  | m/s | Kp_eff | ess | hold | tg0.2 | tg0.5 | +-1 fit | dj ev | stick% | T_hf hold | T_hf sin | hunt p2p | step ov% | hard16 / ref | wraps |
  | 3 | 490 | 0.09 | 1.002 | 1.066 | 1.177 | 1.37 | 6 | 67 | 0.5 | 2.1 | 2.69 | 10 | 1.41 / 1.80 | 0 |
  | 5 | 520 | 0.05 | 0.999 | 1.047 | 1.086 | 1.24 | 6 | 50 | 0.6 | 1.2 | 1.52 | 14 | 1.30 / 1.69 | 0 |
  | 5.5 | 529 | 0.05 | 0.999 | 1.041 | 1.064 | 1.21 | 4 | 41 | 0.5 | 1.3 | 1.18 | 12 | 1.18 / 1.52 | 0 |
  | 6 | 537 | 0.05 | 0.999 | 1.035 | 1.044 | 1.18 | 2 | 38 | 0.5 | 1.1 | 1.23 | 11 | 1.54 / 1.91 | 0 |
  | 7 | 554 | 0.03 | 1.000 | 1.021 | 1.006 | 1.12 | 0 | 27 | 0.6 | 1.0 | 1.10 | 8 | 2.03 / 2.49 | 0 |
  | 8 | 570 | 0.04 | 1.001 | 1.005 | 0.973 | 1.05 | 0 | 16 | 0.6 | 0.9 | 0.60 | 5 | 1.76 / 2.26 | 0 |
  | 10 | 570 | 0.05 | 0.997 | 1.017 | 0.953 | 1.08 | 1 | 16 | 0.5 | 0.7 | 0.73 | 7 | 0.98 / 1.51 | 0 |
  | 11.9 | 570 | 0.05 | 0.996 | 1.029 | 0.905 | 1.11 | 3 | 15 | 0.5 | 0.7 | 0.65 | 8 | 0.52 / 0.98 | 0 |
  | 12.5 | 682 | 0.05 | 0.996 | 1.017 | 0.893 | 1.08 | 2 | 14 | 0.5 | 0.8 | 0.39 | 6 | 0.49 / 0.91 | 0 |
  | 15 | 1243 | 0.04 | 1.005 | 0.990 | 0.888 | 0.99 | 0 | 7 | 0.5 | 1.4 | 0.01 | 1 | 0.37 / 0.60 | 0 |
  | 17 | 1692 | 0.05 | 1.001 | 0.980 | 0.884 | 0.96 | 0 | 3 | 0.5 | 2.0 | 0.00 | -1 | 0.30 / 0.45 | 0 |
  | 19 | 1748 | 0.05 | 1.009 | 0.986 | 0.913 | 0.97 | 0 | 3 | 0.8 | 2.1 | 0.01 | 2 | 0.25 / 0.38 | 0 |
  | 22 | 1833 | 0.04 | 1.009 | 1.007 | 0.955 | 1.00 | 0 | 2 | 0.6 | 2.7 | 0.02 | 4 | 0.21 / 0.30 | 0 |
  | 26 | 1945 | 0.03 | 1.011 | 1.019 | 1.005 | 1.01 | 0 | 3 | 0.6 | 2.4 | 0.04 | 8 | 0.16 / 0.23 | 0 |
  | 30 | 1971 | 0.04 | 1.014 | 1.021 | 1.023 | 1.02 | 0 | 10 | 0.7 | 2.8 | 0.03 | 13 | 0.13 / 0.19 | 0 |

  **C1 freeze |tq|>1024 + ramp** (tau0)
  | m/s | Kp_eff | ess | hold | tg0.2 | tg0.5 | +-1 fit | dj ev | stick% | T_hf hold | T_hf sin | hunt p2p | step ov% | hard16 / ref | wraps |
  | 3 | 490 | 0.08 | 1.002 | 1.066 | 1.177 | 1.37 | 6 | 66 | 0.6 | 2.1 | 2.70 | 10 | 1.41 / 1.80 | 0 |
  | 5 | 520 | 0.05 | 0.999 | 1.048 | 1.086 | 1.24 | 5 | 49 | 0.5 | 1.2 | 1.52 | 14 | 1.29 / 1.69 | 0 |
  | 5.5 | 529 | 0.05 | 0.999 | 1.041 | 1.064 | 1.21 | 4 | 41 | 0.5 | 1.3 | 1.18 | 12 | 1.17 / 1.52 | 0 |
  | 6 | 537 | 0.03 | 0.999 | 1.035 | 1.044 | 1.18 | 2 | 38 | 0.5 | 1.1 | 1.25 | 11 | 1.53 / 1.91 | 0 |
  | 7 | 554 | 0.03 | 1.000 | 1.021 | 1.006 | 1.12 | 0 | 27 | 0.6 | 1.0 | 1.11 | 8 | 2.04 / 2.49 | 0 |
  | 8 | 570 | 0.04 | 1.001 | 1.005 | 0.972 | 1.05 | 0 | 17 | 0.6 | 0.9 | 0.59 | 5 | 1.76 / 2.26 | 0 |
  | 10 | 570 | 0.05 | 0.997 | 1.017 | 0.953 | 1.08 | 1 | 16 | 0.5 | 0.7 | 0.72 | 7 | 0.98 / 1.51 | 0 |
  | 11.9 | 570 | 0.05 | 0.996 | 1.030 | 0.905 | 1.11 | 3 | 15 | 0.5 | 0.7 | 0.65 | 8 | 0.52 / 0.98 | 0 |
  | 12.5 | 682 | 0.05 | 0.996 | 1.017 | 0.893 | 1.08 | 3 | 14 | 0.6 | 0.8 | 0.38 | 6 | 0.50 / 0.91 | 0 |
  | 15 | 1243 | 0.04 | 1.005 | 0.990 | 0.889 | 0.99 | 0 | 7 | 0.6 | 1.4 | 0.01 | 1 | 0.37 / 0.60 | 0 |
  | 17 | 1692 | 0.05 | 1.002 | 0.980 | 0.884 | 0.96 | 0 | 4 | 0.5 | 2.0 | 0.00 | -1 | 0.30 / 0.45 | 0 |
  | 19 | 1748 | 0.05 | 1.009 | 0.986 | 0.913 | 0.97 | 0 | 3 | 0.9 | 2.1 | 0.00 | 2 | 0.25 / 0.38 | 0 |
  | 22 | 1833 | 0.04 | 1.009 | 1.007 | 0.955 | 1.00 | 0 | 2 | 0.6 | 2.8 | 0.02 | 4 | 0.21 / 0.30 | 0 |
  | 26 | 1945 | 0.03 | 1.011 | 1.019 | 1.005 | 1.01 | 0 | 3 | 0.6 | 2.5 | 0.04 | 8 | 0.16 / 0.23 | 0 |
  | 30 | 1971 | 0.04 | 1.014 | 1.020 | 1.023 | 1.02 | 0 | 10 | 0.6 | 2.8 | 0.02 | 13 | 0.13 / 0.19 | 0 |

  **C1 gains + C0 bleed (1024, tau 64 ms)** (tau0)
  | m/s | Kp_eff | ess | hold | tg0.2 | tg0.5 | +-1 fit | dj ev | stick% | T_hf hold | T_hf sin | hunt p2p | step ov% | hard16 / ref | wraps |
  | 3 | 490 | 0.08 | 1.002 | 1.066 | 1.177 | 1.37 | 6 | 67 | 0.5 | 2.1 | 2.68 | 10 | 1.41 / 1.80 | 0 |
  | 5 | 520 | 0.05 | 0.999 | 1.048 | 1.086 | 1.24 | 6 | 50 | 0.6 | 1.2 | 1.52 | 14 | 1.29 / 1.69 | 0 |
  | 5.5 | 529 | 0.05 | 0.999 | 1.041 | 1.064 | 1.21 | 4 | 41 | 0.5 | 1.2 | 1.17 | 12 | 1.17 / 1.52 | 0 |
  | 6 | 537 | 0.05 | 0.999 | 1.035 | 1.044 | 1.19 | 2 | 38 | 0.6 | 1.1 | 1.23 | 10 | 1.56 / 1.91 | 0 |
  | 7 | 554 | 0.03 | 1.000 | 1.021 | 1.006 | 1.12 | 0 | 27 | 0.6 | 1.0 | 1.11 | 8 | 2.03 / 2.49 | 0 |
  | 8 | 570 | 0.03 | 1.001 | 1.005 | 0.973 | 1.05 | 0 | 17 | 0.6 | 0.9 | 0.61 | 5 | 1.76 / 2.26 | 0 |
  | 10 | 570 | 0.05 | 0.997 | 1.017 | 0.953 | 1.08 | 1 | 16 | 0.5 | 0.7 | 0.72 | 7 | 0.98 / 1.51 | 0 |
  | 11.9 | 570 | 0.05 | 0.996 | 1.029 | 0.905 | 1.11 | 3 | 15 | 0.5 | 0.7 | 0.65 | 8 | 0.52 / 0.98 | 0 |
  | 12.5 | 682 | 0.05 | 0.996 | 1.017 | 0.893 | 1.08 | 3 | 14 | 0.6 | 0.7 | 0.39 | 6 | 0.49 / 0.91 | 0 |
  | 15 | 1243 | 0.04 | 1.005 | 0.990 | 0.890 | 0.99 | 0 | 7 | 0.6 | 1.3 | 0.01 | 1 | 0.37 / 0.60 | 0 |
  | 17 | 1692 | 0.05 | 1.002 | 0.980 | 0.884 | 0.96 | 0 | 3 | 0.5 | 2.0 | 0.00 | -1 | 0.30 / 0.45 | 0 |
  | 19 | 1748 | 0.05 | 1.009 | 0.986 | 0.913 | 0.97 | 0 | 3 | 0.8 | 2.1 | 0.01 | 2 | 0.25 / 0.38 | 0 |
  | 22 | 1833 | 0.04 | 1.009 | 1.007 | 0.955 | 1.01 | 0 | 2 | 0.6 | 2.7 | 0.02 | 4 | 0.21 / 0.30 | 0 |
  | 26 | 1945 | 0.04 | 1.011 | 1.019 | 1.005 | 1.01 | 0 | 3 | 0.6 | 2.4 | 0.04 | 8 | 0.16 / 0.23 | 0 |
  | 30 | 1971 | 0.04 | 1.014 | 1.020 | 1.024 | 1.02 | 0 | 10 | 0.7 | 2.8 | 0.02 | 12 | 0.13 / 0.19 | 0 |

  **C1 gains, no I policy (control)** (tau0)
  | m/s | Kp_eff | ess | hold | tg0.2 | tg0.5 | +-1 fit | dj ev | stick% | T_hf hold | T_hf sin | hunt p2p | step ov% | hard16 / ref | wraps |
  | 3 | 490 | 0.09 | 1.002 | 1.066 | 1.177 | 1.37 | 6 | 66 | 0.5 | 2.1 | 2.70 | 10 | 1.41 / 1.80 | 0 |
  | 5 | 520 | 0.05 | 0.999 | 1.048 | 1.086 | 1.24 | 5 | 49 | 0.6 | 1.2 | 1.53 | 14 | 1.30 / 1.69 | 0 |
  | 5.5 | 529 | 0.05 | 0.999 | 1.041 | 1.064 | 1.21 | 4 | 42 | 0.5 | 1.3 | 1.20 | 12 | 1.18 / 1.52 | 0 |
  | 6 | 537 | 0.04 | 0.999 | 1.035 | 1.044 | 1.19 | 2 | 38 | 0.6 | 1.1 | 1.21 | 10 | 1.53 / 1.91 | 0 |
  | 7 | 554 | 0.03 | 1.000 | 1.021 | 1.006 | 1.12 | 0 | 27 | 0.6 | 1.0 | 1.11 | 8 | 2.03 / 2.49 | 0 |
  | 8 | 570 | 0.03 | 1.000 | 1.005 | 0.972 | 1.05 | 0 | 16 | 0.6 | 0.9 | 0.60 | 5 | 1.75 / 2.26 | 0 |
  | 10 | 570 | 0.05 | 0.997 | 1.017 | 0.952 | 1.08 | 1 | 16 | 0.5 | 0.7 | 0.73 | 7 | 0.98 / 1.51 | 0 |
  | 11.9 | 570 | 0.06 | 0.996 | 1.029 | 0.904 | 1.11 | 3 | 15 | 0.5 | 0.7 | 0.65 | 8 | 0.52 / 0.98 | 0 |
  | 12.5 | 682 | 0.05 | 0.996 | 1.018 | 0.893 | 1.08 | 3 | 14 | 0.5 | 0.8 | 0.39 | 6 | 0.49 / 0.91 | 0 |
  | 15 | 1243 | 0.04 | 1.005 | 0.990 | 0.889 | 0.99 | 0 | 7 | 0.6 | 1.3 | 0.01 | 1 | 0.37 / 0.60 | 0 |
  | 17 | 1692 | 0.05 | 1.001 | 0.980 | 0.884 | 0.96 | 0 | 3 | 0.4 | 2.0 | 0.00 | -1 | 0.30 / 0.45 | 0 |
  | 19 | 1748 | 0.05 | 1.009 | 0.986 | 0.913 | 0.97 | 0 | 3 | 0.8 | 2.0 | 0.00 | 2 | 0.25 / 0.38 | 0 |
  | 22 | 1833 | 0.04 | 1.009 | 1.007 | 0.955 | 1.00 | 0 | 2 | 0.6 | 2.7 | 0.02 | 4 | 0.21 / 0.30 | 0 |
  | 26 | 1945 | 0.04 | 1.012 | 1.019 | 1.005 | 1.01 | 0 | 3 | 0.7 | 2.4 | 0.04 | 8 | 0.16 / 0.23 | 0 |
  | 30 | 1971 | 0.04 | 1.015 | 1.020 | 1.023 | 1.02 | 0 | 6 | 0.6 | 2.9 | 0.03 | 13 | 0.13 / 0.19 | 0 |

  **C0 as listed (450/199, bleed 1024)** (tau0)
  | m/s | Kp_eff | ess | hold | tg0.2 | tg0.5 | +-1 fit | dj ev | stick% | T_hf hold | T_hf sin | hunt p2p | step ov% | hard16 / ref | wraps |
  | 3 | 450 | 0.50 | 1.002 | 1.071 | 1.173 | 1.40 | 7 | 71 | 0.5 | 2.1 | 2.86 | 11 | 1.29 / 1.80 | 0 |
  | 5 | 499 | 0.06 | 0.999 | 1.048 | 1.080 | 1.25 | 6 | 51 | 0.5 | 1.2 | 1.49 | 13 | 1.21 / 1.69 | 0 |
  | 5.5 | 515 | 0.06 | 0.999 | 1.042 | 1.059 | 1.21 | 4 | 44 | 0.5 | 1.1 | 1.21 | 12 | 1.14 / 1.52 | 0 |
  | 6 | 531 | 0.07 | 0.999 | 1.035 | 1.041 | 1.16 | 3 | 40 | 0.5 | 1.1 | 1.20 | 10 | 1.53 / 1.91 | 0 |
  | 7 | 566 | 0.11 | 1.000 | 1.021 | 1.009 | 1.10 | 0 | 28 | 0.6 | 0.9 | 1.00 | 8 | 2.04 / 2.49 | 0 |
  | 8 | 599 | 0.12 | 1.001 | 1.004 | 0.977 | 1.03 | 0 | 15 | 0.6 | 0.9 | 0.54 | 6 | 1.80 / 2.26 | 0 |
  | 10 | 777 | 0.12 | 1.001 | 1.018 | 1.015 | 1.03 | 0 | 14 | 0.6 | 1.0 | 0.41 | 8 | 1.18 / 1.51 | 0 |
  | 11.9 | 946 | 0.04 | 0.996 | 1.030 | 1.038 | 1.07 | 0 | 9 | 0.7 | 1.1 | 0.39 | 9 | 0.77 / 0.98 | 0 |
  | 12.5 | 1000 | 0.03 | 0.998 | 1.020 | 1.002 | 1.06 | 0 | 7 | 0.7 | 1.1 | 0.33 | 7 | 0.70 / 0.91 | 0 |
  | 15 | 1575 | 0.04 | 1.005 | 0.997 | 0.944 | 0.99 | 0 | 5 | 0.6 | 1.9 | 0.02 | 2 | 0.47 / 0.60 | 0 |
  | 17 | 2037 | 0.05 | 0.997 | 0.986 | 0.925 | 0.97 | 0 | 2 | 0.4 | 2.3 | 0.00 | -1 | 0.34 / 0.45 | 0 |
  | 19 | 2498 | 0.04 | 1.008 | 0.995 | 0.976 | 0.98 | 0 | 3 | 0.6 | 3.1 | 0.00 | 3 | 0.33 / 0.38 | 0 |
  | 22 | 2714 | 0.04 | 1.008 | 1.010 | 1.016 | 1.00 | 0 | 2 | 0.9 | 3.6 | 0.00 | 7 | 0.27 / 0.30 | 0 |
  | 26 | 2999 | 0.04 | 1.014 | 1.014 | 1.038 | 1.01 | 0 | 3 | 1.2 | 5.2 | 0.01 | 11 | 0.22 / 0.23 | 0 |
  | 30 | 3001 | 0.04 | 1.016 | 1.015 | 1.049 | 1.01 | 0 | 7 | 1.2 | 5.5 | 0.01 | 16 | 0.19 / 0.19 | 0 |

  **C0 rebased x2 (225/100, bleed 1024)** (tau0)
  | m/s | Kp_eff | ess | hold | tg0.2 | tg0.5 | +-1 fit | dj ev | stick% | T_hf hold | T_hf sin | hunt p2p | step ov% | hard16 / ref | wraps |
  | 3 | 450 | 0.12 | 1.004 | 1.071 | 1.174 | 1.40 | 7 | 70 | 0.5 | 1.9 | 2.84 | 11 | 1.27 / 1.80 | 0 |
  | 5 | 499 | 0.05 | 0.999 | 1.049 | 1.081 | 1.25 | 7 | 50 | 0.5 | 1.3 | 1.53 | 14 | 1.24 / 1.69 | 0 |
  | 5.5 | 515 | 0.05 | 0.999 | 1.042 | 1.061 | 1.22 | 4 | 44 | 0.5 | 1.2 | 1.23 | 12 | 1.14 / 1.52 | 0 |
  | 6 | 532 | 0.04 | 0.999 | 1.035 | 1.042 | 1.19 | 2 | 39 | 0.5 | 1.1 | 1.22 | 10 | 1.53 / 1.91 | 0 |
  | 7 | 566 | 0.03 | 0.999 | 1.021 | 1.010 | 1.12 | 0 | 26 | 0.7 | 1.0 | 1.06 | 8 | 2.05 / 2.49 | 0 |
  | 8 | 599 | 0.03 | 1.000 | 1.005 | 0.980 | 1.04 | 0 | 16 | 0.6 | 0.9 | 0.51 | 6 | 1.79 / 2.26 | 0 |
  | 10 | 777 | 0.04 | 1.001 | 1.018 | 1.016 | 1.06 | 0 | 12 | 0.6 | 0.9 | 0.45 | 9 | 1.18 / 1.51 | 0 |
  | 11.9 | 947 | 0.03 | 1.000 | 1.029 | 1.041 | 1.07 | 0 | 9 | 0.6 | 1.1 | 0.43 | 10 | 0.77 / 0.98 | 0 |
  | 12.5 | 999 | 0.03 | 1.002 | 1.018 | 1.003 | 1.05 | 1 | 8 | 0.7 | 1.2 | 0.32 | 7 | 0.68 / 0.91 | 0 |
  | 15 | 1577 | 0.04 | 1.005 | 0.997 | 0.949 | 1.00 | 1 | 5 | 0.6 | 1.8 | 0.03 | 2 | 0.47 / 0.60 | 0 |
  | 17 | 2038 | 0.05 | 1.005 | 0.988 | 0.928 | 0.97 | 0 | 2 | 0.5 | 2.2 | 0.00 | -1 | 0.35 / 0.45 | 0 |
  | 19 | 2500 | 0.04 | 1.008 | 0.998 | 0.975 | 0.98 | 0 | 2 | 0.5 | 3.2 | 0.00 | 4 | 0.34 / 0.38 | 0 |
  | 22 | 2714 | 0.04 | 1.008 | 1.009 | 1.012 | 1.00 | 0 | 3 | 0.9 | 3.8 | 0.00 | 7 | 0.27 / 0.30 | 0 |
  | 26 | 3000 | 0.04 | 1.014 | 1.013 | 1.043 | 1.01 | 0 | 5 | 1.3 | 5.2 | 0.01 | 11 | 0.22 / 0.23 | 0 |
  | 30 | 3001 | 0.05 | 1.016 | 1.014 | 1.051 | 1.01 | 0 | 7 | 1.2 | 5.5 | 0.01 | 16 | 0.19 / 0.19 | 0 |

===== member tau6  (suite robust)
  -- LINE-ONLY
     4/15 C1 (freeze |tq|>512 + ramp<0x8000)             3:stick 5:stick 5.5:stick 6:stick 7:PASS 8:PASS 10:stick 11.9:stick/track 12.5:stick/track 15:stick/track 17:track 19:track 22:PASS 26:stick 30:PASS
     5/15 C1 freeze |tq|>512 only (no ramp freeze)       3:stick 5:stick 5.5:stick 6:stick 7:PASS 8:PASS 10:stick 11.9:stick/track 12.5:stick/track 15:stick/track 17:track 19:track 22:PASS 26:PASS 30:PASS
     5/15 C1 freeze |tq|>1024 + ramp                     3:stick 5:stick 5.5:stick 6:stick 7:PASS 8:PASS 10:stick 11.9:stick/track 12.5:stick/track 15:stick/track 17:track 19:track 22:PASS 26:PASS 30:PASS
     5/15 C1 gains + C0 bleed (1024, tau 64 ms)          3:stick 5:stick 5.5:stick 6:stick 7:PASS 8:PASS 10:stick 11.9:stick/track 12.5:stick/track 15:stick/track 17:track 19:track 22:PASS 26:PASS 30:PASS
     5/15 C1 gains, no I policy (control)                3:stick 5:stick 5.5:stick 6:stick 7:PASS 8:PASS 10:stick 11.9:stick/track 12.5:stick/track 15:stick/track 17:track 19:track 22:PASS 26:PASS 30:PASS
     8/15 C0 as listed (450/199, bleed 1024)             3:stick 5:stick 5.5:stick 6:stick 7:PASS 8:PASS 10:PASS 11.9:PASS 12.5:PASS 15:stick/track 17:track 19:PASS 22:PASS 26:PASS 30:track
     8/15 C0 rebased x2 (225/100, bleed 1024)            3:stick 5:stick 5.5:stick 6:stick 7:PASS 8:PASS 10:PASS 11.9:PASS 12.5:PASS 15:stick 17:track 19:PASS 22:PASS 26:PASS 30:track
  -- STRICT (texture gated)
     2/15 C1 (freeze |tq|>512 + ramp<0x8000)             3:texture/stick 5:stick 5.5:stick 6:stick 7:PASS 8:PASS 10:stick 11.9:stick/track 12.5:stick/track 15:stick/track 17:texture/track 19:texture/track 22:texture 26:texture/stick 30:texture
     2/15 C1 freeze |tq|>512 only (no ramp freeze)       3:texture/stick 5:stick 5.5:stick 6:stick 7:PASS 8:PASS 10:stick 11.9:stick/track 12.5:stick/track 15:stick/track 17:texture/track 19:texture/track 22:texture 26:texture 30:texture
     2/15 C1 freeze |tq|>1024 + ramp                     3:texture/stick 5:stick 5.5:stick 6:stick 7:PASS 8:PASS 10:stick 11.9:stick/track 12.5:stick/track 15:stick/track 17:texture/track 19:texture/track 22:texture 26:texture 30:texture
     2/15 C1 gains + C0 bleed (1024, tau 64 ms)          3:texture/stick 5:stick 5.5:stick 6:stick 7:PASS 8:PASS 10:stick 11.9:stick/track 12.5:stick/track 15:stick/track 17:track 19:texture/track 22:texture 26:texture 30:texture
     2/15 C1 gains, no I policy (control)                3:texture/stick 5:stick 5.5:stick 6:stick 7:PASS 8:PASS 10:stick 11.9:stick/track 12.5:stick/track 15:stick/track 17:texture/track 19:texture/track 22:texture 26:texture 30:texture
     5/15 C0 as listed (450/199, bleed 1024)             3:texture/stick 5:stick 5.5:stick 6:stick 7:PASS 8:PASS 10:PASS 11.9:PASS 12.5:PASS 15:stick/track 17:texture/track 19:texture 22:texture 26:texture 30:texture/track
     5/15 C0 rebased x2 (225/100, bleed 1024)            3:texture/stick 5:stick 5.5:stick 6:stick 7:PASS 8:PASS 10:PASS 11.9:PASS 12.5:PASS 15:stick 17:texture/track 19:texture 22:texture 26:texture 30:texture/track

  **C1 (freeze |tq|>512 + ramp<0x8000)** (tau6)
  | m/s | Kp_eff | ess | hold | tg0.2 | tg0.5 | +-1 fit | dj ev | stick% | T_hf hold | T_hf sin | hunt p2p | step ov% | hard16 / ref | wraps |
  | 3 | 490 | 0.10 | 1.002 | 1.066 | 1.184 | 1.38 | 6 | 67 | 0.5 | 2.2 | 2.77 | 11 | 1.49 / 1.80 | 0 |
  | 5 | 520 | 0.05 | 0.999 | 1.048 | 1.093 | 1.25 | 7 | 49 | 0.6 | 1.1 | 1.59 | 15 | 1.36 / 1.69 | 0 |
  | 5.5 | 529 | 0.05 | 0.999 | 1.042 | 1.071 | 1.22 | 4 | 42 | 0.5 | 1.3 | 1.27 | 13 | 1.24 / 1.52 | 0 |
  | 6 | 537 | 0.03 | 1.000 | 1.036 | 1.050 | 1.19 | 3 | 40 | 0.6 | 1.1 | 1.30 | 11 | 1.61 / 1.91 | 0 |
  | 7 | 554 | 0.04 | 1.000 | 1.022 | 1.012 | 1.12 | 0 | 28 | 0.6 | 0.9 | 1.14 | 9 | 2.10 / 2.49 | 0 |
  | 8 | 570 | 0.03 | 1.000 | 1.006 | 0.978 | 1.06 | 0 | 17 | 0.6 | 0.9 | 0.56 | 6 | 1.80 / 2.26 | 0 |
  | 10 | 570 | 0.05 | 0.997 | 1.018 | 0.959 | 1.09 | 1 | 16 | 0.5 | 0.7 | 0.76 | 8 | 1.01 / 1.51 | 0 |
  | 11.9 | 570 | 0.06 | 0.996 | 1.031 | 0.912 | 1.11 | 2 | 15 | 0.5 | 0.7 | 0.68 | 9 | 0.55 / 0.98 | 0 |
  | 12.5 | 682 | 0.05 | 0.996 | 1.019 | 0.900 | 1.08 | 3 | 14 | 0.5 | 0.8 | 0.43 | 6 | 0.52 / 0.91 | 0 |
  | 15 | 1243 | 0.03 | 1.004 | 0.991 | 0.896 | 0.99 | 1 | 7 | 0.6 | 1.4 | 0.02 | 2 | 0.39 / 0.60 | 0 |
  | 17 | 1692 | 0.05 | 1.004 | 0.981 | 0.888 | 0.96 | 0 | 3 | 0.4 | 2.0 | 0.00 | -1 | 0.32 / 0.45 | 0 |
  | 19 | 1748 | 0.04 | 1.008 | 0.987 | 0.918 | 0.97 | 0 | 3 | 0.6 | 2.1 | 0.01 | 2 | 0.27 / 0.38 | 0 |
  | 22 | 1833 | 0.04 | 1.008 | 1.008 | 0.964 | 1.01 | 0 | 2 | 0.6 | 2.7 | 0.02 | 4 | 0.22 / 0.30 | 0 |
  | 26 | 1945 | 0.03 | 1.010 | 1.020 | 1.012 | 1.02 | 1 | 4 | 0.6 | 2.5 | 0.06 | 9 | 0.17 / 0.23 | 0 |
  | 30 | 1971 | 0.03 | 1.013 | 1.021 | 1.030 | 1.02 | 0 | 6 | 0.6 | 2.9 | 0.04 | 14 | 0.14 / 0.19 | 0 |

  **C1 freeze |tq|>512 only (no ramp freeze)** (tau6)
  | m/s | Kp_eff | ess | hold | tg0.2 | tg0.5 | +-1 fit | dj ev | stick% | T_hf hold | T_hf sin | hunt p2p | step ov% | hard16 / ref | wraps |
  | 3 | 490 | 0.09 | 1.002 | 1.066 | 1.184 | 1.38 | 6 | 67 | 0.6 | 2.2 | 2.80 | 11 | 1.49 / 1.80 | 0 |
  | 5 | 520 | 0.05 | 0.999 | 1.048 | 1.093 | 1.25 | 6 | 49 | 0.5 | 1.2 | 1.59 | 15 | 1.37 / 1.69 | 0 |
  | 5.5 | 529 | 0.05 | 0.999 | 1.042 | 1.071 | 1.22 | 5 | 42 | 0.5 | 1.3 | 1.26 | 13 | 1.24 / 1.52 | 0 |
  | 6 | 537 | 0.03 | 0.999 | 1.036 | 1.050 | 1.19 | 3 | 39 | 0.6 | 1.1 | 1.30 | 12 | 1.61 / 1.91 | 0 |
  | 7 | 554 | 0.03 | 1.000 | 1.022 | 1.012 | 1.12 | 0 | 27 | 0.6 | 0.9 | 1.14 | 9 | 2.10 / 2.49 | 0 |
  | 8 | 570 | 0.03 | 1.000 | 1.006 | 0.978 | 1.05 | 0 | 17 | 0.6 | 0.9 | 0.55 | 6 | 1.81 / 2.26 | 0 |
  | 10 | 570 | 0.05 | 0.997 | 1.018 | 0.959 | 1.09 | 1 | 16 | 0.5 | 0.7 | 0.77 | 8 | 1.00 / 1.51 | 0 |
  | 11.9 | 570 | 0.06 | 0.996 | 1.031 | 0.913 | 1.11 | 2 | 15 | 0.5 | 0.7 | 0.68 | 9 | 0.55 / 0.98 | 0 |
  | 12.5 | 682 | 0.05 | 0.996 | 1.019 | 0.900 | 1.08 | 3 | 14 | 0.5 | 0.8 | 0.42 | 6 | 0.52 / 0.91 | 0 |
  | 15 | 1243 | 0.04 | 1.005 | 0.991 | 0.896 | 0.99 | 1 | 7 | 0.5 | 1.4 | 0.03 | 2 | 0.39 / 0.60 | 0 |
  | 17 | 1692 | 0.05 | 1.003 | 0.981 | 0.888 | 0.96 | 0 | 3 | 0.4 | 2.0 | 0.00 | -1 | 0.32 / 0.45 | 0 |
  | 19 | 1748 | 0.04 | 1.008 | 0.987 | 0.918 | 0.97 | 0 | 3 | 0.6 | 2.1 | 0.01 | 2 | 0.27 / 0.38 | 0 |
  | 22 | 1833 | 0.04 | 1.008 | 1.008 | 0.964 | 1.01 | 0 | 2 | 0.6 | 2.7 | 0.03 | 5 | 0.22 / 0.30 | 0 |
  | 26 | 1945 | 0.03 | 1.010 | 1.020 | 1.013 | 1.01 | 0 | 4 | 0.7 | 2.5 | 0.05 | 9 | 0.17 / 0.23 | 0 |
  | 30 | 1971 | 0.04 | 1.013 | 1.021 | 1.031 | 1.02 | 0 | 7 | 0.6 | 2.8 | 0.04 | 15 | 0.14 / 0.19 | 0 |

  **C1 freeze |tq|>1024 + ramp** (tau6)
  | m/s | Kp_eff | ess | hold | tg0.2 | tg0.5 | +-1 fit | dj ev | stick% | T_hf hold | T_hf sin | hunt p2p | step ov% | hard16 / ref | wraps |
  | 3 | 490 | 0.09 | 1.002 | 1.066 | 1.184 | 1.38 | 6 | 67 | 0.6 | 2.2 | 2.78 | 11 | 1.48 / 1.80 | 0 |
  | 5 | 520 | 0.05 | 0.999 | 1.048 | 1.093 | 1.25 | 7 | 50 | 0.5 | 1.2 | 1.58 | 15 | 1.37 / 1.69 | 0 |
  | 5.5 | 529 | 0.05 | 0.999 | 1.042 | 1.071 | 1.22 | 6 | 42 | 0.5 | 1.3 | 1.25 | 13 | 1.24 / 1.52 | 0 |
  | 6 | 537 | 0.03 | 1.000 | 1.036 | 1.050 | 1.19 | 3 | 39 | 0.6 | 1.2 | 1.29 | 12 | 1.61 / 1.91 | 0 |
  | 7 | 554 | 0.03 | 1.000 | 1.022 | 1.012 | 1.12 | 0 | 28 | 0.6 | 0.9 | 1.14 | 9 | 2.10 / 2.49 | 0 |
  | 8 | 570 | 0.04 | 1.000 | 1.006 | 0.978 | 1.05 | 0 | 17 | 0.6 | 0.9 | 0.55 | 6 | 1.81 / 2.26 | 0 |
  | 10 | 570 | 0.05 | 0.997 | 1.018 | 0.959 | 1.09 | 1 | 16 | 0.5 | 0.8 | 0.76 | 8 | 1.01 / 1.51 | 0 |
  | 11.9 | 570 | 0.06 | 0.996 | 1.031 | 0.912 | 1.11 | 2 | 15 | 0.5 | 0.7 | 0.68 | 8 | 0.55 / 0.98 | 0 |
  | 12.5 | 682 | 0.05 | 0.996 | 1.019 | 0.900 | 1.08 | 3 | 14 | 0.5 | 0.8 | 0.41 | 6 | 0.52 / 0.91 | 0 |
  | 15 | 1243 | 0.04 | 1.004 | 0.991 | 0.896 | 0.99 | 1 | 7 | 0.6 | 1.4 | 0.02 | 1 | 0.39 / 0.60 | 0 |
  | 17 | 1692 | 0.05 | 1.005 | 0.981 | 0.889 | 0.96 | 0 | 2 | 0.5 | 2.0 | 0.00 | -1 | 0.32 / 0.45 | 0 |
  | 19 | 1748 | 0.04 | 1.008 | 0.987 | 0.919 | 0.97 | 0 | 3 | 0.6 | 2.1 | 0.00 | 2 | 0.27 / 0.38 | 0 |
  | 22 | 1833 | 0.03 | 1.008 | 1.008 | 0.964 | 1.01 | 0 | 1 | 0.6 | 2.7 | 0.02 | 5 | 0.22 / 0.30 | 0 |
  | 26 | 1945 | 0.03 | 1.010 | 1.020 | 1.012 | 1.02 | 0 | 5 | 0.7 | 2.5 | 0.05 | 9 | 0.16 / 0.23 | 0 |
  | 30 | 1971 | 0.03 | 1.012 | 1.022 | 1.030 | 1.02 | 0 | 8 | 0.6 | 2.9 | 0.03 | 15 | 0.14 / 0.19 | 0 |

  **C1 gains + C0 bleed (1024, tau 64 ms)** (tau6)
  | m/s | Kp_eff | ess | hold | tg0.2 | tg0.5 | +-1 fit | dj ev | stick% | T_hf hold | T_hf sin | hunt p2p | step ov% | hard16 / ref | wraps |
  | 3 | 490 | 0.09 | 1.002 | 1.066 | 1.184 | 1.37 | 6 | 68 | 0.6 | 2.2 | 2.76 | 11 | 1.48 / 1.80 | 0 |
  | 5 | 520 | 0.05 | 0.999 | 1.048 | 1.093 | 1.24 | 7 | 50 | 0.6 | 1.2 | 1.60 | 15 | 1.37 / 1.69 | 0 |
  | 5.5 | 529 | 0.05 | 0.999 | 1.042 | 1.071 | 1.22 | 6 | 42 | 0.5 | 1.3 | 1.26 | 13 | 1.24 / 1.52 | 0 |
  | 6 | 537 | 0.05 | 0.999 | 1.036 | 1.050 | 1.19 | 3 | 40 | 0.6 | 1.2 | 1.32 | 11 | 1.64 / 1.91 | 0 |
  | 7 | 554 | 0.03 | 1.000 | 1.022 | 1.012 | 1.12 | 0 | 28 | 0.7 | 0.9 | 1.15 | 9 | 2.11 / 2.49 | 0 |
  | 8 | 570 | 0.03 | 1.001 | 1.006 | 0.978 | 1.05 | 0 | 17 | 0.6 | 0.8 | 0.56 | 6 | 1.81 / 2.26 | 0 |
  | 10 | 570 | 0.05 | 0.997 | 1.018 | 0.959 | 1.09 | 1 | 16 | 0.5 | 0.8 | 0.78 | 8 | 1.00 / 1.51 | 0 |
  | 11.9 | 570 | 0.06 | 0.996 | 1.031 | 0.913 | 1.11 | 2 | 15 | 0.5 | 0.7 | 0.68 | 9 | 0.54 / 0.98 | 0 |
  | 12.5 | 682 | 0.05 | 0.996 | 1.019 | 0.900 | 1.08 | 3 | 14 | 0.6 | 0.8 | 0.43 | 6 | 0.52 / 0.91 | 0 |
  | 15 | 1243 | 0.03 | 1.004 | 0.991 | 0.896 | 0.99 | 1 | 7 | 0.6 | 1.4 | 0.03 | 1 | 0.39 / 0.60 | 0 |
  | 17 | 1692 | 0.05 | 1.004 | 0.981 | 0.889 | 0.96 | 0 | 3 | 0.4 | 2.0 | 0.00 | -1 | 0.32 / 0.45 | 0 |
  | 19 | 1748 | 0.04 | 1.008 | 0.987 | 0.919 | 0.97 | 0 | 3 | 0.6 | 2.1 | 0.01 | 2 | 0.27 / 0.38 | 0 |
  | 22 | 1833 | 0.03 | 1.008 | 1.008 | 0.963 | 1.01 | 0 | 2 | 0.6 | 2.7 | 0.03 | 5 | 0.22 / 0.30 | 0 |
  | 26 | 1945 | 0.03 | 1.010 | 1.020 | 1.013 | 1.01 | 0 | 4 | 0.6 | 2.5 | 0.05 | 9 | 0.17 / 0.23 | 0 |
  | 30 | 1971 | 0.03 | 1.012 | 1.021 | 1.031 | 1.02 | 0 | 10 | 0.6 | 2.9 | 0.04 | 15 | 0.14 / 0.19 | 0 |

  **C1 gains, no I policy (control)** (tau6)
  | m/s | Kp_eff | ess | hold | tg0.2 | tg0.5 | +-1 fit | dj ev | stick% | T_hf hold | T_hf sin | hunt p2p | step ov% | hard16 / ref | wraps |
  | 3 | 490 | 0.09 | 1.002 | 1.066 | 1.184 | 1.37 | 6 | 67 | 0.6 | 2.2 | 2.77 | 11 | 1.48 / 1.80 | 0 |
  | 5 | 520 | 0.05 | 0.999 | 1.048 | 1.093 | 1.25 | 7 | 49 | 0.5 | 1.2 | 1.59 | 15 | 1.36 / 1.69 | 0 |
  | 5.5 | 529 | 0.05 | 0.999 | 1.042 | 1.071 | 1.22 | 5 | 42 | 0.5 | 1.3 | 1.25 | 13 | 1.23 / 1.52 | 0 |
  | 6 | 537 | 0.03 | 0.999 | 1.036 | 1.050 | 1.19 | 3 | 40 | 0.6 | 1.2 | 1.30 | 11 | 1.61 / 1.91 | 0 |
  | 7 | 554 | 0.03 | 1.000 | 1.022 | 1.012 | 1.12 | 0 | 27 | 0.6 | 0.9 | 1.14 | 9 | 2.10 / 2.49 | 0 |
  | 8 | 570 | 0.03 | 1.000 | 1.006 | 0.978 | 1.05 | 0 | 17 | 0.6 | 0.9 | 0.56 | 6 | 1.80 / 2.26 | 0 |
  | 10 | 570 | 0.05 | 0.997 | 1.018 | 0.959 | 1.09 | 1 | 16 | 0.5 | 0.7 | 0.77 | 8 | 1.00 / 1.51 | 0 |
  | 11.9 | 570 | 0.06 | 0.996 | 1.031 | 0.912 | 1.11 | 2 | 16 | 0.5 | 0.7 | 0.68 | 9 | 0.54 / 0.98 | 0 |
  | 12.5 | 682 | 0.05 | 0.996 | 1.019 | 0.900 | 1.08 | 3 | 14 | 0.5 | 0.8 | 0.41 | 6 | 0.52 / 0.91 | 0 |
  | 15 | 1243 | 0.04 | 1.004 | 0.991 | 0.896 | 0.99 | 1 | 7 | 0.6 | 1.4 | 0.02 | 2 | 0.38 / 0.60 | 0 |
  | 17 | 1692 | 0.05 | 1.005 | 0.981 | 0.889 | 0.96 | 0 | 3 | 0.5 | 2.0 | 0.00 | -1 | 0.31 / 0.45 | 0 |
  | 19 | 1748 | 0.04 | 1.008 | 0.987 | 0.919 | 0.97 | 0 | 3 | 0.6 | 2.1 | 0.01 | 2 | 0.27 / 0.38 | 0 |
  | 22 | 1833 | 0.04 | 1.008 | 1.008 | 0.963 | 1.01 | 0 | 1 | 0.6 | 2.7 | 0.02 | 4 | 0.22 / 0.30 | 0 |
  | 26 | 1945 | 0.03 | 1.010 | 1.020 | 1.012 | 1.02 | 0 | 4 | 0.6 | 2.5 | 0.05 | 9 | 0.17 / 0.23 | 0 |
  | 30 | 1971 | 0.03 | 1.012 | 1.021 | 1.031 | 1.02 | 0 | 6 | 0.6 | 2.8 | 0.04 | 14 | 0.14 / 0.19 | 0 |

  **C0 as listed (450/199, bleed 1024)** (tau6)
  | m/s | Kp_eff | ess | hold | tg0.2 | tg0.5 | +-1 fit | dj ev | stick% | T_hf hold | T_hf sin | hunt p2p | step ov% | hard16 / ref | wraps |
  | 3 | 450 | 0.50 | 1.002 | 1.072 | 1.180 | 1.41 | 6 | 72 | 0.5 | 2.1 | 2.93 | 11 | 1.36 / 1.80 | 0 |
  | 5 | 499 | 0.06 | 0.999 | 1.049 | 1.087 | 1.25 | 6 | 52 | 0.5 | 1.2 | 1.58 | 14 | 1.29 / 1.69 | 0 |
  | 5.5 | 515 | 0.06 | 0.999 | 1.043 | 1.067 | 1.22 | 6 | 46 | 0.5 | 1.1 | 1.26 | 13 | 1.17 / 1.52 | 0 |
  | 6 | 531 | 0.05 | 0.999 | 1.036 | 1.047 | 1.17 | 2 | 41 | 0.6 | 1.1 | 1.28 | 11 | 1.61 / 1.91 | 0 |
  | 7 | 566 | 0.09 | 0.999 | 1.021 | 1.014 | 1.10 | 0 | 29 | 0.7 | 1.0 | 1.02 | 9 | 2.09 / 2.49 | 0 |
  | 8 | 599 | 0.11 | 1.000 | 1.005 | 0.983 | 1.03 | 0 | 14 | 0.6 | 0.9 | 0.48 | 7 | 1.85 / 2.26 | 0 |
  | 10 | 777 | 0.12 | 1.001 | 1.019 | 1.020 | 1.04 | 0 | 14 | 0.6 | 1.0 | 0.40 | 10 | 1.21 / 1.51 | 0 |
  | 11.9 | 946 | 0.04 | 0.996 | 1.031 | 1.044 | 1.07 | 0 | 9 | 0.6 | 1.2 | 0.44 | 11 | 0.80 / 0.98 | 0 |
  | 12.5 | 1000 | 0.05 | 0.996 | 1.021 | 1.008 | 1.06 | 0 | 7 | 0.7 | 1.2 | 0.32 | 8 | 0.71 / 0.91 | 0 |
  | 15 | 1575 | 0.04 | 1.004 | 0.998 | 0.950 | 0.99 | 1 | 5 | 0.6 | 1.8 | 0.03 | 2 | 0.49 / 0.60 | 0 |
  | 17 | 2037 | 0.05 | 1.000 | 0.987 | 0.930 | 0.97 | 0 | 2 | 0.4 | 2.3 | 0.00 | 0 | 0.36 / 0.45 | 0 |
  | 19 | 2498 | 0.04 | 1.008 | 0.996 | 0.981 | 0.98 | 0 | 2 | 0.7 | 3.1 | 0.00 | 6 | 0.35 / 0.38 | 0 |
  | 22 | 2714 | 0.03 | 1.006 | 1.011 | 1.022 | 1.00 | 0 | 4 | 0.6 | 3.4 | 0.00 | 9 | 0.28 / 0.30 | 0 |
  | 26 | 2999 | 0.03 | 1.010 | 1.015 | 1.043 | 1.01 | 0 | 3 | 0.8 | 5.2 | 0.00 | 13 | 0.23 / 0.23 | 0 |
  | 30 | 3001 | 0.04 | 1.014 | 1.016 | 1.054 | 1.01 | 0 | 5 | 0.6 | 5.5 | 0.02 | 19 | 0.19 / 0.19 | 0 |

  **C0 rebased x2 (225/100, bleed 1024)** (tau6)
  | m/s | Kp_eff | ess | hold | tg0.2 | tg0.5 | +-1 fit | dj ev | stick% | T_hf hold | T_hf sin | hunt p2p | step ov% | hard16 / ref | wraps |
  | 3 | 450 | 0.11 | 1.004 | 1.072 | 1.181 | 1.40 | 7 | 70 | 0.5 | 2.1 | 2.93 | 11 | 1.34 / 1.80 | 0 |
  | 5 | 499 | 0.05 | 0.999 | 1.049 | 1.088 | 1.26 | 7 | 50 | 0.5 | 1.3 | 1.59 | 15 | 1.31 / 1.69 | 0 |
  | 5.5 | 515 | 0.06 | 0.999 | 1.043 | 1.067 | 1.22 | 6 | 44 | 0.5 | 1.3 | 1.27 | 13 | 1.19 / 1.52 | 0 |
  | 6 | 532 | 0.05 | 0.999 | 1.036 | 1.048 | 1.19 | 4 | 40 | 0.6 | 1.2 | 1.29 | 11 | 1.63 / 1.91 | 0 |
  | 7 | 566 | 0.03 | 1.000 | 1.022 | 1.016 | 1.12 | 0 | 27 | 0.6 | 0.9 | 1.03 | 9 | 2.10 / 2.49 | 0 |
  | 8 | 599 | 0.03 | 1.001 | 1.006 | 0.985 | 1.05 | 0 | 16 | 0.7 | 0.9 | 0.48 | 8 | 1.87 / 2.26 | 0 |
  | 10 | 777 | 0.04 | 1.001 | 1.019 | 1.022 | 1.06 | 0 | 12 | 0.6 | 0.9 | 0.45 | 10 | 1.21 / 1.51 | 0 |
  | 11.9 | 947 | 0.03 | 1.000 | 1.029 | 1.047 | 1.07 | 0 | 9 | 0.7 | 1.1 | 0.38 | 11 | 0.77 / 0.98 | 0 |
  | 12.5 | 999 | 0.03 | 1.001 | 1.019 | 1.009 | 1.05 | 0 | 8 | 0.7 | 1.2 | 0.35 | 8 | 0.71 / 0.91 | 0 |
  | 15 | 1577 | 0.03 | 1.004 | 0.998 | 0.955 | 1.00 | 1 | 5 | 0.7 | 1.8 | 0.04 | 3 | 0.49 / 0.60 | 0 |
  | 17 | 2038 | 0.04 | 1.007 | 0.989 | 0.934 | 0.97 | 0 | 2 | 0.4 | 2.2 | 0.00 | 0 | 0.38 / 0.45 | 0 |
  | 19 | 2500 | 0.04 | 1.007 | 0.999 | 0.980 | 0.98 | 0 | 1 | 0.7 | 3.1 | 0.00 | 6 | 0.35 / 0.38 | 0 |
  | 22 | 2714 | 0.03 | 1.007 | 1.009 | 1.018 | 1.00 | 0 | 4 | 0.7 | 3.7 | 0.00 | 9 | 0.28 / 0.30 | 0 |
  | 26 | 3000 | 0.03 | 1.009 | 1.014 | 1.048 | 1.01 | 0 | 5 | 0.9 | 5.3 | 0.00 | 13 | 0.22 / 0.23 | 0 |
  | 30 | 3001 | 0.04 | 1.015 | 1.015 | 1.057 | 1.01 | 0 | 5 | 1.4 | 5.6 | 0.02 | 20 | 0.19 / 0.19 | 0 |

===== member bc  (suite robust)
  -- LINE-ONLY
     3/15 C1 (freeze |tq|>512 + ramp<0x8000)             3:stick 5:stick 5.5:stick 6:stick 7:PASS 8:stick 10:stick/track 11.9:stick/track 12.5:track 15:track 17:track 19:track 22:track 26:PASS 30:PASS
     3/15 C1 freeze |tq|>512 only (no ramp freeze)       3:stick 5:stick 5.5:stick 6:stick 7:PASS 8:stick 10:stick/track 11.9:stick/track 12.5:track 15:track 17:track 19:track 22:track 26:PASS 30:PASS
     3/15 C1 freeze |tq|>1024 + ramp                     3:stick 5:stick 5.5:stick 6:stick 7:PASS 8:stick 10:stick/track 11.9:stick/track 12.5:track 15:track 17:track 19:track 22:track 26:PASS 30:PASS
     3/15 C1 gains + C0 bleed (1024, tau 64 ms)          3:stick 5:stick 5.5:stick 6:stick 7:PASS 8:stick 10:stick/track 11.9:stick/track 12.5:track 15:track 17:track 19:track 22:track 26:PASS 30:PASS
     3/15 C1 gains, no I policy (control)                3:stick 5:stick 5.5:stick 6:stick 7:PASS 8:stick 10:stick/track 11.9:stick/track 12.5:track 15:track 17:track 19:track 22:track 26:PASS 30:PASS
     5/15 C0 as listed (450/199, bleed 1024)             3:stick 5:stick 5.5:stick 6:stick 7:PASS 8:stick 10:PASS 11.9:stick 12.5:stick 15:track 17:track 19:track 22:PASS 26:PASS 30:PASS
     5/15 C0 rebased x2 (225/100, bleed 1024)            3:stick 5:stick 5.5:stick 6:stick 7:PASS 8:stick 10:stick 11.9:stick 12.5:stick 15:stick/track 17:track 19:PASS 22:PASS 26:PASS 30:PASS
  -- STRICT (texture gated)
     1/15 C1 (freeze |tq|>512 + ramp<0x8000)             3:texture/stick 5:stick 5.5:stick 6:stick 7:PASS 8:stick 10:stick/track 11.9:stick/track 12.5:track 15:track 17:texture/track 19:texture/track 22:texture/track 26:texture 30:texture
     1/15 C1 freeze |tq|>512 only (no ramp freeze)       3:texture/stick 5:stick 5.5:stick 6:stick 7:PASS 8:stick 10:stick/track 11.9:stick/track 12.5:track 15:track 17:texture/track 19:texture/track 22:texture/track 26:texture 30:texture
     1/15 C1 freeze |tq|>1024 + ramp                     3:texture/stick 5:stick 5.5:stick 6:stick 7:PASS 8:stick 10:stick/track 11.9:stick/track 12.5:track 15:track 17:texture/track 19:texture/track 22:texture/track 26:texture 30:texture
     1/15 C1 gains + C0 bleed (1024, tau 64 ms)          3:texture/stick 5:stick 5.5:stick 6:stick 7:PASS 8:stick 10:stick/track 11.9:stick/track 12.5:track 15:track 17:texture/track 19:texture/track 22:texture/track 26:texture 30:texture
     1/15 C1 gains, no I policy (control)                3:texture/stick 5:stick 5.5:stick 6:stick 7:PASS 8:stick 10:stick/track 11.9:stick/track 12.5:track 15:track 17:texture/track 19:texture/track 22:texture/track 26:texture 30:texture
     2/15 C0 as listed (450/199, bleed 1024)             3:texture/stick 5:stick 5.5:stick 6:stick 7:PASS 8:stick 10:PASS 11.9:stick 12.5:stick 15:track 17:texture/track 19:texture/track 22:texture 26:texture 30:texture
     1/15 C0 rebased x2 (225/100, bleed 1024)            3:texture/stick 5:stick 5.5:stick 6:stick 7:PASS 8:stick 10:stick 11.9:stick 12.5:stick 15:stick/track 17:texture/track 19:texture 22:texture 26:texture 30:texture

  **C1 (freeze |tq|>512 + ramp<0x8000)** (bc)
  | m/s | Kp_eff | ess | hold | tg0.2 | tg0.5 | +-1 fit | dj ev | stick% | T_hf hold | T_hf sin | hunt p2p | step ov% | hard16 / ref | wraps |
  | 3 | 490 | 0.06 | 1.000 | 1.053 | 1.153 | 1.30 | 6 | 69 | 0.6 | 2.2 | 2.34 | 17 | 1.86 / 1.80 | 0 |
  | 5 | 520 | 0.03 | 1.000 | 1.036 | 1.068 | 1.20 | 7 | 52 | 0.6 | 1.3 | 1.16 | 16 | 1.65 / 1.69 | 0 |
  | 5.5 | 529 | 0.04 | 1.000 | 1.031 | 1.048 | 1.17 | 6 | 47 | 0.5 | 1.4 | 0.88 | 15 | 1.52 / 1.52 | 0 |
  | 6 | 537 | 0.03 | 1.000 | 1.025 | 1.029 | 1.15 | 1 | 42 | 0.6 | 1.2 | 0.89 | 13 | 1.98 / 1.91 | 0 |
  | 7 | 554 | 0.03 | 1.000 | 1.013 | 0.994 | 1.10 | 0 | 33 | 0.6 | 1.1 | 0.72 | 10 | 2.43 / 2.49 | 0 |
  | 8 | 570 | 0.05 | 0.998 | 0.998 | 0.962 | 1.05 | 3 | 21 | 0.6 | 1.0 | 0.31 | 9 | 2.21 / 2.26 | 0 |
  | 10 | 570 | 0.03 | 1.001 | 1.007 | 0.946 | 1.07 | 4 | 26 | 0.5 | 0.7 | 0.16 | 2 | 1.32 / 1.51 | 0 |
  | 11.9 | 570 | 0.03 | 1.004 | 1.019 | 0.911 | 1.09 | 2 | 32 | 0.4 | 0.7 | 0.27 | -0 | 0.78 / 0.98 | 0 |
  | 12.5 | 682 | 0.11 | 1.004 | 1.007 | 0.894 | 1.06 | 0 | 26 | 0.4 | 0.9 | 0.03 | -1 | 0.75 / 0.91 | 0 |
  | 15 | 1243 | 0.04 | 0.995 | 0.982 | 0.877 | 0.97 | 0 | 14 | 0.6 | 1.5 | 0.09 | -1 | 0.56 / 0.60 | 0 |
  | 17 | 1692 | 0.04 | 0.994 | 0.971 | 0.868 | 0.94 | 0 | 9 | 0.7 | 2.2 | 0.08 | -1 | 0.41 / 0.45 | 0 |
  | 19 | 1748 | 0.04 | 0.993 | 0.977 | 0.894 | 0.95 | 0 | 8 | 0.5 | 2.2 | 0.09 | -2 | 0.35 / 0.38 | 0 |
  | 22 | 1833 | 0.04 | 0.990 | 0.996 | 0.939 | 0.97 | 0 | 7 | 0.4 | 2.5 | 0.00 | -1 | 0.28 / 0.30 | 0 |
  | 26 | 1945 | 0.04 | 0.999 | 1.005 | 0.971 | 0.98 | 0 | 8 | 0.3 | 2.4 | 0.00 | 3 | 0.23 / 0.23 | 0 |
  | 30 | 1971 | 0.05 | 1.005 | 1.004 | 0.974 | 0.99 | 0 | 8 | 0.3 | 2.8 | 0.00 | 9 | 0.19 / 0.19 | 0 |

  **C1 freeze |tq|>512 only (no ramp freeze)** (bc)
  | m/s | Kp_eff | ess | hold | tg0.2 | tg0.5 | +-1 fit | dj ev | stick% | T_hf hold | T_hf sin | hunt p2p | step ov% | hard16 / ref | wraps |
  | 3 | 490 | 0.06 | 1.000 | 1.053 | 1.153 | 1.30 | 6 | 69 | 0.6 | 2.2 | 2.30 | 17 | 1.86 / 1.80 | 0 |
  | 5 | 520 | 0.02 | 1.000 | 1.036 | 1.068 | 1.19 | 7 | 52 | 0.6 | 1.3 | 1.18 | 16 | 1.67 / 1.69 | 0 |
  | 5.5 | 529 | 0.03 | 1.000 | 1.031 | 1.048 | 1.17 | 6 | 47 | 0.5 | 1.4 | 0.87 | 15 | 1.52 / 1.52 | 0 |
  | 6 | 537 | 0.03 | 1.000 | 1.025 | 1.029 | 1.15 | 1 | 42 | 0.6 | 1.2 | 0.90 | 13 | 1.99 / 1.91 | 0 |
  | 7 | 554 | 0.03 | 1.000 | 1.013 | 0.994 | 1.10 | 0 | 33 | 0.7 | 1.2 | 0.72 | 10 | 2.43 / 2.49 | 0 |
  | 8 | 570 | 0.03 | 1.000 | 0.998 | 0.962 | 1.04 | 1 | 20 | 0.6 | 1.0 | 0.31 | 9 | 2.14 / 2.26 | 0 |
  | 10 | 570 | 0.04 | 1.001 | 1.007 | 0.946 | 1.07 | 4 | 26 | 0.5 | 0.7 | 0.16 | 2 | 1.32 / 1.51 | 0 |
  | 11.9 | 570 | 0.03 | 1.004 | 1.019 | 0.911 | 1.09 | 2 | 31 | 0.4 | 0.7 | 0.27 | -1 | 0.78 / 0.98 | 0 |
  | 12.5 | 682 | 0.10 | 1.004 | 1.006 | 0.894 | 1.06 | 0 | 26 | 0.4 | 0.9 | 0.02 | -1 | 0.75 / 0.91 | 0 |
  | 15 | 1243 | 0.03 | 0.996 | 0.982 | 0.876 | 0.97 | 0 | 14 | 0.5 | 1.4 | 0.08 | -1 | 0.56 / 0.60 | 0 |
  | 17 | 1692 | 0.04 | 0.994 | 0.971 | 0.868 | 0.94 | 0 | 9 | 0.7 | 2.2 | 0.08 | -1 | 0.42 / 0.45 | 0 |
  | 19 | 1748 | 0.04 | 0.993 | 0.977 | 0.894 | 0.95 | 0 | 7 | 0.5 | 2.1 | 0.09 | -2 | 0.34 / 0.38 | 0 |
  | 22 | 1833 | 0.04 | 0.990 | 0.996 | 0.939 | 0.97 | 0 | 7 | 0.3 | 2.5 | 0.00 | -1 | 0.28 / 0.30 | 0 |
  | 26 | 1945 | 0.04 | 0.999 | 1.005 | 0.972 | 0.98 | 0 | 7 | 0.3 | 2.4 | 0.00 | 3 | 0.23 / 0.23 | 0 |
  | 30 | 1971 | 0.04 | 1.001 | 1.004 | 0.974 | 0.99 | 0 | 8 | 0.3 | 2.8 | 0.00 | 9 | 0.19 / 0.19 | 0 |

  **C1 freeze |tq|>1024 + ramp** (bc)
  | m/s | Kp_eff | ess | hold | tg0.2 | tg0.5 | +-1 fit | dj ev | stick% | T_hf hold | T_hf sin | hunt p2p | step ov% | hard16 / ref | wraps |
  | 3 | 490 | 0.05 | 1.000 | 1.053 | 1.153 | 1.30 | 6 | 69 | 0.6 | 2.2 | 2.31 | 17 | 1.86 / 1.80 | 0 |
  | 5 | 520 | 0.02 | 1.000 | 1.036 | 1.068 | 1.20 | 7 | 52 | 0.5 | 1.3 | 1.17 | 16 | 1.67 / 1.69 | 0 |
  | 5.5 | 529 | 0.03 | 1.000 | 1.031 | 1.048 | 1.17 | 6 | 47 | 0.5 | 1.4 | 0.88 | 15 | 1.52 / 1.52 | 0 |
  | 6 | 537 | 0.03 | 1.000 | 1.025 | 1.029 | 1.15 | 1 | 42 | 0.6 | 1.2 | 0.89 | 13 | 1.99 / 1.91 | 0 |
  | 7 | 554 | 0.03 | 1.001 | 1.013 | 0.994 | 1.10 | 0 | 33 | 0.6 | 1.2 | 0.72 | 10 | 2.43 / 2.49 | 0 |
  | 8 | 570 | 0.03 | 1.000 | 0.998 | 0.962 | 1.05 | 2 | 21 | 0.6 | 1.0 | 0.31 | 9 | 2.15 / 2.26 | 0 |
  | 10 | 570 | 0.03 | 1.001 | 1.007 | 0.946 | 1.07 | 4 | 26 | 0.5 | 0.8 | 0.15 | 2 | 1.32 / 1.51 | 0 |
  | 11.9 | 570 | 0.03 | 1.004 | 1.019 | 0.911 | 1.09 | 2 | 32 | 0.4 | 0.7 | 0.26 | -0 | 0.78 / 0.98 | 0 |
  | 12.5 | 682 | 0.10 | 1.003 | 1.007 | 0.894 | 1.06 | 0 | 26 | 0.4 | 0.9 | 0.03 | -1 | 0.75 / 0.91 | 0 |
  | 15 | 1243 | 0.04 | 0.996 | 0.982 | 0.876 | 0.97 | 0 | 14 | 0.6 | 1.5 | 0.08 | -1 | 0.56 / 0.60 | 0 |
  | 17 | 1692 | 0.04 | 0.994 | 0.971 | 0.868 | 0.94 | 0 | 9 | 0.7 | 2.2 | 0.07 | -1 | 0.42 / 0.45 | 0 |
  | 19 | 1748 | 0.04 | 0.992 | 0.977 | 0.894 | 0.94 | 0 | 7 | 0.6 | 2.2 | 0.09 | -2 | 0.35 / 0.38 | 0 |
  | 22 | 1833 | 0.04 | 0.990 | 0.996 | 0.938 | 0.97 | 0 | 7 | 0.3 | 2.5 | 0.00 | -1 | 0.28 / 0.30 | 0 |
  | 26 | 1945 | 0.05 | 0.998 | 1.005 | 0.971 | 0.98 | 0 | 6 | 0.3 | 2.4 | 0.00 | 3 | 0.23 / 0.23 | 0 |
  | 30 | 1971 | 0.05 | 1.005 | 1.004 | 0.975 | 0.99 | 0 | 8 | 0.3 | 2.9 | 0.00 | 9 | 0.19 / 0.19 | 0 |

  **C1 gains + C0 bleed (1024, tau 64 ms)** (bc)
  | m/s | Kp_eff | ess | hold | tg0.2 | tg0.5 | +-1 fit | dj ev | stick% | T_hf hold | T_hf sin | hunt p2p | step ov% | hard16 / ref | wraps |
  | 3 | 490 | 0.06 | 1.000 | 1.053 | 1.153 | 1.30 | 6 | 69 | 0.6 | 2.2 | 2.33 | 17 | 1.85 / 1.80 | 0 |
  | 5 | 520 | 0.03 | 1.000 | 1.036 | 1.068 | 1.19 | 7 | 52 | 0.5 | 1.3 | 1.18 | 16 | 1.67 / 1.69 | 0 |
  | 5.5 | 529 | 0.03 | 1.000 | 1.031 | 1.048 | 1.17 | 6 | 47 | 0.6 | 1.3 | 0.88 | 15 | 1.52 / 1.52 | 0 |
  | 6 | 537 | 0.03 | 1.000 | 1.025 | 1.029 | 1.15 | 1 | 42 | 0.6 | 1.2 | 0.89 | 13 | 1.97 / 1.91 | 0 |
  | 7 | 554 | 0.03 | 1.001 | 1.012 | 0.994 | 1.10 | 0 | 33 | 0.7 | 1.2 | 0.72 | 10 | 2.43 / 2.49 | 0 |
  | 8 | 570 | 0.04 | 1.001 | 0.998 | 0.962 | 1.05 | 2 | 20 | 0.6 | 1.0 | 0.32 | 9 | 2.15 / 2.26 | 0 |
  | 10 | 570 | 0.04 | 1.000 | 1.007 | 0.947 | 1.07 | 4 | 27 | 0.5 | 0.8 | 0.15 | 2 | 1.32 / 1.51 | 0 |
  | 11.9 | 570 | 0.03 | 1.004 | 1.019 | 0.911 | 1.09 | 2 | 31 | 0.4 | 0.7 | 0.27 | -0 | 0.78 / 0.98 | 0 |
  | 12.5 | 682 | 0.10 | 1.003 | 1.007 | 0.894 | 1.06 | 0 | 26 | 0.4 | 0.9 | 0.03 | -1 | 0.75 / 0.91 | 0 |
  | 15 | 1243 | 0.04 | 0.995 | 0.982 | 0.877 | 0.97 | 0 | 14 | 0.6 | 1.5 | 0.08 | -1 | 0.56 / 0.60 | 0 |
  | 17 | 1692 | 0.04 | 0.994 | 0.971 | 0.869 | 0.94 | 0 | 9 | 0.7 | 2.2 | 0.07 | -1 | 0.41 / 0.45 | 0 |
  | 19 | 1748 | 0.04 | 0.992 | 0.977 | 0.894 | 0.95 | 0 | 8 | 0.5 | 2.2 | 0.09 | -1 | 0.35 / 0.38 | 0 |
  | 22 | 1833 | 0.04 | 0.991 | 0.996 | 0.939 | 0.97 | 0 | 7 | 0.3 | 2.5 | 0.00 | -1 | 0.28 / 0.30 | 0 |
  | 26 | 1945 | 0.05 | 0.998 | 1.005 | 0.971 | 0.98 | 0 | 8 | 0.5 | 2.4 | 0.00 | 4 | 0.23 / 0.23 | 0 |
  | 30 | 1971 | 0.04 | 1.005 | 1.004 | 0.975 | 0.99 | 0 | 8 | 0.3 | 2.8 | 0.00 | 9 | 0.19 / 0.19 | 0 |

  **C1 gains, no I policy (control)** (bc)
  | m/s | Kp_eff | ess | hold | tg0.2 | tg0.5 | +-1 fit | dj ev | stick% | T_hf hold | T_hf sin | hunt p2p | step ov% | hard16 / ref | wraps |
  | 3 | 490 | 0.06 | 1.000 | 1.053 | 1.153 | 1.30 | 6 | 69 | 0.6 | 2.3 | 2.31 | 17 | 1.85 / 1.80 | 0 |
  | 5 | 520 | 0.03 | 1.000 | 1.036 | 1.068 | 1.20 | 7 | 52 | 0.5 | 1.4 | 1.16 | 16 | 1.66 / 1.69 | 0 |
  | 5.5 | 529 | 0.03 | 1.000 | 1.031 | 1.048 | 1.17 | 6 | 47 | 0.5 | 1.4 | 0.89 | 15 | 1.51 / 1.52 | 0 |
  | 6 | 537 | 0.03 | 1.000 | 1.025 | 1.029 | 1.15 | 1 | 42 | 0.6 | 1.2 | 0.88 | 13 | 1.98 / 1.91 | 0 |
  | 7 | 554 | 0.03 | 1.000 | 1.013 | 0.994 | 1.10 | 0 | 33 | 0.7 | 1.2 | 0.72 | 10 | 2.42 / 2.49 | 0 |
  | 8 | 570 | 0.04 | 0.999 | 0.998 | 0.962 | 1.05 | 3 | 21 | 0.6 | 0.9 | 0.31 | 9 | 2.12 / 2.26 | 0 |
  | 10 | 570 | 0.03 | 1.001 | 1.007 | 0.946 | 1.07 | 4 | 27 | 0.5 | 0.8 | 0.16 | 2 | 1.32 / 1.51 | 0 |
  | 11.9 | 570 | 0.03 | 1.004 | 1.019 | 0.911 | 1.09 | 2 | 29 | 0.4 | 0.7 | 0.26 | -0 | 0.78 / 0.98 | 0 |
  | 12.5 | 682 | 0.10 | 1.003 | 1.007 | 0.894 | 1.06 | 0 | 26 | 0.4 | 0.9 | 0.03 | -1 | 0.75 / 0.91 | 0 |
  | 15 | 1243 | 0.03 | 0.996 | 0.982 | 0.876 | 0.97 | 0 | 14 | 0.6 | 1.5 | 0.07 | -1 | 0.57 / 0.60 | 0 |
  | 17 | 1692 | 0.04 | 0.994 | 0.971 | 0.868 | 0.94 | 0 | 9 | 0.7 | 2.2 | 0.08 | -1 | 0.41 / 0.45 | 0 |
  | 19 | 1748 | 0.04 | 0.992 | 0.977 | 0.894 | 0.95 | 0 | 8 | 0.6 | 2.2 | 0.09 | -1 | 0.35 / 0.38 | 0 |
  | 22 | 1833 | 0.04 | 0.990 | 0.996 | 0.938 | 0.97 | 0 | 7 | 0.3 | 2.5 | 0.00 | -1 | 0.28 / 0.30 | 0 |
  | 26 | 1945 | 0.05 | 0.998 | 1.005 | 0.971 | 0.98 | 0 | 8 | 0.2 | 2.3 | 0.00 | 3 | 0.23 / 0.23 | 0 |
  | 30 | 1971 | 0.05 | 1.005 | 1.005 | 0.974 | 0.99 | 0 | 6 | 0.3 | 2.8 | 0.00 | 8 | 0.20 / 0.19 | 0 |

  **C0 as listed (450/199, bleed 1024)** (bc)
  | m/s | Kp_eff | ess | hold | tg0.2 | tg0.5 | +-1 fit | dj ev | stick% | T_hf hold | T_hf sin | hunt p2p | step ov% | hard16 / ref | wraps |
  | 3 | 450 | 0.08 | 1.002 | 1.057 | 1.156 | 1.29 | 6 | 76 | 0.5 | 2.0 | 2.41 | 15 | 1.73 / 1.80 | 0 |
  | 5 | 499 | 0.12 | 1.000 | 1.037 | 1.064 | 1.19 | 7 | 56 | 0.5 | 1.2 | 1.15 | 15 | 1.62 / 1.69 | 0 |
  | 5.5 | 515 | 0.08 | 1.000 | 1.031 | 1.045 | 1.17 | 6 | 48 | 0.5 | 1.2 | 0.85 | 13 | 1.50 / 1.52 | 0 |
  | 6 | 531 | 0.11 | 1.000 | 1.025 | 1.027 | 1.14 | 1 | 41 | 0.6 | 1.2 | 0.81 | 12 | 1.95 / 1.91 | 0 |
  | 7 | 566 | 0.11 | 1.000 | 1.012 | 0.996 | 1.08 | 0 | 30 | 0.7 | 1.1 | 0.65 | 11 | 2.45 / 2.49 | 0 |
  | 8 | 599 | 0.11 | 1.001 | 0.997 | 0.965 | 1.02 | 1 | 23 | 0.6 | 1.1 | 0.28 | 10 | 2.22 / 2.26 | 0 |
  | 10 | 777 | 0.12 | 1.001 | 1.010 | 0.993 | 1.05 | 0 | 23 | 0.6 | 1.2 | 0.26 | 14 | 1.60 / 1.51 | 0 |
  | 11.9 | 946 | 0.03 | 1.002 | 1.026 | 1.009 | 1.07 | 1 | 20 | 0.6 | 1.1 | 0.21 | 14 | 1.10 / 0.98 | 0 |
  | 12.5 | 1000 | 0.04 | 0.997 | 1.015 | 0.977 | 1.05 | 2 | 17 | 0.6 | 1.2 | 0.05 | 8 | 0.94 / 0.91 | 0 |
  | 15 | 1575 | 0.04 | 0.995 | 0.990 | 0.927 | 0.97 | 0 | 12 | 0.6 | 1.8 | 0.09 | 3 | 0.62 / 0.60 | 0 |
  | 17 | 2037 | 0.03 | 0.994 | 0.978 | 0.908 | 0.95 | 0 | 7 | 0.8 | 2.4 | 0.09 | 0 | 0.45 / 0.45 | 0 |
  | 19 | 2498 | 0.04 | 0.991 | 0.988 | 0.950 | 0.96 | 0 | 7 | 0.7 | 3.1 | 0.00 | 10 | 0.39 / 0.38 | 0 |
  | 22 | 2714 | 0.03 | 1.001 | 1.002 | 0.986 | 0.98 | 0 | 6 | 0.5 | 3.5 | 0.00 | 15 | 0.34 / 0.30 | 0 |
  | 26 | 2999 | 0.04 | 1.004 | 1.005 | 1.002 | 0.99 | 0 | 12 | 0.4 | 5.4 | 0.00 | 20 | 0.26 / 0.23 | 0 |
  | 30 | 3001 | 0.03 | 1.012 | 1.006 | 1.009 | 0.99 | 0 | 14 | 0.4 | 5.5 | 0.00 | 25 | 0.24 / 0.19 | 0 |

  **C0 rebased x2 (225/100, bleed 1024)** (bc)
  | m/s | Kp_eff | ess | hold | tg0.2 | tg0.5 | +-1 fit | dj ev | stick% | T_hf hold | T_hf sin | hunt p2p | step ov% | hard16 / ref | wraps |
  | 3 | 450 | 0.06 | 1.003 | 1.057 | 1.157 | 1.31 | 6 | 76 | 0.5 | 2.1 | 2.36 | 15 | 1.73 / 1.80 | 0 |
  | 5 | 499 | 0.03 | 1.000 | 1.037 | 1.065 | 1.20 | 7 | 53 | 0.5 | 1.3 | 1.15 | 15 | 1.61 / 1.69 | 0 |
  | 5.5 | 515 | 0.02 | 1.000 | 1.031 | 1.046 | 1.18 | 6 | 47 | 0.6 | 1.3 | 0.90 | 14 | 1.49 / 1.52 | 0 |
  | 6 | 532 | 0.03 | 1.000 | 1.025 | 1.027 | 1.15 | 2 | 42 | 0.6 | 1.2 | 0.85 | 13 | 1.97 / 1.91 | 0 |
  | 7 | 566 | 0.03 | 1.000 | 1.013 | 0.997 | 1.10 | 0 | 31 | 0.7 | 1.0 | 0.70 | 11 | 2.45 / 2.49 | 0 |
  | 8 | 599 | 0.05 | 0.998 | 0.998 | 0.968 | 1.04 | 2 | 20 | 0.7 | 1.1 | 0.31 | 11 | 2.29 / 2.26 | 0 |
  | 10 | 777 | 0.02 | 1.000 | 1.010 | 0.995 | 1.06 | 2 | 21 | 0.7 | 1.0 | 0.30 | 14 | 1.60 / 1.51 | 0 |
  | 11.9 | 947 | 0.03 | 1.002 | 1.024 | 1.012 | 1.07 | 1 | 21 | 0.7 | 1.1 | 0.24 | 15 | 1.11 / 0.98 | 0 |
  | 12.5 | 999 | 0.03 | 1.002 | 1.010 | 0.978 | 1.05 | 2 | 19 | 0.6 | 1.2 | 0.06 | 8 | 0.95 / 0.91 | 0 |
  | 15 | 1577 | 0.03 | 0.996 | 0.991 | 0.929 | 0.98 | 1 | 12 | 0.6 | 1.7 | 0.11 | 3 | 0.63 / 0.60 | 0 |
  | 17 | 2038 | 0.03 | 0.994 | 0.981 | 0.907 | 0.95 | 0 | 7 | 0.9 | 2.4 | 0.08 | 1 | 0.44 / 0.45 | 0 |
  | 19 | 2500 | 0.05 | 0.991 | 0.991 | 0.951 | 0.96 | 0 | 5 | 0.8 | 3.1 | 0.00 | 10 | 0.39 / 0.38 | 0 |
  | 22 | 2714 | 0.03 | 1.002 | 1.001 | 0.982 | 0.98 | 0 | 8 | 0.5 | 3.2 | 0.00 | 15 | 0.33 / 0.30 | 0 |
  | 26 | 3000 | 0.04 | 1.012 | 1.003 | 1.003 | 0.99 | 0 | 13 | 0.4 | 5.4 | 0.00 | 20 | 0.28 / 0.23 | 0 |
  | 30 | 3001 | 0.05 | 1.012 | 1.003 | 1.002 | 0.99 | 0 | 12 | 0.3 | 5.5 | 0.00 | 26 | 0.24 / 0.19 | 0 |

===== member J1.0  (suite robust)
  -- LINE-ONLY
     5/15 C1 (freeze |tq|>512 + ramp<0x8000)             3:stick/deadzone 5:stick/deadzone 5.5:stick/deadzone 6:stick/deadzone 7:deadzone 8:stick/deadzone/track/hold 10:stick 11.9:PASS 12.5:PASS 15:track 17:track 19:track 22:PASS 26:PASS 30:PASS
     5/15 C1 freeze |tq|>512 only (no ramp freeze)       3:stick/deadzone 5:stick/deadzone 5.5:stick/deadzone 6:stick/deadzone 7:deadzone 8:stick/deadzone/track/hold 10:stick 11.9:PASS 12.5:PASS 15:track 17:track 19:track 22:PASS 26:PASS 30:PASS
     5/15 C1 freeze |tq|>1024 + ramp                     3:stick/deadzone 5:stick/deadzone 5.5:stick/deadzone 6:stick/deadzone 7:deadzone 8:stick/deadzone/track/hold 10:stick 11.9:PASS 12.5:PASS 15:track 17:track 19:track 22:PASS 26:PASS 30:PASS
     5/15 C1 gains + C0 bleed (1024, tau 64 ms)          3:stick/deadzone 5:stick/deadzone 5.5:stick/deadzone 6:stick/deadzone 7:deadzone 8:stick/deadzone/track/hold 10:stick 11.9:PASS 12.5:PASS 15:track 17:track 19:track 22:PASS 26:PASS 30:PASS
     5/15 C1 gains, no I policy (control)                3:stick/deadzone 5:stick/deadzone 5.5:stick/deadzone 6:stick/deadzone 7:deadzone 8:stick/deadzone/track/hold 10:stick 11.9:PASS 12.5:PASS 15:track 17:track 19:track 22:PASS 26:PASS 30:PASS
     5/15 C0 as listed (450/199, bleed 1024)             3:stick/deadzone 5:stick/deadzone 5.5:stick/deadzone 6:stick/deadzone 7:deadzone 8:stick/deadzone/track/hold 10:PASS 11.9:stable/stick/track 12.5:stick 15:PASS 17:PASS 19:PASS 22:PASS 26:track 30:track
     5/15 C0 rebased x2 (225/100, bleed 1024)            3:stick/deadzone 5:stick/deadzone 5.5:stick/deadzone 6:stick/deadzone 7:deadzone 8:stick/deadzone/track/hold 10:PASS 11.9:stable/stick/track 12.5:stick 15:PASS 17:PASS 19:PASS 22:PASS 26:track 30:track
  -- STRICT (texture gated)
     2/15 C1 (freeze |tq|>512 + ramp<0x8000)             3:texture/stick/deadzone 5:stick/deadzone 5.5:stick/deadzone 6:stick/deadzone 7:deadzone 8:stick/deadzone/track/hold 10:stick 11.9:PASS 12.5:PASS 15:track 17:track 19:texture/track 22:texture 26:texture 30:texture
     2/15 C1 freeze |tq|>512 only (no ramp freeze)       3:texture/stick/deadzone 5:stick/deadzone 5.5:stick/deadzone 6:stick/deadzone 7:deadzone 8:stick/deadzone/track/hold 10:stick 11.9:PASS 12.5:PASS 15:track 17:track 19:texture/track 22:texture 26:texture 30:texture
     2/15 C1 freeze |tq|>1024 + ramp                     3:texture/stick/deadzone 5:stick/deadzone 5.5:stick/deadzone 6:stick/deadzone 7:deadzone 8:stick/deadzone/track/hold 10:stick 11.9:PASS 12.5:PASS 15:track 17:track 19:texture/track 22:texture 26:texture 30:texture
     2/15 C1 gains + C0 bleed (1024, tau 64 ms)          3:texture/stick/deadzone 5:stick/deadzone 5.5:stick/deadzone 6:stick/deadzone 7:deadzone 8:stick/deadzone/track/hold 10:stick 11.9:PASS 12.5:PASS 15:track 17:track 19:track 22:texture 26:texture 30:texture
     2/15 C1 gains, no I policy (control)                3:texture/stick/deadzone 5:stick/deadzone 5.5:stick/deadzone 6:stick/deadzone 7:deadzone 8:stick/deadzone/track/hold 10:stick 11.9:PASS 12.5:PASS 15:track 17:track 19:track 22:texture 26:texture 30:texture
     2/15 C0 as listed (450/199, bleed 1024)             3:texture/stick/deadzone 5:stick/deadzone 5.5:stick/deadzone 6:stick/deadzone 7:deadzone 8:stick/deadzone/track/hold 10:PASS 11.9:stable/stick/track 12.5:stick 15:PASS 17:texture 19:texture 22:texture 26:texture/track 30:texture/track
     2/15 C0 rebased x2 (225/100, bleed 1024)            3:texture/stick/deadzone 5:stick/deadzone 5.5:stick/deadzone 6:stick/deadzone 7:deadzone 8:stick/deadzone/track/hold 10:PASS 11.9:stable/stick/track 12.5:stick 15:PASS 17:texture 19:texture 22:texture 26:texture/track 30:texture/track

  **C1 (freeze |tq|>512 + ramp<0x8000)** (J1.0)
  | m/s | Kp_eff | ess | hold | tg0.2 | tg0.5 | +-1 fit | dj ev | stick% | T_hf hold | T_hf sin | hunt p2p | step ov% | hard16 / ref | wraps |
  | 3 | 490 | 8.35 | 0.907 | 1.071 | 1.026 | 1.38 | 2 | 30 | 0.5 | 3.0 | 4.01 | 7 | 0.65 / 1.80 | 0 |
  | 5 | 520 | 5.22 | 0.896 | 1.033 | 1.059 | 1.22 | 1 | 30 | 0.5 | 0.6 | 1.91 | 15 | 0.67 / 1.69 | 0 |
  | 5.5 | 529 | 4.82 | 0.893 | 1.023 | 1.025 | 1.18 | 1 | 27 | 0.4 | 0.6 | 1.46 | 17 | 0.61 / 1.52 | 0 |
  | 6 | 537 | 4.10 | 0.898 | 1.013 | 0.992 | 1.15 | 1 | 26 | 0.4 | 0.6 | 1.37 | 19 | 0.82 / 1.91 | 0 |
  | 7 | 554 | 3.26 | 0.901 | 0.994 | 0.938 | 1.09 | 0 | 21 | 0.6 | 0.6 | 1.02 | 21 | 0.97 / 2.49 | 0 |
  | 8 | 570 | 3.38 | 0.887 | 0.975 | 0.892 | 1.04 | 1 | 13 | 0.5 | 0.7 | 0.62 | 18 | 0.88 / 2.26 | 0 |
  | 10 | 570 | 0.07 | 0.997 | 0.994 | 0.961 | 1.07 | 2 | 17 | 0.5 | 0.7 | 0.65 | 26 | 0.90 / 1.51 | 0 |
  | 11.9 | 570 | 0.10 | 0.993 | 1.015 | 1.033 | 1.09 | 0 | 20 | 0.4 | 0.6 | 0.69 | 36 | 0.69 / 0.98 | 0 |
  | 12.5 | 682 | 0.07 | 0.994 | 1.007 | 0.989 | 1.07 | 0 | 16 | 0.4 | 0.8 | 0.38 | 30 | 0.72 / 0.91 | 0 |
  | 15 | 1243 | 0.02 | 1.000 | 0.988 | 0.933 | 0.99 | 0 | 9 | 0.7 | 1.5 | 0.02 | 21 | 0.58 / 0.60 | 0 |
  | 17 | 1692 | 0.03 | 1.004 | 0.979 | 0.916 | 0.96 | 0 | 5 | 0.8 | 2.0 | 0.01 | 15 | 0.44 / 0.45 | 0 |
  | 19 | 1748 | 0.03 | 1.005 | 0.986 | 0.942 | 0.97 | 0 | 5 | 0.8 | 2.0 | 0.00 | 14 | 0.34 / 0.38 | 0 |
  | 22 | 1833 | 0.02 | 1.002 | 1.009 | 0.984 | 1.01 | 0 | 1 | 0.7 | 2.6 | 0.07 | 13 | 0.23 / 0.30 | 0 |
  | 26 | 1945 | 0.02 | 1.006 | 1.022 | 1.027 | 1.02 | 0 | 3 | 0.8 | 2.5 | 0.08 | 14 | 0.16 / 0.23 | 0 |
  | 30 | 1971 | 0.03 | 0.997 | 1.023 | 1.038 | 1.03 | 0 | 4 | 0.8 | 2.7 | 0.14 | 20 | 0.13 / 0.19 | 0 |

  **C1 freeze |tq|>512 only (no ramp freeze)** (J1.0)
  | m/s | Kp_eff | ess | hold | tg0.2 | tg0.5 | +-1 fit | dj ev | stick% | T_hf hold | T_hf sin | hunt p2p | step ov% | hard16 / ref | wraps |
  | 3 | 490 | 8.36 | 0.907 | 1.071 | 1.026 | 1.38 | 2 | 30 | 0.5 | 3.1 | 4.01 | 7 | 0.65 / 1.80 | 0 |
  | 5 | 520 | 5.22 | 0.896 | 1.032 | 1.059 | 1.22 | 1 | 30 | 0.5 | 0.6 | 1.90 | 15 | 0.67 / 1.69 | 0 |
  | 5.5 | 529 | 4.83 | 0.893 | 1.023 | 1.025 | 1.18 | 1 | 26 | 0.4 | 0.6 | 1.46 | 17 | 0.61 / 1.52 | 0 |
  | 6 | 537 | 4.10 | 0.898 | 1.013 | 0.993 | 1.15 | 1 | 26 | 0.4 | 0.6 | 1.37 | 19 | 0.82 / 1.91 | 0 |
  | 7 | 554 | 3.26 | 0.901 | 0.994 | 0.938 | 1.09 | 0 | 21 | 0.6 | 0.6 | 1.01 | 21 | 0.97 / 2.49 | 0 |
  | 8 | 570 | 3.38 | 0.887 | 0.975 | 0.892 | 1.04 | 1 | 14 | 0.5 | 0.7 | 0.62 | 18 | 0.88 / 2.26 | 0 |
  | 10 | 570 | 0.06 | 0.997 | 0.993 | 0.961 | 1.07 | 2 | 15 | 0.5 | 0.7 | 0.65 | 26 | 0.90 / 1.51 | 0 |
  | 11.9 | 570 | 0.10 | 0.992 | 1.015 | 1.033 | 1.09 | 0 | 19 | 0.4 | 0.6 | 0.68 | 36 | 0.69 / 0.98 | 0 |
  | 12.5 | 682 | 0.07 | 0.994 | 1.007 | 0.989 | 1.07 | 0 | 16 | 0.5 | 0.8 | 0.38 | 30 | 0.71 / 0.91 | 0 |
  | 15 | 1243 | 0.03 | 1.000 | 0.988 | 0.933 | 0.99 | 0 | 9 | 0.7 | 1.5 | 0.01 | 21 | 0.58 / 0.60 | 0 |
  | 17 | 1692 | 0.03 | 1.002 | 0.979 | 0.916 | 0.96 | 0 | 5 | 0.8 | 1.9 | 0.01 | 15 | 0.44 / 0.45 | 0 |
  | 19 | 1748 | 0.03 | 1.005 | 0.986 | 0.942 | 0.97 | 0 | 5 | 0.8 | 2.0 | 0.00 | 14 | 0.34 / 0.38 | 0 |
  | 22 | 1833 | 0.02 | 1.002 | 1.008 | 0.984 | 1.01 | 0 | 0 | 0.7 | 2.6 | 0.06 | 13 | 0.23 / 0.30 | 0 |
  | 26 | 1945 | 0.03 | 1.006 | 1.022 | 1.026 | 1.02 | 0 | 5 | 0.9 | 2.6 | 0.08 | 14 | 0.16 / 0.23 | 0 |
  | 30 | 1971 | 0.03 | 1.002 | 1.023 | 1.038 | 1.03 | 0 | 4 | 0.9 | 2.7 | 0.12 | 20 | 0.13 / 0.19 | 0 |

  **C1 freeze |tq|>1024 + ramp** (J1.0)
  | m/s | Kp_eff | ess | hold | tg0.2 | tg0.5 | +-1 fit | dj ev | stick% | T_hf hold | T_hf sin | hunt p2p | step ov% | hard16 / ref | wraps |
  | 3 | 490 | 8.36 | 0.907 | 1.071 | 1.026 | 1.39 | 2 | 30 | 0.4 | 3.0 | 4.02 | 7 | 0.65 / 1.80 | 0 |
  | 5 | 520 | 5.22 | 0.896 | 1.033 | 1.059 | 1.22 | 1 | 30 | 0.4 | 0.6 | 1.90 | 15 | 0.67 / 1.69 | 0 |
  | 5.5 | 529 | 4.83 | 0.893 | 1.023 | 1.025 | 1.18 | 1 | 26 | 0.4 | 0.6 | 1.46 | 17 | 0.61 / 1.52 | 0 |
  | 6 | 537 | 4.10 | 0.897 | 1.013 | 0.993 | 1.15 | 1 | 26 | 0.4 | 0.6 | 1.36 | 19 | 0.82 / 1.91 | 0 |
  | 7 | 554 | 3.26 | 0.901 | 0.994 | 0.938 | 1.09 | 0 | 21 | 0.6 | 0.6 | 1.02 | 21 | 0.97 / 2.49 | 0 |
  | 8 | 570 | 3.39 | 0.887 | 0.975 | 0.892 | 1.04 | 1 | 13 | 0.5 | 0.7 | 0.61 | 18 | 0.89 / 2.26 | 0 |
  | 10 | 570 | 0.06 | 0.997 | 0.994 | 0.961 | 1.07 | 2 | 17 | 0.5 | 0.6 | 0.65 | 26 | 0.91 / 1.51 | 0 |
  | 11.9 | 570 | 0.10 | 0.992 | 1.015 | 1.034 | 1.10 | 0 | 20 | 0.4 | 0.6 | 0.68 | 35 | 0.69 / 0.98 | 0 |
  | 12.5 | 682 | 0.06 | 0.995 | 1.007 | 0.989 | 1.07 | 0 | 17 | 0.5 | 0.8 | 0.37 | 30 | 0.72 / 0.91 | 0 |
  | 15 | 1243 | 0.03 | 1.000 | 0.988 | 0.933 | 0.99 | 0 | 9 | 0.7 | 1.5 | 0.02 | 21 | 0.58 / 0.60 | 0 |
  | 17 | 1692 | 0.03 | 1.001 | 0.979 | 0.916 | 0.96 | 0 | 5 | 0.8 | 1.9 | 0.01 | 15 | 0.44 / 0.45 | 0 |
  | 19 | 1748 | 0.03 | 1.005 | 0.986 | 0.942 | 0.97 | 0 | 5 | 0.7 | 2.0 | 0.00 | 14 | 0.34 / 0.38 | 0 |
  | 22 | 1833 | 0.03 | 1.002 | 1.009 | 0.984 | 1.01 | 0 | 0 | 0.7 | 2.6 | 0.07 | 13 | 0.23 / 0.30 | 0 |
  | 26 | 1945 | 0.03 | 1.004 | 1.022 | 1.027 | 1.02 | 0 | 5 | 0.9 | 2.5 | 0.09 | 14 | 0.15 / 0.23 | 0 |
  | 30 | 1971 | 0.03 | 0.996 | 1.023 | 1.038 | 1.03 | 0 | 4 | 0.9 | 2.7 | 0.11 | 20 | 0.13 / 0.19 | 0 |

  **C1 gains + C0 bleed (1024, tau 64 ms)** (J1.0)
  | m/s | Kp_eff | ess | hold | tg0.2 | tg0.5 | +-1 fit | dj ev | stick% | T_hf hold | T_hf sin | hunt p2p | step ov% | hard16 / ref | wraps |
  | 3 | 490 | 8.36 | 0.907 | 1.071 | 1.026 | 1.38 | 2 | 30 | 0.5 | 3.1 | 4.01 | 7 | 0.65 / 1.80 | 0 |
  | 5 | 520 | 5.22 | 0.896 | 1.033 | 1.059 | 1.22 | 1 | 30 | 0.4 | 0.6 | 1.91 | 15 | 0.67 / 1.69 | 0 |
  | 5.5 | 529 | 4.82 | 0.893 | 1.023 | 1.025 | 1.18 | 1 | 27 | 0.4 | 0.6 | 1.47 | 17 | 0.61 / 1.52 | 0 |
  | 6 | 537 | 4.10 | 0.897 | 1.013 | 0.993 | 1.15 | 1 | 26 | 0.4 | 0.6 | 1.37 | 19 | 0.82 / 1.91 | 0 |
  | 7 | 554 | 3.26 | 0.901 | 0.994 | 0.938 | 1.09 | 0 | 21 | 0.6 | 0.6 | 1.02 | 21 | 0.97 / 2.49 | 0 |
  | 8 | 570 | 3.38 | 0.887 | 0.975 | 0.893 | 1.04 | 1 | 13 | 0.5 | 0.7 | 0.61 | 18 | 0.88 / 2.26 | 0 |
  | 10 | 570 | 0.06 | 0.997 | 0.993 | 0.961 | 1.07 | 2 | 16 | 0.5 | 0.6 | 0.66 | 26 | 0.90 / 1.51 | 0 |
  | 11.9 | 570 | 0.10 | 0.992 | 1.015 | 1.033 | 1.09 | 0 | 20 | 0.4 | 0.6 | 0.69 | 35 | 0.72 / 0.98 | 0 |
  | 12.5 | 682 | 0.06 | 0.995 | 1.007 | 0.989 | 1.07 | 0 | 16 | 0.5 | 0.8 | 0.36 | 30 | 0.72 / 0.91 | 0 |
  | 15 | 1243 | 0.02 | 1.000 | 0.988 | 0.933 | 0.99 | 0 | 9 | 0.7 | 1.5 | 0.02 | 21 | 0.58 / 0.60 | 0 |
  | 17 | 1692 | 0.03 | 1.001 | 0.979 | 0.916 | 0.96 | 0 | 5 | 0.8 | 2.0 | 0.01 | 15 | 0.44 / 0.45 | 0 |
  | 19 | 1748 | 0.03 | 1.005 | 0.986 | 0.942 | 0.97 | 0 | 5 | 0.8 | 2.0 | 0.00 | 14 | 0.34 / 0.38 | 0 |
  | 22 | 1833 | 0.02 | 1.002 | 1.008 | 0.985 | 1.01 | 0 | 0 | 0.7 | 2.6 | 0.07 | 13 | 0.23 / 0.30 | 0 |
  | 26 | 1945 | 0.03 | 1.004 | 1.022 | 1.026 | 1.02 | 0 | 3 | 0.9 | 2.6 | 0.09 | 14 | 0.15 / 0.23 | 0 |
  | 30 | 1971 | 0.03 | 0.997 | 1.023 | 1.038 | 1.03 | 0 | 6 | 0.9 | 2.7 | 0.14 | 20 | 0.13 / 0.19 | 0 |

  **C1 gains, no I policy (control)** (J1.0)
  | m/s | Kp_eff | ess | hold | tg0.2 | tg0.5 | +-1 fit | dj ev | stick% | T_hf hold | T_hf sin | hunt p2p | step ov% | hard16 / ref | wraps |
  | 3 | 490 | 8.35 | 0.907 | 1.071 | 1.026 | 1.39 | 2 | 30 | 0.5 | 3.0 | 4.01 | 7 | 0.65 / 1.80 | 0 |
  | 5 | 520 | 5.22 | 0.896 | 1.033 | 1.059 | 1.22 | 1 | 30 | 0.4 | 0.6 | 1.90 | 15 | 0.67 / 1.69 | 0 |
  | 5.5 | 529 | 4.82 | 0.893 | 1.023 | 1.025 | 1.19 | 1 | 27 | 0.4 | 0.6 | 1.46 | 17 | 0.61 / 1.52 | 0 |
  | 6 | 537 | 4.10 | 0.897 | 1.013 | 0.993 | 1.15 | 1 | 26 | 0.4 | 0.6 | 1.37 | 19 | 0.82 / 1.91 | 0 |
  | 7 | 554 | 3.26 | 0.901 | 0.994 | 0.938 | 1.09 | 0 | 21 | 0.6 | 0.6 | 1.02 | 21 | 0.97 / 2.49 | 0 |
  | 8 | 570 | 3.39 | 0.887 | 0.975 | 0.892 | 1.04 | 1 | 14 | 0.5 | 0.7 | 0.62 | 18 | 0.88 / 2.26 | 0 |
  | 10 | 570 | 0.06 | 0.997 | 0.994 | 0.961 | 1.07 | 2 | 17 | 0.5 | 0.7 | 0.66 | 26 | 0.90 / 1.51 | 0 |
  | 11.9 | 570 | 0.10 | 0.992 | 1.015 | 1.034 | 1.09 | 0 | 20 | 0.4 | 0.6 | 0.70 | 36 | 0.69 / 0.98 | 0 |
  | 12.5 | 682 | 0.07 | 0.994 | 1.007 | 0.990 | 1.07 | 0 | 16 | 0.4 | 0.8 | 0.37 | 30 | 0.72 / 0.91 | 0 |
  | 15 | 1243 | 0.03 | 1.000 | 0.988 | 0.933 | 0.99 | 0 | 9 | 0.7 | 1.4 | 0.02 | 21 | 0.57 / 0.60 | 0 |
  | 17 | 1692 | 0.03 | 1.000 | 0.979 | 0.916 | 0.96 | 0 | 5 | 0.8 | 1.9 | 0.01 | 15 | 0.44 / 0.45 | 0 |
  | 19 | 1748 | 0.03 | 1.005 | 0.986 | 0.942 | 0.97 | 0 | 5 | 0.7 | 2.0 | 0.00 | 14 | 0.34 / 0.38 | 0 |
  | 22 | 1833 | 0.02 | 1.002 | 1.009 | 0.984 | 1.01 | 0 | 1 | 0.7 | 2.5 | 0.07 | 13 | 0.23 / 0.30 | 0 |
  | 26 | 1945 | 0.02 | 1.004 | 1.022 | 1.026 | 1.02 | 0 | 3 | 0.9 | 2.6 | 0.10 | 14 | 0.15 / 0.23 | 0 |
  | 30 | 1971 | 0.03 | 0.997 | 1.024 | 1.038 | 1.03 | 0 | 4 | 0.9 | 2.7 | 0.13 | 20 | 0.13 / 0.19 | 0 |

  **C0 as listed (450/199, bleed 1024)** (J1.0)
  | m/s | Kp_eff | ess | hold | tg0.2 | tg0.5 | +-1 fit | dj ev | stick% | T_hf hold | T_hf sin | hunt p2p | step ov% | hard16 / ref | wraps |
  | 3 | 450 | 9.06 | 0.899 | 1.076 | 0.988 | 1.45 | 1 | 33 | 0.4 | 3.1 | 4.29 | 6 | 0.59 / 1.80 | 0 |
  | 5 | 499 | 5.42 | 0.892 | 1.032 | 1.040 | 1.22 | 1 | 28 | 0.4 | 0.6 | 1.96 | 14 | 0.64 / 1.69 | 0 |
  | 5.5 | 515 | 4.94 | 0.890 | 1.022 | 1.011 | 1.19 | 1 | 28 | 0.4 | 0.6 | 1.49 | 16 | 0.59 / 1.52 | 0 |
  | 6 | 531 | 4.15 | 0.896 | 1.012 | 0.986 | 1.14 | 1 | 26 | 0.5 | 0.6 | 1.37 | 19 | 0.81 / 1.91 | 0 |
  | 7 | 566 | 3.21 | 0.903 | 0.995 | 0.944 | 1.08 | 0 | 23 | 0.6 | 0.7 | 1.01 | 21 | 0.99 / 2.49 | 0 |
  | 8 | 599 | 3.28 | 0.891 | 0.976 | 0.907 | 1.02 | 1 | 17 | 0.6 | 0.7 | 0.58 | 19 | 0.95 / 2.26 | 0 |
  | 10 | 777 | 0.04 | 0.998 | 1.003 | 1.021 | 1.03 | 0 | 14 | 0.6 | 1.0 | 0.63 | 40 | 1.50 / 1.51 | 0 |
  | 11.9 | 946 | 0.10 | 0.993 | 1.021 | 1.068 | 1.07 | 4 | 12 | 0.9 | 0.9 | 2.42 | 60 | 1.73 / 0.98 | 0 |
  | 12.5 | 1000 | 0.03 | 0.997 | 1.013 | 1.035 | 1.05 | 1 | 12 | 0.8 | 1.1 | 0.95 | 49 | 1.37 / 0.91 | 0 |
  | 15 | 1575 | 0.04 | 0.996 | 0.994 | 0.974 | 0.99 | 0 | 8 | 0.7 | 1.8 | 0.04 | 33 | 0.77 / 0.60 | 0 |
  | 17 | 2037 | 0.04 | 0.993 | 0.985 | 0.950 | 0.97 | 0 | 5 | 0.7 | 2.3 | 0.01 | 24 | 0.52 / 0.45 | 0 |
  | 19 | 2498 | 0.02 | 0.995 | 0.995 | 0.994 | 0.98 | 0 | 5 | 0.7 | 2.8 | 0.00 | 29 | 0.47 / 0.38 | 0 |
  | 22 | 2714 | 0.03 | 1.001 | 1.011 | 1.035 | 1.01 | 0 | 0 | 0.9 | 3.4 | 0.00 | 27 | 0.37 / 0.30 | 0 |
  | 26 | 2999 | 0.04 | 1.000 | 1.017 | 1.058 | 1.01 | 0 | 5 | 1.0 | 5.1 | 0.01 | 26 | 0.23 / 0.23 | 0 |
  | 30 | 3001 | 0.03 | 1.001 | 1.018 | 1.073 | 1.01 | 0 | 4 | 0.9 | 5.3 | 0.00 | 29 | 0.19 / 0.19 | 0 |

  **C0 rebased x2 (225/100, bleed 1024)** (J1.0)
  | m/s | Kp_eff | ess | hold | tg0.2 | tg0.5 | +-1 fit | dj ev | stick% | T_hf hold | T_hf sin | hunt p2p | step ov% | hard16 / ref | wraps |
  | 3 | 450 | 9.05 | 0.899 | 1.075 | 0.989 | 1.43 | 1 | 33 | 0.4 | 3.1 | 4.31 | 6 | 0.59 / 1.80 | 0 |
  | 5 | 499 | 5.42 | 0.892 | 1.032 | 1.043 | 1.23 | 1 | 30 | 0.5 | 0.6 | 1.98 | 14 | 0.64 / 1.69 | 0 |
  | 5.5 | 515 | 4.95 | 0.890 | 1.023 | 1.014 | 1.19 | 1 | 26 | 0.4 | 0.6 | 1.51 | 16 | 0.59 / 1.52 | 0 |
  | 6 | 532 | 4.14 | 0.896 | 1.013 | 0.989 | 1.15 | 1 | 26 | 0.4 | 0.6 | 1.37 | 19 | 0.81 / 1.91 | 0 |
  | 7 | 566 | 3.21 | 0.903 | 0.995 | 0.947 | 1.09 | 0 | 19 | 0.6 | 0.7 | 1.02 | 22 | 1.00 / 2.49 | 0 |
  | 8 | 599 | 3.29 | 0.890 | 0.978 | 0.911 | 1.04 | 1 | 16 | 0.6 | 0.7 | 0.67 | 20 | 0.96 / 2.26 | 0 |
  | 10 | 777 | 0.02 | 0.999 | 1.003 | 1.023 | 1.05 | 0 | 15 | 0.7 | 0.9 | 0.66 | 40 | 1.52 / 1.51 | 0 |
  | 11.9 | 947 | 0.03 | 0.998 | 1.020 | 1.067 | 1.07 | 2 | 13 | 0.9 | 1.0 | 2.39 | 61 | 1.77 / 0.98 | 0 |
  | 12.5 | 999 | 0.01 | 0.999 | 1.010 | 1.036 | 1.04 | 2 | 14 | 0.7 | 1.0 | 0.92 | 50 | 1.40 / 0.91 | 0 |
  | 15 | 1577 | 0.04 | 0.995 | 0.995 | 0.976 | 1.00 | 0 | 9 | 0.8 | 1.7 | 0.06 | 33 | 0.77 / 0.60 | 0 |
  | 17 | 2038 | 0.04 | 0.993 | 0.988 | 0.951 | 0.97 | 0 | 5 | 0.7 | 2.2 | 0.02 | 24 | 0.53 / 0.45 | 0 |
  | 19 | 2500 | 0.01 | 0.997 | 0.998 | 0.992 | 0.98 | 0 | 5 | 0.9 | 3.2 | 0.00 | 30 | 0.48 / 0.38 | 0 |
  | 22 | 2714 | 0.02 | 1.003 | 1.010 | 1.031 | 1.00 | 0 | 0 | 0.8 | 3.6 | 0.00 | 27 | 0.38 / 0.30 | 0 |
  | 26 | 3000 | 0.03 | 1.006 | 1.016 | 1.062 | 1.01 | 0 | 5 | 0.9 | 5.0 | 0.00 | 26 | 0.26 / 0.23 | 0 |
  | 30 | 3001 | 0.04 | 1.004 | 1.016 | 1.075 | 1.02 | 0 | 2 | 0.9 | 5.3 | 0.02 | 29 | 0.18 / 0.19 | 0 |

===== member J_hi2  (suite robust)
  -- LINE-ONLY
     4/15 C1 (freeze |tq|>512 + ramp<0x8000)             3:stick/deadzone 5:stick/deadzone 5.5:stick/deadzone 6:stick/deadzone 7:stick/deadzone 8:deadzone/track 10:PASS 11.9:stick 12.5:stick 15:stick/track 17:track 19:track 22:PASS 26:PASS 30:PASS
     4/15 C1 freeze |tq|>512 only (no ramp freeze)       3:stick/deadzone 5:stick/deadzone 5.5:stick/deadzone 6:stick/deadzone 7:stick/deadzone 8:deadzone/track 10:PASS 11.9:stick 12.5:stick 15:stick/track 17:track 19:track 22:PASS 26:PASS 30:PASS
     4/15 C1 freeze |tq|>1024 + ramp                     3:stick/deadzone 5:stick/deadzone 5.5:stick/deadzone 6:stick/deadzone 7:stick/deadzone 8:deadzone/track 10:PASS 11.9:stick 12.5:stick 15:stick/track 17:track 19:track 22:PASS 26:PASS 30:PASS
     4/15 C1 gains + C0 bleed (1024, tau 64 ms)          3:stick/deadzone 5:stick/deadzone 5.5:stick/deadzone 6:stick/deadzone 7:stick/deadzone 8:deadzone/track 10:PASS 11.9:stick 12.5:stick 15:stick/track 17:track 19:track 22:PASS 26:PASS 30:PASS
     4/15 C1 gains, no I policy (control)                3:stick/deadzone 5:stick/deadzone 5.5:stick/deadzone 6:stick/deadzone 7:stick/deadzone 8:deadzone/track 10:PASS 11.9:stick 12.5:stick 15:stick/track 17:track 19:track 22:PASS 26:PASS 30:PASS
     4/15 C0 as listed (450/199, bleed 1024)             3:stick/deadzone 5:stick/deadzone 5.5:stick/deadzone 6:stick/deadzone 7:stick/deadzone 8:deadzone/track 10:stick 11.9:stick/track 12.5:PASS 15:PASS 17:track 19:PASS 22:PASS 26:track 30:track
     3/15 C0 rebased x2 (225/100, bleed 1024)            3:stick/deadzone 5:stick/deadzone 5.5:stick/deadzone 6:stick/deadzone 7:stick/deadzone 8:deadzone/track 10:stick 11.9:stick/track 12.5:stick 15:PASS 17:track 19:PASS 22:PASS 26:track 30:track
  -- STRICT (texture gated)
     1/15 C1 (freeze |tq|>512 + ramp<0x8000)             3:texture/stick/deadzone 5:stick/deadzone 5.5:stick/deadzone 6:stick/deadzone 7:stick/deadzone 8:deadzone/track 10:PASS 11.9:stick 12.5:stick 15:stick/track 17:track 19:texture/track 22:texture 26:texture 30:texture
     1/15 C1 freeze |tq|>512 only (no ramp freeze)       3:texture/stick/deadzone 5:stick/deadzone 5.5:stick/deadzone 6:stick/deadzone 7:stick/deadzone 8:deadzone/track 10:PASS 11.9:stick 12.5:stick 15:stick/track 17:track 19:texture/track 22:texture 26:texture 30:texture
     1/15 C1 freeze |tq|>1024 + ramp                     3:texture/stick/deadzone 5:stick/deadzone 5.5:stick/deadzone 6:stick/deadzone 7:stick/deadzone 8:deadzone/track 10:PASS 11.9:stick 12.5:stick 15:stick/track 17:track 19:track 22:texture 26:texture 30:texture
     1/15 C1 gains + C0 bleed (1024, tau 64 ms)          3:texture/stick/deadzone 5:stick/deadzone 5.5:stick/deadzone 6:stick/deadzone 7:stick/deadzone 8:deadzone/track 10:PASS 11.9:stick 12.5:stick 15:stick/track 17:track 19:texture/track 22:texture 26:texture 30:texture
     1/15 C1 gains, no I policy (control)                3:texture/stick/deadzone 5:stick/deadzone 5.5:stick/deadzone 6:stick/deadzone 7:stick/deadzone 8:deadzone/track 10:PASS 11.9:stick 12.5:stick 15:stick/track 17:track 19:track 22:texture 26:texture 30:texture
     2/15 C0 as listed (450/199, bleed 1024)             3:texture/stick/deadzone 5:stick/deadzone 5.5:stick/deadzone 6:stick/deadzone 7:stick/deadzone 8:deadzone/track 10:stick 11.9:stick/track 12.5:PASS 15:PASS 17:texture/track 19:texture 22:texture 26:texture/track 30:texture/track
     1/15 C0 rebased x2 (225/100, bleed 1024)            3:texture/stick/deadzone 5:stick/deadzone 5.5:stick/deadzone 6:stick/deadzone 7:stick/deadzone 8:deadzone/track 10:stick 11.9:stick/track 12.5:stick 15:PASS 17:texture/track 19:texture 22:texture 26:texture/track 30:texture/track

  **C1 (freeze |tq|>512 + ramp<0x8000)** (J_hi2)
  | m/s | Kp_eff | ess | hold | tg0.2 | tg0.5 | +-1 fit | dj ev | stick% | T_hf hold | T_hf sin | hunt p2p | step ov% | hard16 / ref | wraps |
  | 3 | 490 | 5.67 | 0.937 | 1.067 | 1.097 | 1.36 | 1 | 35 | 0.4 | 2.6 | 3.48 | 11 | 0.74 / 1.80 | 0 |
  | 5 | 520 | 3.42 | 0.932 | 1.036 | 1.084 | 1.21 | 1 | 30 | 0.5 | 0.6 | 1.71 | 19 | 0.73 / 1.69 | 0 |
  | 5.5 | 529 | 3.14 | 0.930 | 1.027 | 1.053 | 1.18 | 1 | 26 | 0.4 | 0.6 | 1.36 | 21 | 0.68 / 1.52 | 0 |
  | 6 | 537 | 2.56 | 0.936 | 1.019 | 1.023 | 1.16 | 1 | 26 | 0.5 | 0.6 | 1.22 | 23 | 1.01 / 1.91 | 0 |
  | 7 | 554 | 1.85 | 0.944 | 1.003 | 0.971 | 1.10 | 1 | 21 | 0.5 | 0.7 | 0.86 | 22 | 1.19 / 2.49 | 0 |
  | 8 | 570 | 2.06 | 0.931 | 0.986 | 0.928 | 1.05 | 0 | 16 | 0.6 | 0.7 | 0.44 | 19 | 1.15 / 2.26 | 0 |
  | 10 | 570 | 0.04 | 0.998 | 1.002 | 0.974 | 1.07 | 0 | 19 | 0.5 | 0.7 | 0.42 | 24 | 1.00 / 1.51 | 0 |
  | 11.9 | 570 | 0.05 | 0.999 | 1.021 | 1.022 | 1.10 | 1 | 23 | 0.4 | 0.7 | 0.47 | 29 | 0.73 / 0.98 | 0 |
  | 12.5 | 682 | 0.05 | 1.001 | 1.012 | 0.982 | 1.07 | 1 | 19 | 0.4 | 0.8 | 0.28 | 24 | 0.72 / 0.91 | 0 |
  | 15 | 1243 | 0.02 | 1.002 | 0.990 | 0.930 | 0.99 | 1 | 9 | 0.5 | 1.4 | 0.12 | 15 | 0.56 / 0.60 | 0 |
  | 17 | 1692 | 0.05 | 1.001 | 0.981 | 0.913 | 0.96 | 0 | 5 | 0.5 | 1.9 | 0.02 | 10 | 0.43 / 0.45 | 0 |
  | 19 | 1748 | 0.04 | 1.007 | 0.987 | 0.939 | 0.97 | 0 | 5 | 0.4 | 2.0 | 0.00 | 10 | 0.35 / 0.38 | 0 |
  | 22 | 1833 | 0.02 | 1.005 | 1.008 | 0.981 | 1.01 | 0 | 1 | 0.7 | 2.6 | 0.04 | 10 | 0.24 / 0.30 | 0 |
  | 26 | 1945 | 0.03 | 1.001 | 1.021 | 1.023 | 1.02 | 0 | 5 | 0.8 | 2.5 | 0.10 | 13 | 0.17 / 0.23 | 0 |
  | 30 | 1971 | 0.03 | 1.006 | 1.022 | 1.035 | 1.02 | 0 | 6 | 0.8 | 2.7 | 0.09 | 18 | 0.13 / 0.19 | 0 |

  **C1 freeze |tq|>512 only (no ramp freeze)** (J_hi2)
  | m/s | Kp_eff | ess | hold | tg0.2 | tg0.5 | +-1 fit | dj ev | stick% | T_hf hold | T_hf sin | hunt p2p | step ov% | hard16 / ref | wraps |
  | 3 | 490 | 5.67 | 0.937 | 1.067 | 1.097 | 1.35 | 1 | 35 | 0.4 | 2.6 | 3.49 | 11 | 0.74 / 1.80 | 0 |
  | 5 | 520 | 3.42 | 0.932 | 1.036 | 1.084 | 1.21 | 1 | 30 | 0.4 | 0.6 | 1.73 | 19 | 0.74 / 1.69 | 0 |
  | 5.5 | 529 | 3.15 | 0.930 | 1.027 | 1.053 | 1.18 | 1 | 26 | 0.4 | 0.6 | 1.35 | 21 | 0.68 / 1.52 | 0 |
  | 6 | 537 | 2.56 | 0.936 | 1.019 | 1.023 | 1.16 | 1 | 26 | 0.5 | 0.6 | 1.22 | 23 | 1.01 / 1.91 | 0 |
  | 7 | 554 | 1.85 | 0.944 | 1.003 | 0.971 | 1.10 | 1 | 21 | 0.5 | 0.7 | 0.87 | 22 | 1.19 / 2.49 | 0 |
  | 8 | 570 | 2.06 | 0.931 | 0.986 | 0.928 | 1.05 | 0 | 15 | 0.5 | 0.7 | 0.43 | 19 | 1.15 / 2.26 | 0 |
  | 10 | 570 | 0.04 | 0.998 | 1.002 | 0.974 | 1.08 | 0 | 20 | 0.5 | 0.7 | 0.42 | 24 | 0.99 / 1.51 | 0 |
  | 11.9 | 570 | 0.05 | 0.999 | 1.021 | 1.023 | 1.10 | 1 | 23 | 0.5 | 0.7 | 0.47 | 29 | 0.73 / 0.98 | 0 |
  | 12.5 | 682 | 0.05 | 1.000 | 1.011 | 0.982 | 1.07 | 1 | 18 | 0.4 | 0.8 | 0.28 | 24 | 0.72 / 0.91 | 0 |
  | 15 | 1243 | 0.02 | 1.002 | 0.990 | 0.930 | 0.99 | 1 | 9 | 0.5 | 1.5 | 0.11 | 15 | 0.56 / 0.60 | 0 |
  | 17 | 1692 | 0.05 | 1.002 | 0.981 | 0.913 | 0.96 | 0 | 6 | 0.6 | 1.9 | 0.03 | 10 | 0.42 / 0.45 | 0 |
  | 19 | 1748 | 0.04 | 1.007 | 0.987 | 0.939 | 0.97 | 0 | 5 | 0.4 | 2.0 | 0.00 | 10 | 0.35 / 0.38 | 0 |
  | 22 | 1833 | 0.02 | 1.005 | 1.008 | 0.981 | 1.01 | 0 | 1 | 0.7 | 2.6 | 0.04 | 10 | 0.24 / 0.30 | 0 |
  | 26 | 1945 | 0.03 | 1.005 | 1.021 | 1.023 | 1.02 | 0 | 5 | 0.8 | 2.6 | 0.12 | 13 | 0.17 / 0.23 | 0 |
  | 30 | 1971 | 0.03 | 1.008 | 1.021 | 1.036 | 1.02 | 0 | 3 | 0.8 | 2.7 | 0.08 | 18 | 0.13 / 0.19 | 0 |

  **C1 freeze |tq|>1024 + ramp** (J_hi2)
  | m/s | Kp_eff | ess | hold | tg0.2 | tg0.5 | +-1 fit | dj ev | stick% | T_hf hold | T_hf sin | hunt p2p | step ov% | hard16 / ref | wraps |
  | 3 | 490 | 5.67 | 0.937 | 1.067 | 1.097 | 1.36 | 1 | 35 | 0.4 | 2.6 | 3.48 | 11 | 0.74 / 1.80 | 0 |
  | 5 | 520 | 3.43 | 0.931 | 1.036 | 1.084 | 1.20 | 1 | 30 | 0.4 | 0.7 | 1.73 | 19 | 0.73 / 1.69 | 0 |
  | 5.5 | 529 | 3.15 | 0.930 | 1.027 | 1.053 | 1.18 | 1 | 26 | 0.4 | 0.6 | 1.35 | 21 | 0.68 / 1.52 | 0 |
  | 6 | 537 | 2.57 | 0.936 | 1.019 | 1.023 | 1.16 | 1 | 26 | 0.5 | 0.6 | 1.22 | 23 | 1.01 / 1.91 | 0 |
  | 7 | 554 | 1.85 | 0.944 | 1.003 | 0.971 | 1.10 | 1 | 21 | 0.5 | 0.7 | 0.87 | 22 | 1.19 / 2.49 | 0 |
  | 8 | 570 | 2.06 | 0.931 | 0.986 | 0.928 | 1.05 | 0 | 16 | 0.6 | 0.6 | 0.43 | 19 | 1.15 / 2.26 | 0 |
  | 10 | 570 | 0.06 | 0.997 | 1.002 | 0.974 | 1.07 | 0 | 20 | 0.5 | 0.7 | 0.42 | 24 | 1.02 / 1.51 | 0 |
  | 11.9 | 570 | 0.05 | 0.998 | 1.021 | 1.022 | 1.10 | 1 | 23 | 0.4 | 0.7 | 0.47 | 29 | 0.73 / 0.98 | 0 |
  | 12.5 | 682 | 0.05 | 1.000 | 1.012 | 0.982 | 1.07 | 1 | 19 | 0.4 | 0.8 | 0.28 | 24 | 0.72 / 0.91 | 0 |
  | 15 | 1243 | 0.02 | 1.001 | 0.990 | 0.930 | 0.99 | 1 | 9 | 0.5 | 1.5 | 0.12 | 15 | 0.56 / 0.60 | 0 |
  | 17 | 1692 | 0.04 | 1.002 | 0.981 | 0.913 | 0.96 | 0 | 5 | 0.6 | 2.0 | 0.03 | 10 | 0.42 / 0.45 | 0 |
  | 19 | 1748 | 0.04 | 1.008 | 0.987 | 0.940 | 0.97 | 0 | 5 | 0.4 | 2.0 | 0.00 | 10 | 0.35 / 0.38 | 0 |
  | 22 | 1833 | 0.02 | 1.004 | 1.008 | 0.981 | 1.01 | 0 | 1 | 0.7 | 2.6 | 0.04 | 10 | 0.24 / 0.30 | 0 |
  | 26 | 1945 | 0.03 | 1.001 | 1.021 | 1.023 | 1.02 | 0 | 3 | 0.8 | 2.5 | 0.11 | 13 | 0.17 / 0.23 | 0 |
  | 30 | 1971 | 0.02 | 1.006 | 1.022 | 1.036 | 1.02 | 0 | 4 | 0.7 | 2.8 | 0.09 | 18 | 0.13 / 0.19 | 0 |

  **C1 gains + C0 bleed (1024, tau 64 ms)** (J_hi2)
  | m/s | Kp_eff | ess | hold | tg0.2 | tg0.5 | +-1 fit | dj ev | stick% | T_hf hold | T_hf sin | hunt p2p | step ov% | hard16 / ref | wraps |
  | 3 | 490 | 5.67 | 0.937 | 1.067 | 1.097 | 1.36 | 1 | 35 | 0.4 | 2.6 | 3.48 | 11 | 0.74 / 1.80 | 0 |
  | 5 | 520 | 3.42 | 0.932 | 1.036 | 1.084 | 1.21 | 1 | 30 | 0.4 | 0.7 | 1.71 | 19 | 0.74 / 1.69 | 0 |
  | 5.5 | 529 | 3.14 | 0.930 | 1.027 | 1.053 | 1.18 | 1 | 26 | 0.4 | 0.6 | 1.35 | 21 | 0.68 / 1.52 | 0 |
  | 6 | 537 | 2.57 | 0.936 | 1.019 | 1.023 | 1.16 | 1 | 26 | 0.5 | 0.6 | 1.22 | 23 | 1.01 / 1.91 | 0 |
  | 7 | 554 | 1.85 | 0.944 | 1.003 | 0.971 | 1.10 | 1 | 21 | 0.5 | 0.6 | 0.88 | 22 | 1.19 / 2.49 | 0 |
  | 8 | 570 | 2.06 | 0.931 | 0.986 | 0.928 | 1.05 | 0 | 17 | 0.6 | 0.6 | 0.44 | 19 | 1.15 / 2.26 | 0 |
  | 10 | 570 | 0.05 | 0.997 | 1.002 | 0.974 | 1.08 | 0 | 19 | 0.4 | 0.7 | 0.42 | 24 | 1.02 / 1.51 | 0 |
  | 11.9 | 570 | 0.05 | 0.998 | 1.021 | 1.023 | 1.10 | 1 | 23 | 0.4 | 0.6 | 0.48 | 29 | 0.74 / 0.98 | 0 |
  | 12.5 | 682 | 0.04 | 1.000 | 1.012 | 0.982 | 1.08 | 1 | 19 | 0.4 | 0.8 | 0.29 | 24 | 0.72 / 0.91 | 0 |
  | 15 | 1243 | 0.03 | 1.002 | 0.990 | 0.930 | 0.99 | 1 | 9 | 0.5 | 1.5 | 0.11 | 15 | 0.57 / 0.60 | 0 |
  | 17 | 1692 | 0.05 | 1.002 | 0.981 | 0.913 | 0.96 | 0 | 5 | 0.6 | 2.0 | 0.03 | 10 | 0.43 / 0.45 | 0 |
  | 19 | 1748 | 0.04 | 1.007 | 0.987 | 0.940 | 0.97 | 0 | 5 | 0.4 | 2.0 | 0.00 | 10 | 0.34 / 0.38 | 0 |
  | 22 | 1833 | 0.02 | 1.004 | 1.008 | 0.981 | 1.01 | 0 | 1 | 0.7 | 2.6 | 0.05 | 10 | 0.24 / 0.30 | 0 |
  | 26 | 1945 | 0.02 | 1.004 | 1.021 | 1.023 | 1.02 | 0 | 4 | 0.9 | 2.6 | 0.11 | 12 | 0.17 / 0.23 | 0 |
  | 30 | 1971 | 0.02 | 1.006 | 1.021 | 1.036 | 1.02 | 0 | 4 | 0.8 | 2.8 | 0.08 | 18 | 0.14 / 0.19 | 0 |

  **C1 gains, no I policy (control)** (J_hi2)
  | m/s | Kp_eff | ess | hold | tg0.2 | tg0.5 | +-1 fit | dj ev | stick% | T_hf hold | T_hf sin | hunt p2p | step ov% | hard16 / ref | wraps |
  | 3 | 490 | 5.66 | 0.937 | 1.067 | 1.097 | 1.36 | 1 | 35 | 0.4 | 2.6 | 3.48 | 11 | 0.74 / 1.80 | 0 |
  | 5 | 520 | 3.42 | 0.932 | 1.036 | 1.084 | 1.21 | 1 | 30 | 0.4 | 0.7 | 1.71 | 19 | 0.73 / 1.69 | 0 |
  | 5.5 | 529 | 3.15 | 0.930 | 1.027 | 1.053 | 1.18 | 1 | 26 | 0.5 | 0.6 | 1.35 | 21 | 0.68 / 1.52 | 0 |
  | 6 | 537 | 2.57 | 0.936 | 1.019 | 1.023 | 1.16 | 1 | 26 | 0.5 | 0.6 | 1.22 | 23 | 1.01 / 1.91 | 0 |
  | 7 | 554 | 1.85 | 0.944 | 1.003 | 0.971 | 1.10 | 1 | 21 | 0.5 | 0.7 | 0.88 | 22 | 1.19 / 2.49 | 0 |
  | 8 | 570 | 2.06 | 0.931 | 0.986 | 0.928 | 1.05 | 0 | 16 | 0.6 | 0.7 | 0.44 | 19 | 1.15 / 2.26 | 0 |
  | 10 | 570 | 0.06 | 0.997 | 1.002 | 0.974 | 1.07 | 0 | 19 | 0.5 | 0.7 | 0.43 | 24 | 1.02 / 1.51 | 0 |
  | 11.9 | 570 | 0.05 | 0.998 | 1.021 | 1.022 | 1.10 | 1 | 23 | 0.4 | 0.7 | 0.48 | 29 | 0.73 / 0.98 | 0 |
  | 12.5 | 682 | 0.04 | 1.000 | 1.012 | 0.982 | 1.07 | 1 | 17 | 0.4 | 0.8 | 0.28 | 24 | 0.72 / 0.91 | 0 |
  | 15 | 1243 | 0.03 | 1.002 | 0.990 | 0.930 | 0.99 | 1 | 9 | 0.5 | 1.4 | 0.12 | 15 | 0.56 / 0.60 | 0 |
  | 17 | 1692 | 0.05 | 1.002 | 0.981 | 0.913 | 0.96 | 0 | 5 | 0.6 | 1.9 | 0.02 | 10 | 0.42 / 0.45 | 0 |
  | 19 | 1748 | 0.04 | 1.007 | 0.987 | 0.940 | 0.97 | 0 | 5 | 0.4 | 2.0 | 0.00 | 10 | 0.35 / 0.38 | 0 |
  | 22 | 1833 | 0.02 | 1.003 | 1.008 | 0.981 | 1.01 | 0 | 1 | 0.7 | 2.6 | 0.05 | 10 | 0.23 / 0.30 | 0 |
  | 26 | 1945 | 0.02 | 1.004 | 1.021 | 1.023 | 1.02 | 0 | 5 | 0.8 | 2.6 | 0.12 | 13 | 0.17 / 0.23 | 0 |
  | 30 | 1971 | 0.03 | 1.005 | 1.022 | 1.035 | 1.02 | 0 | 4 | 0.8 | 2.7 | 0.08 | 18 | 0.13 / 0.19 | 0 |

  **C0 as listed (450/199, bleed 1024)** (J_hi2)
  | m/s | Kp_eff | ess | hold | tg0.2 | tg0.5 | +-1 fit | dj ev | stick% | T_hf hold | T_hf sin | hunt p2p | step ov% | hard16 / ref | wraps |
  | 3 | 450 | 6.19 | 0.931 | 1.072 | 1.070 | 1.41 | 1 | 36 | 0.4 | 2.7 | 3.88 | 10 | 0.68 / 1.80 | 0 |
  | 5 | 499 | 3.57 | 0.929 | 1.036 | 1.071 | 1.22 | 1 | 29 | 0.4 | 0.6 | 1.83 | 19 | 0.71 / 1.69 | 0 |
  | 5.5 | 515 | 3.23 | 0.928 | 1.028 | 1.043 | 1.18 | 1 | 28 | 0.4 | 0.7 | 1.41 | 20 | 0.66 / 1.52 | 0 |
  | 6 | 531 | 2.60 | 0.935 | 1.019 | 1.017 | 1.14 | 1 | 28 | 0.4 | 0.6 | 1.22 | 23 | 1.00 / 1.91 | 0 |
  | 7 | 566 | 1.81 | 0.945 | 1.003 | 0.976 | 1.08 | 1 | 20 | 0.6 | 0.7 | 0.84 | 22 | 1.21 / 2.49 | 0 |
  | 8 | 599 | 1.99 | 0.934 | 0.986 | 0.939 | 1.03 | 0 | 16 | 0.5 | 0.7 | 0.38 | 20 | 1.22 / 2.26 | 0 |
  | 10 | 777 | 0.09 | 0.996 | 1.009 | 1.027 | 1.03 | 3 | 14 | 0.6 | 1.0 | 0.26 | 37 | 1.69 / 1.51 | 0 |
  | 11.9 | 946 | 0.03 | 1.001 | 1.025 | 1.069 | 1.07 | 4 | 14 | 0.8 | 1.1 | 0.81 | 53 | 1.63 / 0.98 | 0 |
  | 12.5 | 1000 | 0.03 | 0.998 | 1.016 | 1.035 | 1.05 | 0 | 14 | 0.7 | 1.0 | 0.29 | 42 | 1.28 / 0.91 | 0 |
  | 15 | 1575 | 0.04 | 1.000 | 0.996 | 0.973 | 0.99 | 0 | 9 | 0.6 | 1.8 | 0.00 | 26 | 0.69 / 0.60 | 0 |
  | 17 | 2037 | 0.04 | 1.001 | 0.986 | 0.948 | 0.97 | 0 | 5 | 1.0 | 2.3 | 0.02 | 18 | 0.49 / 0.45 | 0 |
  | 19 | 2498 | 0.03 | 1.001 | 0.995 | 0.992 | 0.98 | 0 | 5 | 0.9 | 2.9 | 0.00 | 24 | 0.44 / 0.38 | 0 |
  | 22 | 2714 | 0.03 | 0.998 | 1.011 | 1.031 | 1.00 | 0 | 1 | 0.4 | 3.4 | 0.00 | 23 | 0.32 / 0.30 | 0 |
  | 26 | 2999 | 0.04 | 1.003 | 1.016 | 1.053 | 1.01 | 0 | 3 | 0.9 | 5.1 | 0.00 | 23 | 0.23 / 0.23 | 0 |
  | 30 | 3001 | 0.04 | 1.005 | 1.016 | 1.066 | 1.01 | 0 | 4 | 0.8 | 5.3 | 0.00 | 29 | 0.20 / 0.19 | 0 |

  **C0 rebased x2 (225/100, bleed 1024)** (J_hi2)
  | m/s | Kp_eff | ess | hold | tg0.2 | tg0.5 | +-1 fit | dj ev | stick% | T_hf hold | T_hf sin | hunt p2p | step ov% | hard16 / ref | wraps |
  | 3 | 450 | 6.19 | 0.931 | 1.072 | 1.071 | 1.41 | 1 | 36 | 0.4 | 2.7 | 3.88 | 10 | 0.67 / 1.80 | 0 |
  | 5 | 499 | 3.57 | 0.929 | 1.037 | 1.073 | 1.22 | 1 | 30 | 0.5 | 0.6 | 1.82 | 19 | 0.71 / 1.69 | 0 |
  | 5.5 | 515 | 3.23 | 0.928 | 1.028 | 1.045 | 1.18 | 1 | 26 | 0.5 | 0.6 | 1.42 | 21 | 0.66 / 1.52 | 0 |
  | 6 | 532 | 2.59 | 0.935 | 1.019 | 1.019 | 1.16 | 1 | 26 | 0.4 | 0.6 | 1.23 | 23 | 0.99 / 1.91 | 0 |
  | 7 | 566 | 1.81 | 0.945 | 1.004 | 0.978 | 1.10 | 1 | 21 | 0.6 | 0.7 | 0.82 | 22 | 1.21 / 2.49 | 0 |
  | 8 | 599 | 1.99 | 0.934 | 0.988 | 0.942 | 1.04 | 0 | 16 | 0.6 | 0.7 | 0.41 | 21 | 1.21 / 2.26 | 0 |
  | 10 | 777 | 0.04 | 0.998 | 1.009 | 1.028 | 1.06 | 3 | 16 | 0.6 | 0.9 | 0.29 | 38 | 1.71 / 1.51 | 0 |
  | 11.9 | 947 | 0.04 | 1.001 | 1.023 | 1.067 | 1.07 | 4 | 16 | 0.7 | 1.0 | 0.82 | 54 | 1.66 / 0.98 | 0 |
  | 12.5 | 999 | 0.02 | 0.998 | 1.013 | 1.035 | 1.05 | 1 | 14 | 0.6 | 1.1 | 0.27 | 42 | 1.27 / 0.91 | 0 |
  | 15 | 1577 | 0.02 | 1.000 | 0.997 | 0.974 | 1.00 | 0 | 9 | 0.5 | 1.7 | 0.00 | 26 | 0.70 / 0.60 | 0 |
  | 17 | 2038 | 0.01 | 0.999 | 0.989 | 0.949 | 0.97 | 0 | 5 | 0.8 | 2.2 | 0.00 | 18 | 0.49 / 0.45 | 0 |
  | 19 | 2500 | 0.01 | 1.002 | 0.998 | 0.990 | 0.99 | 0 | 5 | 0.8 | 3.1 | 0.00 | 24 | 0.46 / 0.38 | 0 |
  | 22 | 2714 | 0.02 | 1.003 | 1.010 | 1.028 | 1.00 | 0 | 1 | 0.5 | 3.5 | 0.00 | 23 | 0.33 / 0.30 | 0 |
  | 26 | 3000 | 0.04 | 1.004 | 1.015 | 1.056 | 1.01 | 0 | 3 | 1.0 | 5.1 | 0.01 | 24 | 0.23 / 0.23 | 0 |
  | 30 | 3001 | 0.03 | 1.007 | 1.015 | 1.068 | 1.01 | 0 | 1 | 0.5 | 5.3 | 0.01 | 29 | 0.19 / 0.19 | 0 |

===== member nominal+mode13Hz  (suite robust)
  -- LINE-ONLY
     5/15 C1 (freeze |tq|>512 + ramp<0x8000)             3:stick 5:stick 5.5:stick 6:stick 7:PASS 8:PASS 10:stick 11.9:stick/track 12.5:stick/track 15:track 17:track 19:track 22:PASS 26:PASS 30:PASS
     5/15 C1 freeze |tq|>512 only (no ramp freeze)       3:stick 5:stick 5.5:stick 6:stick 7:PASS 8:PASS 10:stick 11.9:stick/track 12.5:stick/track 15:track 17:track 19:track 22:PASS 26:PASS 30:PASS
     5/15 C1 freeze |tq|>1024 + ramp                     3:stick 5:stick 5.5:stick 6:stick 7:PASS 8:PASS 10:stick 11.9:stick/track 12.5:stick/track 15:track 17:track 19:track 22:PASS 26:PASS 30:PASS
     5/15 C1 gains + C0 bleed (1024, tau 64 ms)          3:stick 5:stick 5.5:stick 6:stick 7:PASS 8:PASS 10:stick 11.9:stick/track 12.5:stick/track 15:track 17:track 19:track 22:PASS 26:PASS 30:PASS
     5/15 C1 gains, no I policy (control)                3:stick 5:stick 5.5:stick 6:stick 7:PASS 8:PASS 10:stick 11.9:stick/track 12.5:stick/track 15:track 17:track 19:track 22:PASS 26:PASS 30:PASS
     8/15 C0 as listed (450/199, bleed 1024)             3:stick 5:stick 5.5:stick 6:stick 7:PASS 8:PASS 10:PASS 11.9:PASS 12.5:PASS 15:track 17:track 19:PASS 22:PASS 26:PASS 30:track
     8/15 C0 rebased x2 (225/100, bleed 1024)            3:stick 5:stick 5.5:stick 6:stick 7:PASS 8:PASS 10:PASS 11.9:PASS 12.5:PASS 15:stick 17:track 19:PASS 22:PASS 26:PASS 30:track
  -- STRICT (texture gated)
     2/15 C1 (freeze |tq|>512 + ramp<0x8000)             3:texture/stick 5:stick 5.5:stick 6:stick 7:PASS 8:PASS 10:stick 11.9:stick/track 12.5:stick/track 15:track 17:texture/track 19:texture/track 22:texture 26:texture 30:texture
     2/15 C1 freeze |tq|>512 only (no ramp freeze)       3:texture/stick 5:stick 5.5:stick 6:stick 7:PASS 8:PASS 10:stick 11.9:stick/track 12.5:stick/track 15:track 17:texture/track 19:texture/track 22:texture 26:texture 30:texture
     2/15 C1 freeze |tq|>1024 + ramp                     3:stick 5:stick 5.5:stick 6:stick 7:PASS 8:PASS 10:stick 11.9:stick/track 12.5:stick/track 15:track 17:texture/track 19:texture/track 22:texture 26:texture 30:texture
     2/15 C1 gains + C0 bleed (1024, tau 64 ms)          3:texture/stick 5:stick 5.5:stick 6:stick 7:PASS 8:PASS 10:stick 11.9:stick/track 12.5:stick/track 15:track 17:texture/track 19:texture/track 22:texture 26:texture 30:texture
     2/15 C1 gains, no I policy (control)                3:texture/stick 5:stick 5.5:stick 6:stick 7:PASS 8:PASS 10:stick 11.9:stick/track 12.5:stick/track 15:track 17:texture/track 19:texture/track 22:texture 26:texture 30:texture
     5/15 C0 as listed (450/199, bleed 1024)             3:texture/stick 5:stick 5.5:stick 6:stick 7:PASS 8:PASS 10:PASS 11.9:PASS 12.5:PASS 15:track 17:texture/track 19:texture 22:texture 26:texture 30:texture/track
     5/15 C0 rebased x2 (225/100, bleed 1024)            3:texture/stick 5:stick 5.5:stick 6:stick 7:PASS 8:PASS 10:PASS 11.9:PASS 12.5:PASS 15:stick 17:texture/track 19:texture 22:texture 26:texture 30:texture/track

  **C1 (freeze |tq|>512 + ramp<0x8000)** (nominal+mode13Hz)
  | m/s | Kp_eff | ess | hold | tg0.2 | tg0.5 | +-1 fit | dj ev | stick% | T_hf hold | T_hf sin | hunt p2p | step ov% | hard16 / ref | wraps |
  | 3 | 490 | 0.08 | 1.002 | 1.066 | 1.180 | 1.37 | 6 | 66 | 0.5 | 2.0 | 2.73 | 10 | 1.43 / 1.80 | 0 |
  | 5 | 520 | 0.05 | 0.999 | 1.048 | 1.089 | 1.24 | 6 | 49 | 0.5 | 1.3 | 1.55 | 14 | 1.31 / 1.69 | 0 |
  | 5.5 | 529 | 0.05 | 0.999 | 1.041 | 1.067 | 1.21 | 4 | 41 | 0.5 | 1.0 | 1.22 | 12 | 1.20 / 1.52 | 0 |
  | 6 | 537 | 0.03 | 0.999 | 1.035 | 1.046 | 1.19 | 2 | 38 | 0.5 | 1.1 | 1.24 | 11 | 1.56 / 1.91 | 0 |
  | 7 | 554 | 0.03 | 1.000 | 1.021 | 1.008 | 1.12 | 0 | 27 | 0.6 | 1.0 | 1.07 | 8 | 2.04 / 2.49 | 0 |
  | 8 | 570 | 0.03 | 1.000 | 1.006 | 0.974 | 1.05 | 0 | 17 | 0.6 | 0.9 | 0.64 | 6 | 1.78 / 2.26 | 0 |
  | 10 | 570 | 0.05 | 0.997 | 1.017 | 0.955 | 1.08 | 1 | 16 | 0.5 | 0.7 | 0.74 | 7 | 0.99 / 1.51 | 0 |
  | 11.9 | 570 | 0.06 | 0.996 | 1.030 | 0.908 | 1.11 | 3 | 15 | 0.5 | 0.7 | 0.66 | 8 | 0.53 / 0.98 | 0 |
  | 12.5 | 682 | 0.05 | 0.996 | 1.018 | 0.895 | 1.08 | 3 | 14 | 0.6 | 0.8 | 0.39 | 6 | 0.50 / 0.91 | 0 |
  | 15 | 1243 | 0.04 | 1.005 | 0.991 | 0.891 | 0.99 | 0 | 7 | 0.6 | 1.4 | 0.01 | 1 | 0.38 / 0.60 | 0 |
  | 17 | 1692 | 0.05 | 1.003 | 0.981 | 0.886 | 0.96 | 0 | 3 | 0.5 | 2.0 | 0.00 | -1 | 0.31 / 0.45 | 0 |
  | 19 | 1748 | 0.05 | 1.009 | 0.986 | 0.915 | 0.97 | 0 | 3 | 0.8 | 2.1 | 0.00 | 2 | 0.26 / 0.38 | 0 |
  | 22 | 1833 | 0.04 | 1.009 | 1.007 | 0.958 | 1.01 | 0 | 2 | 0.6 | 2.8 | 0.02 | 4 | 0.21 / 0.30 | 0 |
  | 26 | 1945 | 0.03 | 1.011 | 1.020 | 1.008 | 1.01 | 0 | 3 | 0.6 | 2.5 | 0.04 | 9 | 0.16 / 0.23 | 0 |
  | 30 | 1971 | 0.03 | 1.013 | 1.021 | 1.025 | 1.02 | 0 | 10 | 0.6 | 2.9 | 0.03 | 13 | 0.13 / 0.19 | 0 |

  **C1 freeze |tq|>512 only (no ramp freeze)** (nominal+mode13Hz)
  | m/s | Kp_eff | ess | hold | tg0.2 | tg0.5 | +-1 fit | dj ev | stick% | T_hf hold | T_hf sin | hunt p2p | step ov% | hard16 / ref | wraps |
  | 3 | 490 | 0.08 | 1.002 | 1.066 | 1.180 | 1.37 | 6 | 67 | 0.5 | 2.0 | 2.72 | 10 | 1.43 / 1.80 | 0 |
  | 5 | 520 | 0.05 | 0.999 | 1.048 | 1.089 | 1.24 | 5 | 50 | 0.5 | 1.4 | 1.54 | 14 | 1.32 / 1.69 | 0 |
  | 5.5 | 529 | 0.05 | 0.999 | 1.041 | 1.067 | 1.21 | 4 | 41 | 0.5 | 1.0 | 1.20 | 12 | 1.19 / 1.52 | 0 |
  | 6 | 537 | 0.03 | 0.999 | 1.035 | 1.046 | 1.18 | 2 | 38 | 0.6 | 1.1 | 1.25 | 11 | 1.56 / 1.91 | 0 |
  | 7 | 554 | 0.03 | 1.000 | 1.021 | 1.008 | 1.12 | 0 | 27 | 0.6 | 1.1 | 1.07 | 8 | 2.04 / 2.49 | 0 |
  | 8 | 570 | 0.03 | 1.000 | 1.005 | 0.974 | 1.05 | 0 | 17 | 0.6 | 0.9 | 0.62 | 6 | 1.78 / 2.26 | 0 |
  | 10 | 570 | 0.05 | 0.997 | 1.017 | 0.955 | 1.08 | 1 | 16 | 0.5 | 0.7 | 0.74 | 7 | 0.99 / 1.51 | 0 |
  | 11.9 | 570 | 0.06 | 0.996 | 1.030 | 0.908 | 1.11 | 3 | 15 | 0.5 | 0.7 | 0.66 | 8 | 0.53 / 0.98 | 0 |
  | 12.5 | 682 | 0.05 | 0.996 | 1.018 | 0.895 | 1.08 | 3 | 14 | 0.5 | 0.8 | 0.40 | 6 | 0.50 / 0.91 | 0 |
  | 15 | 1243 | 0.04 | 1.005 | 0.991 | 0.890 | 0.99 | 0 | 7 | 0.5 | 1.4 | 0.02 | 1 | 0.38 / 0.60 | 0 |
  | 17 | 1692 | 0.05 | 1.003 | 0.980 | 0.886 | 0.96 | 0 | 3 | 0.5 | 2.0 | 0.00 | -1 | 0.30 / 0.45 | 0 |
  | 19 | 1748 | 0.04 | 1.009 | 0.986 | 0.915 | 0.97 | 0 | 3 | 0.8 | 2.0 | 0.00 | 2 | 0.26 / 0.38 | 0 |
  | 22 | 1833 | 0.04 | 1.009 | 1.007 | 0.957 | 1.01 | 0 | 2 | 0.6 | 2.7 | 0.02 | 4 | 0.21 / 0.30 | 0 |
  | 26 | 1945 | 0.04 | 1.012 | 1.019 | 1.008 | 1.01 | 0 | 5 | 0.6 | 2.5 | 0.04 | 9 | 0.16 / 0.23 | 0 |
  | 30 | 1971 | 0.04 | 1.014 | 1.021 | 1.026 | 1.02 | 0 | 10 | 0.7 | 2.9 | 0.03 | 13 | 0.13 / 0.19 | 0 |

  **C1 freeze |tq|>1024 + ramp** (nominal+mode13Hz)
  | m/s | Kp_eff | ess | hold | tg0.2 | tg0.5 | +-1 fit | dj ev | stick% | T_hf hold | T_hf sin | hunt p2p | step ov% | hard16 / ref | wraps |
  | 3 | 490 | 0.08 | 1.002 | 1.066 | 1.180 | 1.37 | 6 | 67 | 0.6 | 2.0 | 2.73 | 10 | 1.44 / 1.80 | 0 |
  | 5 | 520 | 0.05 | 0.999 | 1.048 | 1.089 | 1.24 | 5 | 50 | 0.5 | 1.4 | 1.54 | 14 | 1.31 / 1.69 | 0 |
  | 5.5 | 529 | 0.05 | 0.999 | 1.041 | 1.067 | 1.21 | 4 | 41 | 0.5 | 1.0 | 1.20 | 12 | 1.20 / 1.52 | 0 |
  | 6 | 537 | 0.03 | 0.999 | 1.035 | 1.046 | 1.19 | 2 | 38 | 0.5 | 1.0 | 1.28 | 11 | 1.56 / 1.91 | 0 |
  | 7 | 554 | 0.03 | 1.000 | 1.021 | 1.008 | 1.12 | 0 | 27 | 0.6 | 1.0 | 1.07 | 8 | 2.05 / 2.49 | 0 |
  | 8 | 570 | 0.04 | 1.000 | 1.006 | 0.974 | 1.05 | 0 | 17 | 0.6 | 0.9 | 0.62 | 6 | 1.79 / 2.26 | 0 |
  | 10 | 570 | 0.05 | 0.997 | 1.018 | 0.955 | 1.08 | 1 | 16 | 0.5 | 0.7 | 0.73 | 7 | 0.98 / 1.51 | 0 |
  | 11.9 | 570 | 0.05 | 0.996 | 1.030 | 0.908 | 1.11 | 3 | 15 | 0.5 | 0.7 | 0.66 | 8 | 0.53 / 0.98 | 0 |
  | 12.5 | 682 | 0.05 | 0.996 | 1.018 | 0.895 | 1.08 | 3 | 14 | 0.6 | 0.8 | 0.39 | 6 | 0.50 / 0.91 | 0 |
  | 15 | 1243 | 0.04 | 1.004 | 0.991 | 0.890 | 0.99 | 0 | 7 | 0.6 | 1.4 | 0.02 | 1 | 0.38 / 0.60 | 0 |
  | 17 | 1692 | 0.05 | 1.002 | 0.980 | 0.886 | 0.96 | 0 | 3 | 0.5 | 2.0 | 0.00 | -1 | 0.31 / 0.45 | 0 |
  | 19 | 1748 | 0.05 | 1.009 | 0.986 | 0.915 | 0.97 | 0 | 3 | 0.8 | 2.1 | 0.01 | 2 | 0.26 / 0.38 | 0 |
  | 22 | 1833 | 0.04 | 1.009 | 1.007 | 0.957 | 1.01 | 0 | 2 | 0.6 | 2.7 | 0.02 | 4 | 0.21 / 0.30 | 0 |
  | 26 | 1945 | 0.03 | 1.010 | 1.019 | 1.008 | 1.01 | 0 | 3 | 0.6 | 2.6 | 0.04 | 9 | 0.16 / 0.23 | 0 |
  | 30 | 1971 | 0.03 | 1.013 | 1.021 | 1.026 | 1.02 | 0 | 7 | 0.6 | 2.8 | 0.02 | 13 | 0.13 / 0.19 | 0 |

  **C1 gains + C0 bleed (1024, tau 64 ms)** (nominal+mode13Hz)
  | m/s | Kp_eff | ess | hold | tg0.2 | tg0.5 | +-1 fit | dj ev | stick% | T_hf hold | T_hf sin | hunt p2p | step ov% | hard16 / ref | wraps |
  | 3 | 490 | 0.08 | 1.002 | 1.066 | 1.180 | 1.37 | 6 | 66 | 0.5 | 2.0 | 2.72 | 10 | 1.43 / 1.80 | 0 |
  | 5 | 520 | 0.05 | 0.999 | 1.048 | 1.089 | 1.24 | 6 | 50 | 0.5 | 1.4 | 1.54 | 14 | 1.29 / 1.69 | 0 |
  | 5.5 | 529 | 0.05 | 0.999 | 1.041 | 1.067 | 1.21 | 4 | 42 | 0.5 | 1.1 | 1.17 | 12 | 1.20 / 1.52 | 0 |
  | 6 | 537 | 0.05 | 0.999 | 1.035 | 1.046 | 1.18 | 2 | 38 | 0.6 | 1.1 | 1.27 | 11 | 1.58 / 1.91 | 0 |
  | 7 | 554 | 0.03 | 1.000 | 1.021 | 1.008 | 1.12 | 0 | 27 | 0.6 | 1.0 | 1.08 | 8 | 2.04 / 2.49 | 0 |
  | 8 | 570 | 0.03 | 1.001 | 1.006 | 0.974 | 1.05 | 0 | 17 | 0.6 | 0.9 | 0.63 | 6 | 1.78 / 2.26 | 0 |
  | 10 | 570 | 0.05 | 0.997 | 1.017 | 0.955 | 1.09 | 1 | 16 | 0.5 | 0.7 | 0.74 | 7 | 1.00 / 1.51 | 0 |
  | 11.9 | 570 | 0.05 | 0.996 | 1.030 | 0.908 | 1.11 | 3 | 15 | 0.5 | 0.7 | 0.66 | 8 | 0.53 / 0.98 | 0 |
  | 12.5 | 682 | 0.05 | 0.996 | 1.018 | 0.895 | 1.08 | 3 | 14 | 0.6 | 0.7 | 0.40 | 6 | 0.50 / 0.91 | 0 |
  | 15 | 1243 | 0.04 | 1.005 | 0.991 | 0.890 | 0.99 | 0 | 7 | 0.6 | 1.3 | 0.02 | 1 | 0.38 / 0.60 | 0 |
  | 17 | 1692 | 0.05 | 1.003 | 0.981 | 0.886 | 0.96 | 0 | 3 | 0.4 | 2.0 | 0.00 | -1 | 0.31 / 0.45 | 0 |
  | 19 | 1748 | 0.05 | 1.009 | 0.986 | 0.915 | 0.97 | 0 | 3 | 0.8 | 2.1 | 0.01 | 2 | 0.26 / 0.38 | 0 |
  | 22 | 1833 | 0.04 | 1.010 | 1.007 | 0.957 | 1.01 | 0 | 2 | 0.6 | 2.7 | 0.02 | 4 | 0.21 / 0.30 | 0 |
  | 26 | 1945 | 0.03 | 1.011 | 1.019 | 1.008 | 1.01 | 0 | 3 | 0.6 | 2.5 | 0.04 | 9 | 0.16 / 0.23 | 0 |
  | 30 | 1971 | 0.03 | 1.013 | 1.021 | 1.026 | 1.02 | 0 | 10 | 0.7 | 2.8 | 0.03 | 13 | 0.13 / 0.19 | 0 |

  **C1 gains, no I policy (control)** (nominal+mode13Hz)
  | m/s | Kp_eff | ess | hold | tg0.2 | tg0.5 | +-1 fit | dj ev | stick% | T_hf hold | T_hf sin | hunt p2p | step ov% | hard16 / ref | wraps |
  | 3 | 490 | 0.09 | 1.002 | 1.066 | 1.180 | 1.37 | 6 | 66 | 0.5 | 2.0 | 2.74 | 10 | 1.43 / 1.80 | 0 |
  | 5 | 520 | 0.05 | 0.999 | 1.048 | 1.089 | 1.24 | 7 | 49 | 0.5 | 1.4 | 1.55 | 14 | 1.30 / 1.69 | 0 |
  | 5.5 | 529 | 0.05 | 0.999 | 1.041 | 1.067 | 1.21 | 4 | 42 | 0.5 | 1.1 | 1.22 | 12 | 1.19 / 1.52 | 0 |
  | 6 | 537 | 0.03 | 1.000 | 1.035 | 1.046 | 1.18 | 2 | 39 | 0.6 | 1.1 | 1.25 | 11 | 1.55 / 1.91 | 0 |
  | 7 | 554 | 0.03 | 1.000 | 1.021 | 1.008 | 1.12 | 0 | 27 | 0.6 | 1.0 | 1.07 | 8 | 2.05 / 2.49 | 0 |
  | 8 | 570 | 0.03 | 1.000 | 1.006 | 0.974 | 1.05 | 0 | 17 | 0.6 | 0.9 | 0.64 | 6 | 1.78 / 2.26 | 0 |
  | 10 | 570 | 0.05 | 0.997 | 1.018 | 0.955 | 1.08 | 1 | 16 | 0.5 | 0.7 | 0.73 | 7 | 0.99 / 1.51 | 0 |
  | 11.9 | 570 | 0.06 | 0.996 | 1.030 | 0.908 | 1.11 | 3 | 16 | 0.5 | 0.7 | 0.66 | 8 | 0.53 / 0.98 | 0 |
  | 12.5 | 682 | 0.05 | 0.996 | 1.018 | 0.895 | 1.08 | 3 | 14 | 0.6 | 0.8 | 0.39 | 6 | 0.50 / 0.91 | 0 |
  | 15 | 1243 | 0.04 | 1.005 | 0.991 | 0.890 | 0.99 | 0 | 7 | 0.6 | 1.4 | 0.02 | 1 | 0.38 / 0.60 | 0 |
  | 17 | 1692 | 0.05 | 1.003 | 0.981 | 0.886 | 0.96 | 0 | 3 | 0.5 | 2.0 | 0.00 | -1 | 0.31 / 0.45 | 0 |
  | 19 | 1748 | 0.05 | 1.009 | 0.986 | 0.915 | 0.97 | 0 | 3 | 0.8 | 2.1 | 0.01 | 2 | 0.26 / 0.38 | 0 |
  | 22 | 1833 | 0.04 | 1.009 | 1.007 | 0.957 | 1.00 | 0 | 2 | 0.6 | 2.7 | 0.02 | 4 | 0.21 / 0.30 | 0 |
  | 26 | 1945 | 0.03 | 1.010 | 1.020 | 1.008 | 1.01 | 0 | 3 | 0.7 | 2.5 | 0.04 | 9 | 0.16 / 0.23 | 0 |
  | 30 | 1971 | 0.04 | 1.014 | 1.021 | 1.025 | 1.02 | 0 | 10 | 0.6 | 2.9 | 0.02 | 13 | 0.13 / 0.19 | 0 |

  **C0 as listed (450/199, bleed 1024)** (nominal+mode13Hz)
  | m/s | Kp_eff | ess | hold | tg0.2 | tg0.5 | +-1 fit | dj ev | stick% | T_hf hold | T_hf sin | hunt p2p | step ov% | hard16 / ref | wraps |
  | 3 | 450 | 0.49 | 1.002 | 1.071 | 1.176 | 1.40 | 7 | 72 | 0.5 | 2.1 | 2.89 | 11 | 1.32 / 1.80 | 0 |
  | 5 | 499 | 0.06 | 0.999 | 1.049 | 1.082 | 1.25 | 6 | 52 | 0.5 | 1.2 | 1.50 | 14 | 1.23 / 1.69 | 0 |
  | 5.5 | 515 | 0.06 | 0.999 | 1.042 | 1.062 | 1.22 | 4 | 45 | 0.5 | 1.1 | 1.23 | 12 | 1.15 / 1.52 | 0 |
  | 6 | 531 | 0.07 | 0.999 | 1.035 | 1.043 | 1.17 | 2 | 41 | 0.5 | 1.2 | 1.23 | 10 | 1.55 / 1.91 | 0 |
  | 7 | 566 | 0.09 | 1.000 | 1.021 | 1.011 | 1.10 | 0 | 29 | 0.6 | 0.9 | 1.04 | 8 | 2.05 / 2.49 | 0 |
  | 8 | 599 | 0.12 | 1.000 | 1.005 | 0.979 | 1.03 | 0 | 14 | 0.6 | 0.9 | 0.49 | 6 | 1.80 / 2.26 | 0 |
  | 10 | 777 | 0.12 | 1.001 | 1.019 | 1.016 | 1.04 | 0 | 14 | 0.6 | 1.0 | 0.40 | 9 | 1.19 / 1.51 | 0 |
  | 11.9 | 946 | 0.05 | 0.996 | 1.030 | 1.040 | 1.07 | 0 | 9 | 0.6 | 1.2 | 0.43 | 10 | 0.78 / 0.98 | 0 |
  | 12.5 | 1000 | 0.05 | 0.996 | 1.021 | 1.004 | 1.06 | 0 | 8 | 0.7 | 1.2 | 0.32 | 7 | 0.71 / 0.91 | 0 |
  | 15 | 1575 | 0.04 | 1.005 | 0.997 | 0.946 | 0.99 | 0 | 5 | 0.6 | 1.8 | 0.02 | 2 | 0.47 / 0.60 | 0 |
  | 17 | 2037 | 0.05 | 0.999 | 0.986 | 0.926 | 0.97 | 0 | 2 | 0.4 | 2.3 | 0.00 | -0 | 0.35 / 0.45 | 0 |
  | 19 | 2498 | 0.04 | 1.008 | 0.995 | 0.977 | 0.98 | 0 | 2 | 0.6 | 3.1 | 0.00 | 4 | 0.35 / 0.38 | 0 |
  | 22 | 2714 | 0.03 | 1.007 | 1.010 | 1.018 | 1.00 | 0 | 4 | 0.6 | 3.7 | 0.00 | 8 | 0.28 / 0.30 | 0 |
  | 26 | 2999 | 0.04 | 1.015 | 1.014 | 1.040 | 1.01 | 0 | 3 | 1.3 | 5.2 | 0.01 | 11 | 0.23 / 0.23 | 0 |
  | 30 | 3001 | 0.04 | 1.016 | 1.015 | 1.050 | 1.01 | 0 | 5 | 1.3 | 5.4 | 0.01 | 18 | 0.19 / 0.19 | 0 |

  **C0 rebased x2 (225/100, bleed 1024)** (nominal+mode13Hz)
  | m/s | Kp_eff | ess | hold | tg0.2 | tg0.5 | +-1 fit | dj ev | stick% | T_hf hold | T_hf sin | hunt p2p | step ov% | hard16 / ref | wraps |
  | 3 | 450 | 0.11 | 1.004 | 1.071 | 1.176 | 1.40 | 7 | 71 | 0.5 | 2.0 | 2.87 | 11 | 1.29 / 1.80 | 0 |
  | 5 | 499 | 0.06 | 0.999 | 1.049 | 1.084 | 1.25 | 7 | 50 | 0.5 | 1.2 | 1.56 | 14 | 1.26 / 1.69 | 0 |
  | 5.5 | 515 | 0.05 | 0.999 | 1.042 | 1.063 | 1.22 | 5 | 44 | 0.5 | 1.1 | 1.25 | 12 | 1.16 / 1.52 | 0 |
  | 6 | 532 | 0.05 | 0.999 | 1.035 | 1.045 | 1.19 | 2 | 40 | 0.6 | 1.0 | 1.23 | 11 | 1.57 / 1.91 | 0 |
  | 7 | 566 | 0.03 | 1.000 | 1.021 | 1.012 | 1.12 | 0 | 26 | 0.7 | 0.9 | 1.09 | 8 | 2.06 / 2.49 | 0 |
  | 8 | 599 | 0.03 | 1.001 | 1.005 | 0.982 | 1.05 | 0 | 16 | 0.7 | 1.0 | 0.53 | 7 | 1.81 / 2.26 | 0 |
  | 10 | 777 | 0.04 | 1.001 | 1.018 | 1.018 | 1.06 | 0 | 12 | 0.6 | 0.9 | 0.45 | 9 | 1.19 / 1.51 | 0 |
  | 11.9 | 947 | 0.03 | 1.001 | 1.029 | 1.043 | 1.07 | 0 | 9 | 0.6 | 1.1 | 0.45 | 10 | 0.78 / 0.98 | 0 |
  | 12.5 | 999 | 0.03 | 1.002 | 1.019 | 1.005 | 1.05 | 0 | 8 | 0.7 | 1.2 | 0.32 | 7 | 0.70 / 0.91 | 0 |
  | 15 | 1577 | 0.03 | 1.004 | 0.998 | 0.950 | 1.00 | 1 | 6 | 0.6 | 1.8 | 0.03 | 2 | 0.47 / 0.60 | 0 |
  | 17 | 2038 | 0.05 | 1.007 | 0.989 | 0.930 | 0.97 | 0 | 2 | 0.5 | 2.2 | 0.00 | -0 | 0.37 / 0.45 | 0 |
  | 19 | 2500 | 0.04 | 1.008 | 0.998 | 0.977 | 0.98 | 0 | 1 | 0.5 | 3.1 | 0.00 | 4 | 0.34 / 0.38 | 0 |
  | 22 | 2714 | 0.04 | 1.008 | 1.009 | 1.014 | 1.00 | 0 | 3 | 0.8 | 3.7 | 0.00 | 8 | 0.28 / 0.30 | 0 |
  | 26 | 3000 | 0.04 | 1.015 | 1.013 | 1.044 | 1.01 | 0 | 5 | 1.2 | 5.2 | 0.02 | 12 | 0.22 / 0.23 | 0 |
  | 30 | 3001 | 0.04 | 1.016 | 1.014 | 1.053 | 1.01 | 0 | 7 | 1.5 | 5.5 | 0.01 | 18 | 0.19 / 0.19 | 0 |

===== member nominal+mode20Hz  (suite robust)
  -- LINE-ONLY
     5/15 C1 (freeze |tq|>512 + ramp<0x8000)             3:stick 5:stick 5.5:stick 6:stick 7:PASS 8:PASS 10:stick 11.9:stick/track 12.5:stick/track 15:track 17:track 19:track 22:PASS 26:PASS 30:PASS
     5/15 C1 freeze |tq|>512 only (no ramp freeze)       3:stick 5:stick 5.5:stick 6:stick 7:PASS 8:PASS 10:stick 11.9:stick/track 12.5:stick/track 15:track 17:track 19:track 22:PASS 26:PASS 30:PASS
     5/15 C1 freeze |tq|>1024 + ramp                     3:stick 5:stick 5.5:stick 6:stick 7:PASS 8:PASS 10:stick 11.9:stick/track 12.5:stick/track 15:track 17:track 19:track 22:PASS 26:PASS 30:PASS
     5/15 C1 gains + C0 bleed (1024, tau 64 ms)          3:stick 5:stick 5.5:stick 6:stick 7:PASS 8:PASS 10:stick 11.9:stick/track 12.5:stick/track 15:track 17:track 19:track 22:PASS 26:PASS 30:PASS
     5/15 C1 gains, no I policy (control)                3:stick 5:stick 5.5:stick 6:stick 7:PASS 8:PASS 10:stick 11.9:stick/track 12.5:stick/track 15:track 17:track 19:track 22:PASS 26:PASS 30:PASS
     9/15 C0 as listed (450/199, bleed 1024)             3:stick 5:stick 5.5:stick 6:stick 7:PASS 8:PASS 10:PASS 11.9:PASS 12.5:PASS 15:track 17:track 19:PASS 22:PASS 26:PASS 30:PASS
     7/15 C0 rebased x2 (225/100, bleed 1024)            3:stick 5:stick 5.5:stick 6:stick 7:PASS 8:PASS 10:PASS 11.9:PASS 12.5:stick 15:stick 17:track 19:PASS 22:PASS 26:PASS 30:track
  -- STRICT (texture gated)
     2/15 C1 (freeze |tq|>512 + ramp<0x8000)             3:texture/stick 5:stick 5.5:stick 6:stick 7:PASS 8:PASS 10:stick 11.9:stick/track 12.5:stick/track 15:track 17:texture/track 19:texture/track 22:texture 26:texture 30:texture
     2/15 C1 freeze |tq|>512 only (no ramp freeze)       3:texture/stick 5:stick 5.5:stick 6:stick 7:PASS 8:PASS 10:stick 11.9:stick/track 12.5:stick/track 15:track 17:texture/track 19:texture/track 22:texture 26:texture 30:texture
     2/15 C1 freeze |tq|>1024 + ramp                     3:stick 5:stick 5.5:stick 6:stick 7:PASS 8:PASS 10:stick 11.9:stick/track 12.5:stick/track 15:track 17:texture/track 19:texture/track 22:texture 26:texture 30:texture
     2/15 C1 gains + C0 bleed (1024, tau 64 ms)          3:texture/stick 5:stick 5.5:stick 6:stick 7:PASS 8:PASS 10:stick 11.9:stick/track 12.5:stick/track 15:track 17:texture/track 19:texture/track 22:texture 26:texture 30:texture
     2/15 C1 gains, no I policy (control)                3:texture/stick 5:stick 5.5:stick 6:stick 7:PASS 8:PASS 10:stick 11.9:stick/track 12.5:stick/track 15:track 17:texture/track 19:texture/track 22:texture 26:texture 30:texture
     5/15 C0 as listed (450/199, bleed 1024)             3:texture/stick 5:stick 5.5:stick 6:stick 7:PASS 8:PASS 10:PASS 11.9:PASS 12.5:PASS 15:track 17:texture/track 19:texture 22:texture 26:texture 30:texture
     4/15 C0 rebased x2 (225/100, bleed 1024)            3:texture/stick 5:stick 5.5:stick 6:stick 7:PASS 8:PASS 10:PASS 11.9:PASS 12.5:stick 15:stick 17:texture/track 19:texture 22:texture 26:texture 30:texture/track

  **C1 (freeze |tq|>512 + ramp<0x8000)** (nominal+mode20Hz)
  | m/s | Kp_eff | ess | hold | tg0.2 | tg0.5 | +-1 fit | dj ev | stick% | T_hf hold | T_hf sin | hunt p2p | step ov% | hard16 / ref | wraps |
  | 3 | 490 | 0.09 | 1.002 | 1.066 | 1.180 | 1.37 | 6 | 66 | 0.5 | 2.1 | 2.74 | 10 | 1.43 / 1.80 | 0 |
  | 5 | 520 | 0.05 | 0.999 | 1.048 | 1.088 | 1.24 | 6 | 49 | 0.6 | 1.3 | 1.55 | 14 | 1.31 / 1.69 | 0 |
  | 5.5 | 529 | 0.05 | 0.999 | 1.041 | 1.067 | 1.21 | 4 | 41 | 0.5 | 1.0 | 1.22 | 12 | 1.20 / 1.52 | 0 |
  | 6 | 537 | 0.03 | 0.999 | 1.035 | 1.046 | 1.18 | 2 | 38 | 0.5 | 1.0 | 1.26 | 11 | 1.55 / 1.91 | 0 |
  | 7 | 554 | 0.04 | 1.000 | 1.021 | 1.008 | 1.12 | 0 | 27 | 0.6 | 1.0 | 1.08 | 8 | 2.04 / 2.49 | 0 |
  | 8 | 570 | 0.03 | 1.000 | 1.006 | 0.974 | 1.05 | 0 | 17 | 0.6 | 0.9 | 0.62 | 6 | 1.79 / 2.26 | 0 |
  | 10 | 570 | 0.05 | 0.997 | 1.017 | 0.955 | 1.08 | 1 | 16 | 0.5 | 0.7 | 0.74 | 7 | 0.99 / 1.51 | 0 |
  | 11.9 | 570 | 0.05 | 0.996 | 1.030 | 0.908 | 1.11 | 3 | 15 | 0.5 | 0.7 | 0.66 | 8 | 0.53 / 0.98 | 0 |
  | 12.5 | 682 | 0.05 | 0.996 | 1.018 | 0.895 | 1.08 | 3 | 14 | 0.6 | 0.8 | 0.39 | 6 | 0.50 / 0.91 | 0 |
  | 15 | 1243 | 0.04 | 1.005 | 0.991 | 0.891 | 0.99 | 0 | 7 | 0.6 | 1.4 | 0.02 | 1 | 0.38 / 0.60 | 0 |
  | 17 | 1692 | 0.05 | 1.003 | 0.981 | 0.886 | 0.96 | 0 | 3 | 0.4 | 2.0 | 0.00 | -1 | 0.31 / 0.45 | 0 |
  | 19 | 1748 | 0.05 | 1.009 | 0.986 | 0.915 | 0.97 | 0 | 3 | 0.8 | 2.1 | 0.01 | 2 | 0.26 / 0.38 | 0 |
  | 22 | 1833 | 0.04 | 1.009 | 1.007 | 0.958 | 1.01 | 0 | 2 | 0.6 | 2.7 | 0.02 | 4 | 0.21 / 0.30 | 0 |
  | 26 | 1945 | 0.04 | 1.011 | 1.020 | 1.008 | 1.01 | 0 | 3 | 0.6 | 2.5 | 0.04 | 9 | 0.16 / 0.23 | 0 |
  | 30 | 1971 | 0.03 | 1.013 | 1.021 | 1.025 | 1.02 | 0 | 10 | 0.6 | 2.9 | 0.03 | 14 | 0.13 / 0.19 | 0 |

  **C1 freeze |tq|>512 only (no ramp freeze)** (nominal+mode20Hz)
  | m/s | Kp_eff | ess | hold | tg0.2 | tg0.5 | +-1 fit | dj ev | stick% | T_hf hold | T_hf sin | hunt p2p | step ov% | hard16 / ref | wraps |
  | 3 | 490 | 0.09 | 1.002 | 1.066 | 1.180 | 1.37 | 6 | 67 | 0.5 | 2.0 | 2.73 | 10 | 1.43 / 1.80 | 0 |
  | 5 | 520 | 0.05 | 0.999 | 1.048 | 1.088 | 1.24 | 6 | 50 | 0.6 | 1.3 | 1.54 | 14 | 1.32 / 1.69 | 0 |
  | 5.5 | 529 | 0.05 | 0.999 | 1.041 | 1.066 | 1.21 | 4 | 41 | 0.5 | 1.1 | 1.21 | 12 | 1.20 / 1.52 | 0 |
  | 6 | 537 | 0.03 | 0.999 | 1.035 | 1.046 | 1.19 | 2 | 38 | 0.5 | 1.1 | 1.25 | 11 | 1.56 / 1.91 | 0 |
  | 7 | 554 | 0.03 | 0.999 | 1.021 | 1.008 | 1.12 | 0 | 27 | 0.6 | 1.1 | 1.08 | 8 | 2.04 / 2.49 | 0 |
  | 8 | 570 | 0.03 | 1.000 | 1.005 | 0.974 | 1.05 | 0 | 17 | 0.6 | 0.9 | 0.63 | 6 | 1.78 / 2.26 | 0 |
  | 10 | 570 | 0.05 | 0.997 | 1.017 | 0.955 | 1.08 | 1 | 16 | 0.5 | 0.7 | 0.74 | 7 | 0.98 / 1.51 | 0 |
  | 11.9 | 570 | 0.06 | 0.996 | 1.030 | 0.908 | 1.11 | 3 | 15 | 0.5 | 0.7 | 0.66 | 8 | 0.53 / 0.98 | 0 |
  | 12.5 | 682 | 0.05 | 0.996 | 1.018 | 0.895 | 1.08 | 3 | 14 | 0.5 | 0.8 | 0.40 | 6 | 0.50 / 0.91 | 0 |
  | 15 | 1243 | 0.04 | 1.005 | 0.991 | 0.890 | 0.99 | 0 | 7 | 0.5 | 1.4 | 0.02 | 1 | 0.38 / 0.60 | 0 |
  | 17 | 1692 | 0.05 | 1.003 | 0.980 | 0.886 | 0.96 | 0 | 3 | 0.5 | 2.0 | 0.00 | -1 | 0.31 / 0.45 | 0 |
  | 19 | 1748 | 0.05 | 1.009 | 0.986 | 0.915 | 0.97 | 0 | 3 | 0.7 | 2.1 | 0.01 | 2 | 0.26 / 0.38 | 0 |
  | 22 | 1833 | 0.04 | 1.009 | 1.007 | 0.957 | 1.00 | 0 | 2 | 0.6 | 2.7 | 0.02 | 4 | 0.21 / 0.30 | 0 |
  | 26 | 1945 | 0.04 | 1.011 | 1.019 | 1.008 | 1.01 | 0 | 5 | 0.6 | 2.5 | 0.04 | 9 | 0.16 / 0.23 | 0 |
  | 30 | 1971 | 0.04 | 1.014 | 1.021 | 1.026 | 1.02 | 0 | 10 | 0.7 | 2.9 | 0.03 | 13 | 0.13 / 0.19 | 0 |

  **C1 freeze |tq|>1024 + ramp** (nominal+mode20Hz)
  | m/s | Kp_eff | ess | hold | tg0.2 | tg0.5 | +-1 fit | dj ev | stick% | T_hf hold | T_hf sin | hunt p2p | step ov% | hard16 / ref | wraps |
  | 3 | 490 | 0.08 | 1.002 | 1.066 | 1.180 | 1.37 | 6 | 67 | 0.6 | 2.0 | 2.73 | 10 | 1.44 / 1.80 | 0 |
  | 5 | 520 | 0.05 | 0.999 | 1.048 | 1.088 | 1.24 | 5 | 49 | 0.5 | 1.3 | 1.52 | 14 | 1.32 / 1.69 | 0 |
  | 5.5 | 529 | 0.05 | 0.999 | 1.041 | 1.067 | 1.21 | 4 | 41 | 0.5 | 1.1 | 1.20 | 12 | 1.20 / 1.52 | 0 |
  | 6 | 537 | 0.03 | 0.999 | 1.035 | 1.046 | 1.18 | 2 | 38 | 0.6 | 1.1 | 1.28 | 11 | 1.56 / 1.91 | 0 |
  | 7 | 554 | 0.03 | 1.000 | 1.021 | 1.008 | 1.12 | 0 | 27 | 0.6 | 1.1 | 1.07 | 8 | 2.06 / 2.49 | 0 |
  | 8 | 570 | 0.04 | 1.001 | 1.006 | 0.974 | 1.05 | 0 | 17 | 0.6 | 0.9 | 0.63 | 6 | 1.79 / 2.26 | 0 |
  | 10 | 570 | 0.05 | 0.997 | 1.018 | 0.955 | 1.09 | 1 | 16 | 0.5 | 0.7 | 0.73 | 7 | 0.99 / 1.51 | 0 |
  | 11.9 | 570 | 0.05 | 0.996 | 1.030 | 0.908 | 1.11 | 3 | 15 | 0.5 | 0.7 | 0.65 | 8 | 0.53 / 0.98 | 0 |
  | 12.5 | 682 | 0.05 | 0.996 | 1.018 | 0.895 | 1.08 | 3 | 14 | 0.5 | 0.8 | 0.39 | 6 | 0.50 / 0.91 | 0 |
  | 15 | 1243 | 0.04 | 1.004 | 0.991 | 0.890 | 0.99 | 0 | 7 | 0.6 | 1.4 | 0.01 | 1 | 0.38 / 0.60 | 0 |
  | 17 | 1692 | 0.05 | 1.003 | 0.981 | 0.886 | 0.96 | 0 | 3 | 0.5 | 2.0 | 0.00 | -1 | 0.31 / 0.45 | 0 |
  | 19 | 1748 | 0.05 | 1.009 | 0.986 | 0.915 | 0.97 | 0 | 3 | 0.8 | 2.0 | 0.01 | 2 | 0.26 / 0.38 | 0 |
  | 22 | 1833 | 0.04 | 1.009 | 1.007 | 0.957 | 1.01 | 0 | 2 | 0.6 | 2.7 | 0.02 | 4 | 0.21 / 0.30 | 0 |
  | 26 | 1945 | 0.03 | 1.010 | 1.020 | 1.007 | 1.01 | 0 | 4 | 0.6 | 2.5 | 0.04 | 9 | 0.16 / 0.23 | 0 |
  | 30 | 1971 | 0.03 | 1.013 | 1.021 | 1.025 | 1.02 | 0 | 9 | 0.6 | 2.8 | 0.02 | 13 | 0.13 / 0.19 | 0 |

  **C1 gains + C0 bleed (1024, tau 64 ms)** (nominal+mode20Hz)
  | m/s | Kp_eff | ess | hold | tg0.2 | tg0.5 | +-1 fit | dj ev | stick% | T_hf hold | T_hf sin | hunt p2p | step ov% | hard16 / ref | wraps |
  | 3 | 490 | 0.08 | 1.002 | 1.066 | 1.180 | 1.37 | 6 | 66 | 0.6 | 2.0 | 2.73 | 10 | 1.43 / 1.80 | 0 |
  | 5 | 520 | 0.05 | 0.999 | 1.048 | 1.088 | 1.24 | 6 | 50 | 0.5 | 1.3 | 1.54 | 14 | 1.29 / 1.69 | 0 |
  | 5.5 | 529 | 0.05 | 0.999 | 1.041 | 1.067 | 1.21 | 4 | 42 | 0.5 | 1.1 | 1.20 | 12 | 1.20 / 1.52 | 0 |
  | 6 | 537 | 0.05 | 0.999 | 1.035 | 1.046 | 1.19 | 2 | 38 | 0.6 | 1.0 | 1.25 | 11 | 1.58 / 1.91 | 0 |
  | 7 | 554 | 0.03 | 1.000 | 1.021 | 1.008 | 1.12 | 0 | 27 | 0.6 | 1.0 | 1.08 | 8 | 2.06 / 2.49 | 0 |
  | 8 | 570 | 0.03 | 1.000 | 1.006 | 0.974 | 1.05 | 0 | 17 | 0.6 | 0.9 | 0.64 | 6 | 1.79 / 2.26 | 0 |
  | 10 | 570 | 0.05 | 0.997 | 1.018 | 0.955 | 1.08 | 1 | 16 | 0.5 | 0.7 | 0.74 | 7 | 0.99 / 1.51 | 0 |
  | 11.9 | 570 | 0.06 | 0.996 | 1.030 | 0.908 | 1.11 | 3 | 15 | 0.5 | 0.7 | 0.66 | 8 | 0.53 / 0.98 | 0 |
  | 12.5 | 682 | 0.05 | 0.996 | 1.018 | 0.895 | 1.08 | 3 | 14 | 0.6 | 0.8 | 0.40 | 6 | 0.50 / 0.91 | 0 |
  | 15 | 1243 | 0.04 | 1.005 | 0.991 | 0.890 | 0.99 | 0 | 7 | 0.6 | 1.3 | 0.02 | 1 | 0.38 / 0.60 | 0 |
  | 17 | 1692 | 0.05 | 1.003 | 0.981 | 0.886 | 0.96 | 0 | 3 | 0.5 | 2.0 | 0.00 | -1 | 0.31 / 0.45 | 0 |
  | 19 | 1748 | 0.04 | 1.009 | 0.986 | 0.915 | 0.97 | 0 | 3 | 0.7 | 2.1 | 0.00 | 2 | 0.26 / 0.38 | 0 |
  | 22 | 1833 | 0.04 | 1.009 | 1.007 | 0.957 | 1.01 | 0 | 2 | 0.6 | 2.7 | 0.02 | 4 | 0.21 / 0.30 | 0 |
  | 26 | 1945 | 0.03 | 1.011 | 1.020 | 1.008 | 1.01 | 0 | 5 | 0.6 | 2.5 | 0.04 | 9 | 0.16 / 0.23 | 0 |
  | 30 | 1971 | 0.03 | 1.013 | 1.021 | 1.025 | 1.02 | 0 | 6 | 0.7 | 2.9 | 0.03 | 13 | 0.13 / 0.19 | 0 |

  **C1 gains, no I policy (control)** (nominal+mode20Hz)
  | m/s | Kp_eff | ess | hold | tg0.2 | tg0.5 | +-1 fit | dj ev | stick% | T_hf hold | T_hf sin | hunt p2p | step ov% | hard16 / ref | wraps |
  | 3 | 490 | 0.09 | 1.002 | 1.066 | 1.180 | 1.37 | 6 | 67 | 0.5 | 2.0 | 2.72 | 10 | 1.43 / 1.80 | 0 |
  | 5 | 520 | 0.05 | 0.999 | 1.048 | 1.088 | 1.24 | 7 | 49 | 0.6 | 1.3 | 1.55 | 14 | 1.30 / 1.69 | 0 |
  | 5.5 | 529 | 0.05 | 0.999 | 1.041 | 1.066 | 1.21 | 4 | 42 | 0.5 | 1.1 | 1.20 | 12 | 1.19 / 1.52 | 0 |
  | 6 | 537 | 0.03 | 1.000 | 1.035 | 1.046 | 1.18 | 2 | 39 | 0.6 | 1.1 | 1.25 | 11 | 1.56 / 1.91 | 0 |
  | 7 | 554 | 0.03 | 1.000 | 1.021 | 1.008 | 1.12 | 0 | 27 | 0.7 | 1.1 | 1.07 | 8 | 2.05 / 2.49 | 0 |
  | 8 | 570 | 0.03 | 1.000 | 1.006 | 0.974 | 1.05 | 0 | 17 | 0.6 | 0.9 | 0.63 | 6 | 1.78 / 2.26 | 0 |
  | 10 | 570 | 0.05 | 0.997 | 1.018 | 0.955 | 1.08 | 1 | 16 | 0.5 | 0.7 | 0.74 | 7 | 0.99 / 1.51 | 0 |
  | 11.9 | 570 | 0.06 | 0.996 | 1.030 | 0.908 | 1.11 | 3 | 14 | 0.5 | 0.7 | 0.66 | 8 | 0.53 / 0.98 | 0 |
  | 12.5 | 682 | 0.05 | 0.996 | 1.018 | 0.895 | 1.08 | 3 | 14 | 0.6 | 0.8 | 0.38 | 6 | 0.50 / 0.91 | 0 |
  | 15 | 1243 | 0.04 | 1.005 | 0.991 | 0.890 | 0.99 | 0 | 7 | 0.6 | 1.4 | 0.02 | 1 | 0.38 / 0.60 | 0 |
  | 17 | 1692 | 0.05 | 1.003 | 0.980 | 0.886 | 0.96 | 0 | 3 | 0.5 | 2.0 | 0.00 | -1 | 0.31 / 0.45 | 0 |
  | 19 | 1748 | 0.05 | 1.009 | 0.986 | 0.915 | 0.97 | 0 | 3 | 0.8 | 2.1 | 0.01 | 2 | 0.26 / 0.38 | 0 |
  | 22 | 1833 | 0.04 | 1.009 | 1.007 | 0.957 | 1.01 | 0 | 2 | 0.6 | 2.8 | 0.01 | 4 | 0.21 / 0.30 | 0 |
  | 26 | 1945 | 0.03 | 1.010 | 1.020 | 1.008 | 1.01 | 0 | 5 | 0.7 | 2.5 | 0.04 | 9 | 0.16 / 0.23 | 0 |
  | 30 | 1971 | 0.04 | 1.013 | 1.021 | 1.025 | 1.02 | 0 | 10 | 0.6 | 2.8 | 0.03 | 13 | 0.13 / 0.19 | 0 |

  **C0 as listed (450/199, bleed 1024)** (nominal+mode20Hz)
  | m/s | Kp_eff | ess | hold | tg0.2 | tg0.5 | +-1 fit | dj ev | stick% | T_hf hold | T_hf sin | hunt p2p | step ov% | hard16 / ref | wraps |
  | 3 | 450 | 0.49 | 1.002 | 1.072 | 1.176 | 1.40 | 7 | 71 | 0.5 | 2.1 | 2.90 | 11 | 1.32 / 1.80 | 0 |
  | 5 | 499 | 0.06 | 0.999 | 1.049 | 1.082 | 1.25 | 6 | 52 | 0.5 | 1.2 | 1.51 | 14 | 1.23 / 1.69 | 0 |
  | 5.5 | 515 | 0.06 | 0.999 | 1.042 | 1.061 | 1.22 | 4 | 45 | 0.5 | 1.1 | 1.22 | 12 | 1.15 / 1.52 | 0 |
  | 6 | 531 | 0.07 | 0.999 | 1.035 | 1.043 | 1.17 | 2 | 40 | 0.5 | 1.1 | 1.24 | 10 | 1.55 / 1.91 | 0 |
  | 7 | 566 | 0.11 | 1.000 | 1.021 | 1.011 | 1.10 | 0 | 28 | 0.6 | 0.9 | 1.05 | 8 | 2.05 / 2.49 | 0 |
  | 8 | 599 | 0.12 | 1.000 | 1.005 | 0.979 | 1.03 | 0 | 15 | 0.6 | 0.9 | 0.49 | 6 | 1.80 / 2.26 | 0 |
  | 10 | 777 | 0.12 | 1.001 | 1.019 | 1.017 | 1.04 | 0 | 14 | 0.6 | 1.0 | 0.40 | 9 | 1.19 / 1.51 | 0 |
  | 11.9 | 946 | 0.04 | 0.996 | 1.030 | 1.040 | 1.07 | 0 | 9 | 0.6 | 1.1 | 0.43 | 10 | 0.78 / 0.98 | 0 |
  | 12.5 | 1000 | 0.05 | 0.996 | 1.021 | 1.004 | 1.06 | 0 | 7 | 0.7 | 1.2 | 0.32 | 7 | 0.71 / 0.91 | 0 |
  | 15 | 1575 | 0.04 | 1.005 | 0.997 | 0.946 | 0.99 | 0 | 5 | 0.6 | 1.8 | 0.01 | 2 | 0.47 / 0.60 | 0 |
  | 17 | 2037 | 0.05 | 0.999 | 0.986 | 0.926 | 0.97 | 0 | 2 | 0.4 | 2.3 | 0.00 | -1 | 0.35 / 0.45 | 0 |
  | 19 | 2498 | 0.04 | 1.008 | 0.995 | 0.977 | 0.98 | 0 | 2 | 0.6 | 3.1 | 0.00 | 4 | 0.35 / 0.38 | 0 |
  | 22 | 2714 | 0.03 | 1.007 | 1.010 | 1.018 | 1.00 | 0 | 3 | 0.7 | 3.5 | 0.00 | 8 | 0.28 / 0.30 | 0 |
  | 26 | 2999 | 0.05 | 1.015 | 1.014 | 1.040 | 1.01 | 0 | 3 | 0.9 | 5.2 | 0.01 | 11 | 0.23 / 0.23 | 0 |
  | 30 | 3001 | 0.04 | 1.016 | 1.016 | 1.050 | 1.01 | 0 | 7 | 1.3 | 5.4 | 0.01 | 18 | 0.19 / 0.19 | 0 |

  **C0 rebased x2 (225/100, bleed 1024)** (nominal+mode20Hz)
  | m/s | Kp_eff | ess | hold | tg0.2 | tg0.5 | +-1 fit | dj ev | stick% | T_hf hold | T_hf sin | hunt p2p | step ov% | hard16 / ref | wraps |
  | 3 | 450 | 0.12 | 1.004 | 1.071 | 1.177 | 1.40 | 7 | 70 | 0.5 | 2.1 | 2.88 | 11 | 1.30 / 1.80 | 0 |
  | 5 | 499 | 0.05 | 0.999 | 1.049 | 1.084 | 1.25 | 7 | 50 | 0.5 | 1.2 | 1.56 | 14 | 1.26 / 1.69 | 0 |
  | 5.5 | 515 | 0.05 | 0.999 | 1.042 | 1.063 | 1.22 | 5 | 44 | 0.5 | 1.1 | 1.25 | 12 | 1.16 / 1.52 | 0 |
  | 6 | 532 | 0.05 | 0.999 | 1.035 | 1.044 | 1.19 | 2 | 40 | 0.6 | 1.0 | 1.23 | 11 | 1.57 / 1.91 | 0 |
  | 7 | 566 | 0.03 | 1.000 | 1.021 | 1.012 | 1.12 | 0 | 26 | 0.7 | 1.0 | 1.09 | 8 | 2.06 / 2.49 | 0 |
  | 8 | 599 | 0.03 | 1.001 | 1.005 | 0.982 | 1.04 | 0 | 16 | 0.6 | 1.0 | 0.52 | 7 | 1.81 / 2.26 | 0 |
  | 10 | 777 | 0.04 | 1.001 | 1.018 | 1.018 | 1.06 | 0 | 12 | 0.6 | 0.9 | 0.46 | 9 | 1.18 / 1.51 | 0 |
  | 11.9 | 947 | 0.03 | 1.001 | 1.029 | 1.043 | 1.07 | 0 | 9 | 0.6 | 1.1 | 0.44 | 10 | 0.78 / 0.98 | 0 |
  | 12.5 | 999 | 0.03 | 1.002 | 1.019 | 1.005 | 1.05 | 1 | 8 | 0.7 | 1.2 | 0.32 | 7 | 0.70 / 0.91 | 0 |
  | 15 | 1577 | 0.03 | 1.004 | 0.998 | 0.950 | 1.00 | 1 | 6 | 0.6 | 1.8 | 0.03 | 2 | 0.47 / 0.60 | 0 |
  | 17 | 2038 | 0.05 | 1.007 | 0.989 | 0.930 | 0.97 | 0 | 2 | 0.5 | 2.2 | 0.00 | -0 | 0.36 / 0.45 | 0 |
  | 19 | 2500 | 0.04 | 1.007 | 0.998 | 0.977 | 0.98 | 0 | 1 | 0.5 | 3.1 | 0.00 | 4 | 0.34 / 0.38 | 0 |
  | 22 | 2714 | 0.04 | 1.008 | 1.009 | 1.014 | 1.00 | 0 | 3 | 0.8 | 3.8 | 0.00 | 8 | 0.27 / 0.30 | 0 |
  | 26 | 3000 | 0.04 | 1.015 | 1.013 | 1.044 | 1.01 | 0 | 3 | 1.2 | 5.2 | 0.02 | 12 | 0.22 / 0.23 | 0 |
  | 30 | 3001 | 0.04 | 1.016 | 1.014 | 1.053 | 1.01 | 0 | 6 | 1.3 | 5.5 | 0.01 | 18 | 0.19 / 0.19 | 0 |