======================================================================================================================================================
B0: B0 = C1r2 structure (P+I on angle, D on HELD rate, Kd 20), C1 lib table   [42 s, 12600 points]  GATED FAILS: 13
   FAIL ('ms_free', np.float64(9.75), ['PM45'])
   FAIL ('ms_free', np.float64(10.0), ['PM45'])
   FAIL ('ms_free', np.float64(10.25), ['PM45'])
   FAIL ('ms_free', np.float64(10.5), ['PM45'])
   FAIL ('ms_free', np.float64(10.75), ['PM45'])
   FAIL ('ms_free', np.float64(11.0), ['PM45'])
   FAIL ('ms_free', np.float64(11.25), ['PM45'])
   FAIL ('ms_free', np.float64(11.5), ['PM45'])
   FAIL ('ms_free', np.float64(11.75), ['PM45'])
   FAIL ('ms_free', 11.9, ['PM45'])
   FAIL ('ms_free', np.float64(12.0), ['PM45'])
   FAIL ('ms_free', np.float64(12.25), ['PM45'])
   FAIL ('ms_free+h10', 11.9, ['PM30'])
member                    tier  min PM (v)      #<bar  min GM_exact (v)    max rho  least-damped low pole (v)     max M20 (V295)  max L20/V295  max T530 dB  max Tr1.6-3
nominal                   A        67.6 (26.90)     0     18.3 ( 8.00)    0.9785    0.64 Hz z 0.624 ( 1.00)    2.36 (3.38)    0.696     -7.4     0.86
J_lo                      A        66.0 (26.90)     0     16.9 ( 8.00)    0.9809    0.61 Hz z 0.635 ( 1.00)    2.36 (3.38)    0.697     -5.7     0.78
J_hi                      A        52.3 ( 1.00)     0     22.1 ( 8.00)    0.9754    0.72 Hz z 0.533 ( 1.00)    2.36 (3.38)    0.696    -14.7     1.00
b_lo                      A        62.5 ( 8.00)     0     16.1 ( 8.00)    0.9783    3.14 Hz z 0.546 ( 8.00)    2.36 (3.38)    0.696     -5.3     0.99
b_hi                      A        57.7 (26.90)     0     21.1 ( 8.00)    0.9849    0.58 Hz z 0.529 ( 1.00)    2.36 (3.38)    0.696    -10.3     0.68
tau0                      A        68.0 (26.90)     0     20.1 ( 8.00)    0.9785    0.64 Hz z 0.625 ( 1.00)    2.36 (3.38)    0.696     -7.6     0.85
tau6                      A        66.7 (26.90)     0     15.7 ( 8.00)    0.9785    0.65 Hz z 0.622 ( 1.00)    2.36 (3.38)    0.696     -7.0     0.88
mode13                    A        67.6 (26.90)     0     20.7 ( 8.00)    0.9785    0.64 Hz z 0.624 ( 1.00)    2.36 (3.38)    0.696     -7.6     0.86
mode20                    A        67.6 (26.90)     0     18.5 ( 8.00)    0.9785    0.64 Hz z 0.624 ( 1.00)    2.36 (3.38)    0.696     -7.5     0.86
ms_free                   A        32.8 (11.90)    12     20.3 ( 1.00)    0.9920    0.82 Hz z 0.154 (11.90)    2.36 (3.38)    0.696    -10.2     1.01
b_lo*J_hi                 B        44.7 ( 8.00)     0     20.4 ( 8.00)    0.9788    1.75 Hz z 0.367 ( 8.00)    2.36 (3.38)    0.696    -14.3     1.37
b_lo*tau6                 B        59.1 ( 8.00)     0     13.4 ( 8.00)    0.9782    3.21 Hz z 0.498 ( 8.00)    2.36 (3.38)    0.696     -4.9     1.01
J1.0                      B        43.5 ( 1.00)     0     26.4 ( 8.00)    0.9810    0.66 Hz z 0.418 ( 1.00)    2.36 (3.38)    0.696    -21.2     0.76
b_q                       B        70.7 ( 1.00)     0     17.3 (13.75)    0.9812    3.84 Hz z 0.487 (14.25)    2.36 (3.38)    0.696     -5.4     0.86
b_q*J_hi                  B        52.3 ( 1.00)     0     18.2 (26.90)    0.9812    2.51 Hz z 0.300 (17.50)    2.36 (3.38)    0.696    -12.6     1.06
b_q*J1.0                  B        40.3 (15.50)     0     19.0 (26.90)    0.9835    1.64 Hz z 0.162 (15.75)    2.36 (3.38)    0.696    -19.4     1.58
b_q*tau6                  B        68.8 ( 1.00)     0     14.6 (13.75)    0.9811    3.86 Hz z 0.446 (14.00)    2.36 (3.38)    0.696     -4.9     0.88
nominal+h10               B        65.3 (26.90)     0     12.9 ( 8.00)    0.9786    3.35 Hz z 0.595 ( 8.00)    2.36 (3.38)    0.696     -6.6     0.92
J_lo+h10                  B        63.8 (26.90)     0     11.8 ( 8.00)    0.9811    5.08 Hz z 0.547 ( 8.00)    2.36 (3.38)    0.697     -4.2     0.82
J_hi+h10                  B        48.7 ( 1.00)     0     16.3 ( 8.00)    0.9754    0.74 Hz z 0.520 ( 1.00)    2.36 (3.38)    0.696    -14.6     1.10
b_lo+h10                  B        53.9 ( 8.00)     0     10.5 ( 8.00)    0.9780    3.26 Hz z 0.429 ( 8.00)    2.36 (3.38)    0.696     -4.5     1.06
b_hi+h10                  B        55.9 (26.90)     0     15.9 ( 8.00)    0.9850    0.60 Hz z 0.520 ( 1.00)    2.36 (3.38)    0.696     -9.6     0.72
tau0+h10                  B        65.8 (26.90)     0     13.7 ( 8.00)    0.9786    3.35 Hz z 0.614 ( 8.00)    2.36 (3.38)    0.696     -6.7     0.90
tau6+h10                  B        64.2 ( 1.00)     0     11.6 ( 8.00)    0.9787    3.35 Hz z 0.559 ( 8.00)    2.36 (3.38)    0.696     -6.4     0.94
mode13+h10                B        65.3 (26.90)     0     13.2 ( 8.00)    0.9786    3.37 Hz z 0.581 ( 8.00)    2.36 (3.38)    0.696     -6.9     0.92
mode20+h10                B        65.3 (26.90)     0     13.0 ( 8.00)    0.9786    3.36 Hz z 0.590 ( 8.00)    2.36 (3.38)    0.696     -6.7     0.92
ms_free+h10               B        30.0 (11.90)     1     15.0 ( 1.00)    0.9927    0.82 Hz z 0.141 (11.90)    2.36 (3.38)    0.696     -9.8     1.12
b_lo*J_hi+h10             B        38.7 ( 8.00)     0     14.1 ( 8.00)    0.9785    1.80 Hz z 0.314 ( 8.00)    2.36 (3.38)    0.696    -14.2     1.55
b_lo*tau6+h10             B        50.4 ( 8.00)     0      9.1 ( 8.00)    0.9778    3.26 Hz z 0.385 ( 8.00)    2.36 (3.38)    0.696     -4.4     1.09
J1.0+h10                  B        40.8 ( 1.00)     0     20.2 ( 8.00)    0.9816    1.17 Hz z 0.399 ( 8.00)    2.36 (3.38)    0.696    -21.2     0.81
b_q+h10                   B        66.0 ( 1.00)     0     11.7 (13.75)    0.9810    3.91 Hz z 0.387 (14.00)    2.36 (3.38)    0.696     -4.2     0.92
b_q*J_hi+h10              B        48.7 ( 1.00)     0     12.1 (26.90)    0.9809    2.55 Hz z 0.257 (17.50)    2.36 (3.38)    0.696    -12.6     1.22
b_q*J1.0+h10              B        34.7 (15.50)     0     11.9 (26.90)    0.9858    1.79 Hz z 0.136 (17.50)    2.36 (3.38)    0.696    -19.5     1.87
b_q*tau6+h10              B        64.2 ( 1.00)     0     10.3 (13.75)    0.9809    3.91 Hz z 0.350 (14.00)    2.36 (3.38)    0.696     -3.9     0.94
J_hi*tau6                 report   50.9 ( 1.00)     0     19.2 ( 8.00)    0.9754    0.73 Hz z 0.528 ( 1.00)    2.36 (3.38)    0.696    -14.7     1.04
J_hi*tau6+h10             report   47.3 ( 1.00)     0     14.7 ( 8.00)    0.9754    0.75 Hz z 0.514 ( 1.00)    2.36 (3.38)    0.696    -14.7     1.15
J_hi2                     report   45.5 ( 1.00)     0     24.9 ( 8.00)    0.9782    0.70 Hz z 0.448 ( 1.00)    2.36 (3.38)    0.696    -19.1     0.89
J_hi2+h10                 report   42.5 ( 1.00)     0     18.8 ( 8.00)    0.9788    1.27 Hz z 0.428 ( 8.00)    2.36 (3.38)    0.696    -19.1     0.97
J_hi2*tau6                report   44.3 ( 1.00)     0     22.0 ( 8.00)    0.9785    0.71 Hz z 0.441 ( 1.00)    2.36 (3.38)    0.696    -19.1     0.92
J_hi2*tau6+h10            report   41.3 ( 1.00)     0     17.1 ( 8.00)    0.9791    1.28 Hz z 0.413 ( 8.00)    2.36 (3.38)    0.696    -19.1     1.01
J1.0*tau6                 report   42.4 ( 1.00)     0     23.4 ( 8.00)    0.9812    0.67 Hz z 0.411 ( 1.00)    2.36 (3.38)    0.696    -21.2     0.78
J1.0*tau6+h10             report   39.7 ( 1.00)     0     18.4 ( 8.00)    0.9819    1.18 Hz z 0.386 ( 8.00)    2.36 (3.38)    0.696    -21.2     0.84
b_lo*J_hi*tau6            report   42.3 ( 8.00)     0     17.4 ( 8.00)    0.9787    1.77 Hz z 0.346 ( 8.00)    2.36 (3.38)    0.696    -14.2     1.43
b_lo*J_hi*tau6+h10        report   36.3 ( 8.00)     0     12.4 ( 8.00)    0.9784    1.82 Hz z 0.292 ( 8.00)    2.36 (3.38)    0.696    -14.3     1.65
b_lo*J_hi2                report   38.6 ( 1.00)     0     23.3 ( 8.00)    0.9795    1.45 Hz z 0.285 ( 8.00)    2.36 (3.38)    0.696    -18.8     1.38
b_lo*J_hi2+h10            report   35.0 ( 1.00)     0     16.7 ( 8.00)    0.9792    1.46 Hz z 0.249 ( 8.00)    2.36 (3.38)    0.696    -18.8     1.58
b_lo*J_hi2*tau6           report   37.2 ( 1.00)     0     20.2 ( 8.00)    0.9793    1.45 Hz z 0.270 ( 8.00)    2.36 (3.38)    0.696    -18.8     1.45
b_lo*J_hi2*tau6+h10       report   33.1 ( 8.00)     0     14.8 ( 8.00)    0.9795    1.47 Hz z 0.234 ( 8.00)    2.36 (3.38)    0.696    -18.8     1.68
b_lo*J1.0                 report   36.7 ( 1.00)     0     24.9 ( 8.00)    0.9841    1.09 Hz z 0.229 (11.90)    2.36 (3.38)    0.696    -20.6     1.15
b_lo*J1.0+h10             report   33.5 ( 1.00)     0     18.0 ( 8.00)    0.9854    1.10 Hz z 0.209 (11.90)    2.36 (3.38)    0.696    -20.5     1.27
b_lo*J1.0*tau6            report   35.4 ( 1.00)     0     21.7 ( 8.00)    0.9846    1.09 Hz z 0.221 (11.90)    2.36 (3.38)    0.696    -20.5     1.19
b_lo*J1.0*tau6+h10        report   32.2 ( 1.00)     0     16.0 ( 8.00)    0.9859    1.10 Hz z 0.201 (11.90)    2.36 (3.38)    0.696    -20.5     1.32
b/1.9                     report   62.5 ( 8.00)     0     16.1 ( 8.00)    0.9787    3.14 Hz z 0.546 ( 8.00)    2.36 (3.38)    0.696     -5.3     0.99
b/1.9+h10                 report   53.9 ( 8.00)     0     10.5 ( 8.00)    0.9784    3.26 Hz z 0.429 ( 8.00)    2.36 (3.38)    0.696     -4.5     1.06
b/1.9*tau6                report   59.1 ( 8.00)     0     13.4 ( 8.00)    0.9786    3.21 Hz z 0.498 ( 8.00)    2.36 (3.38)    0.696     -4.9     1.01
b/1.9*tau6+h10            report   50.4 ( 8.00)     0      9.1 ( 8.00)    0.9782    3.26 Hz z 0.385 ( 8.00)    2.36 (3.38)    0.696     -4.4     1.09
b/1.9*J_hi                report   44.7 ( 8.00)     0     20.4 ( 8.00)    0.9791    1.75 Hz z 0.367 ( 8.00)    2.36 (3.38)    0.696    -14.3     1.37
b/1.9*J_hi+h10            report   38.7 ( 8.00)     0     14.1 ( 8.00)    0.9788    1.80 Hz z 0.314 ( 8.00)    2.36 (3.38)    0.696    -14.2     1.55
b/1.9*J_hi*tau6           report   42.3 ( 8.00)     0     17.4 ( 8.00)    0.9790    1.77 Hz z 0.346 ( 8.00)    2.36 (3.38)    0.696    -14.2     1.43
b/1.9*J_hi*tau6+h10       report   36.3 ( 8.00)     0     12.4 ( 8.00)    0.9787    1.82 Hz z 0.292 ( 8.00)    2.36 (3.38)    0.696    -14.3     1.65
b/1.9*J_hi2               report   38.6 ( 1.00)     0     23.3 ( 8.00)    0.9797    1.27 Hz z 0.280 (10.00)    2.36 (3.38)    0.696    -18.7     1.38
b/1.9*J_hi2+h10           report   35.0 ( 1.00)     0     16.7 ( 8.00)    0.9794    1.46 Hz z 0.249 ( 8.00)    2.36 (3.38)    0.696    -18.6     1.58
b/1.9*J_hi2*tau6          report   37.2 ( 1.00)     0     20.2 ( 8.00)    0.9796    1.28 Hz z 0.270 (10.00)    2.36 (3.38)    0.696    -18.6     1.45
b/1.9*J_hi2*tau6+h10      report   33.1 ( 8.00)     0     14.8 ( 8.00)    0.9797    1.47 Hz z 0.234 ( 8.00)    2.36 (3.38)    0.696    -18.6     1.68
b/1.9*J1.0                report   36.7 ( 1.00)     0     24.9 ( 8.00)    0.9850    1.09 Hz z 0.215 (11.90)    2.36 (3.38)    0.696    -20.4     1.15
b/1.9*J1.0+h10            report   33.5 ( 1.00)     0     18.0 ( 8.00)    0.9862    1.11 Hz z 0.196 (11.90)    2.36 (3.38)    0.696    -20.4     1.27
b/1.9*J1.0*tau6           report   35.4 ( 1.00)     0     21.7 ( 8.00)    0.9855    1.10 Hz z 0.207 (11.90)    2.36 (3.38)    0.696    -20.4     1.19
b/1.9*J1.0*tau6+h10       report   32.2 ( 1.00)     0     16.0 ( 8.00)    0.9868    1.11 Hz z 0.187 (11.90)    2.36 (3.38)    0.696    -20.4     1.32
b_q*J_hi*tau6             report   50.9 ( 1.00)     0     15.2 (26.90)    0.9811    2.53 Hz z 0.283 (17.50)    2.36 (3.38)    0.696    -12.6     1.11
b_q*J_hi*tau6+h10         report   47.3 ( 1.00)     0     10.5 (26.90)    0.9808    2.55 Hz z 0.239 (17.50)    2.36 (3.38)    0.696    -12.7     1.31
b_q*J_hi2                 report   45.5 ( 1.00)     0     18.7 (26.90)    0.9815    1.99 Hz z 0.202 (17.50)    2.36 (3.38)    0.696    -17.2     1.39
b_q*J_hi2+h10             report   39.5 (26.90)     0     12.0 (26.90)    0.9812    2.00 Hz z 0.172 (17.50)    2.36 (3.38)    0.696    -17.3     1.64
b_q*J_hi2*tau6            report   43.2 (26.90)     0     15.5 (26.90)    0.9814    1.99 Hz z 0.190 (17.50)    2.36 (3.38)    0.696    -17.3     1.48
b_q*J_hi2*tau6+h10        report   37.1 (26.90)     0     10.2 (26.90)    0.9811    2.00 Hz z 0.159 (17.50)    2.36 (3.38)    0.696    -17.4     1.77
b_q*J1.0*tau6             report   38.1 (15.50)     0     15.5 (26.90)    0.9844    1.79 Hz z 0.152 (17.50)    2.36 (3.38)    0.696    -19.4     1.68
b_q*J1.0*tau6+h10         report   32.5 (15.75)     0     10.0 (26.90)    0.9868    1.79 Hz z 0.126 (17.50)    2.36 (3.38)    0.696    -19.5     2.03
b_lo*J0.3                 report   50.9 ( 8.00)     0     17.5 ( 8.00)    0.9785    2.28 Hz z 0.474 ( 8.00)    2.36 (3.38)    0.696     -9.0     1.17
b_lo*J0.3+h10             report   43.3 ( 8.00)     0     11.6 ( 8.00)    0.9781    2.41 Hz z 0.384 ( 8.00)    2.36 (3.38)    0.696     -8.8     1.28
J1.3                      report   41.9 ( 1.00)     0     28.2 ( 8.00)    0.9836    0.89 Hz z 0.316 (11.90)    2.36 (3.38)    0.696    -23.6     0.59
b_lo*J1.3                 report   28.7 (11.90)     1     26.8 (26.90)    0.9906    1.00 Hz z 0.149 (11.90)    2.36 (3.38)    0.696    -22.7     0.83
b_q*J1.3                  report   30.2 (15.75)     0     19.3 (26.90)    0.9895    1.45 Hz z 0.115 (15.75)    2.36 (3.38)    0.696    -21.9     2.02
b_q*J1.3+h10              report   25.1 (15.75)    58     11.5 (26.90)    0.9913    1.45 Hz z 0.096 (15.75)    2.36 (3.38)    0.696    -22.0     2.50
tau10                     report   65.8 (26.90)     0     13.7 ( 8.00)    0.9786    3.35 Hz z 0.614 ( 8.00)    2.36 (3.38)    0.696     -6.7     0.90
b_lo*tau10                report   55.6 ( 8.00)     0     11.4 ( 8.00)    0.9781    3.25 Hz z 0.452 ( 8.00)    2.36 (3.38)    0.696     -4.6     1.04
light_b                   report    9.7 (26.90)    85      5.2 (26.90)    0.9848    3.80 Hz z 0.064 (26.90)    2.36 (3.38)    0.696     +0.6     1.82
b_q0                      report   70.7 ( 1.00)     0     16.8 (12.50)    0.9812    3.84 Hz z 0.487 (14.25)    2.36 (3.38)    0.696     -5.2     0.86
b_q0*J_hi                 report   47.4 (12.50)     0     18.1 (26.90)    0.9812    2.51 Hz z 0.300 (17.50)    2.36 (3.38)    0.696    -12.6     1.11
bq10*J1.0                 report   34.9 (10.00)     0     19.0 (26.90)    0.9849    1.64 Hz z 0.162 (15.75)    2.36 (3.38)    0.696    -19.4     1.58
bq10*J1.0+h10             report   30.6 (10.00)     0     11.8 (26.90)    0.9866    1.79 Hz z 0.136 (17.50)    2.36 (3.38)    0.696    -19.5     1.87
bq10*J1.0*tau6+h10        report   28.9 (10.00)     2     10.0 (26.90)    0.9873    1.79 Hz z 0.126 (17.50)    2.36 (3.38)    0.696    -19.5     2.03

======================================================================================================================================================
B0r: B0r = the C1r2 structure REFITTED to the brief's credible set (its own envelope, the same knots)   [37 s, 12600 points]  GATED FAILS: 0
member                    tier  min PM (v)      #<bar  min GM_exact (v)    max rho  least-damped low pole (v)     max M20 (V295)  max L20/V295  max T530 dB  max Tr1.6-3
nominal                   A        64.8 ( 1.00)     0     17.8 ( 8.00)    0.9815    0.34 Hz z 0.660 (11.90)    2.36 (3.38)    0.697     -7.0     0.96
J_lo                      A        65.9 (27.00)     0     16.6 ( 8.00)    0.9834    0.32 Hz z 0.641 (11.90)    2.36 (3.38)    0.697     -5.2     0.87
J_hi                      A        47.0 ( 1.00)     0     21.3 ( 8.00)    0.9759    1.55 Hz z 0.530 ( 8.00)    2.36 (3.38)    0.697    -14.5     1.13
b_lo                      A        55.5 ( 1.00)     0     15.5 ( 8.00)    0.9781    3.14 Hz z 0.506 ( 8.00)    2.36 (3.38)    0.697     -4.9     1.18
b_hi                      A        57.7 (26.90)     0     20.7 ( 8.00)    0.9869    0.32 Hz z 0.556 (11.90)    2.36 (3.38)    0.697     -9.9     0.75
tau0                      A        66.0 ( 1.00)     0     19.6 ( 8.00)    0.9815    0.34 Hz z 0.662 (11.90)    2.36 (3.38)    0.697     -7.2     0.95
tau6                      A        62.5 ( 1.00)     0     15.2 ( 8.00)    0.9816    3.20 Hz z 0.643 ( 8.00)    2.36 (3.38)    0.697     -6.6     1.00
mode13                    A        64.8 ( 1.00)     0     19.7 ( 8.00)    0.9815    0.34 Hz z 0.660 (11.90)    2.36 (3.38)    0.697     -7.2     0.97
mode20                    A        64.8 ( 1.00)     0     18.0 ( 8.00)    0.9815    0.34 Hz z 0.660 (11.90)    2.36 (3.38)    0.697     -7.1     0.96
ms_free                   A        47.6 ( 9.00)     0     19.4 ( 1.00)    0.9901    0.77 Hz z 0.203 (11.90)    2.36 (3.38)    0.697     -9.7     1.13
b_lo*J_hi                 B        37.3 ( 1.00)     0     19.5 ( 8.00)    0.9786    1.84 Hz z 0.324 ( 8.00)    2.36 (3.38)    0.697    -14.0     1.56
b_lo*tau6                 B        52.4 ( 1.00)     0     12.8 ( 8.00)    0.9779    3.21 Hz z 0.458 ( 8.00)    2.36 (3.38)    0.697     -4.5     1.21
J1.0                      B        39.3 ( 1.00)     0     25.5 ( 8.00)    0.9780    1.22 Hz z 0.392 ( 8.00)    2.36 (3.38)    0.697    -21.0     0.89
b_q                       B        64.8 ( 1.00)     0     17.3 (27.00)    0.9815    4.11 Hz z 0.488 (16.00)    2.36 (3.38)    0.697     -5.6     0.96
b_q*J_hi                  B        47.0 ( 1.00)     0     18.0 (27.00)    0.9810    2.52 Hz z 0.296 (17.50)    2.36 (3.38)    0.697    -12.6     1.13
b_q*J1.0                  B        39.2 (15.50)     0     18.7 (27.00)    0.9838    1.64 Hz z 0.158 (15.75)    2.36 (3.38)    0.697    -19.4     1.61
b_q*tau6                  B        62.5 ( 1.00)     0     14.7 (27.00)    0.9816    4.07 Hz z 0.450 (15.25)    2.36 (3.38)    0.697     -5.1     1.00
nominal+h10               B        59.1 ( 1.00)     0     12.4 ( 8.00)    0.9816    3.24 Hz z 0.583 ( 8.00)    2.36 (3.38)    0.697     -6.2     1.05
J_lo+h10                  B        63.8 (27.00)     0     11.5 ( 8.00)    0.9835    4.96 Hz z 0.545 ( 8.00)    2.36 (3.38)    0.697     -3.7     0.93
J_hi+h10                  B        42.6 ( 1.00)     0     15.4 ( 8.00)    0.9761    1.63 Hz z 0.472 ( 8.00)    2.36 (3.38)    0.697    -14.4     1.26
b_lo+h10                  B        47.8 ( 1.00)     0      9.9 ( 8.00)    0.9777    3.25 Hz z 0.388 ( 8.00)    2.36 (3.38)    0.697     -4.1     1.28
b_hi+h10                  B        55.9 (27.00)     0     15.5 ( 8.00)    0.9870    0.40 Hz z 0.546 (26.90)    2.36 (3.38)    0.697     -9.2     0.80
tau0+h10                  B        60.2 ( 1.00)     0     13.2 ( 8.00)    0.9816    3.23 Hz z 0.603 ( 8.00)    2.36 (3.38)    0.697     -6.3     1.03
tau6+h10                  B        56.8 ( 1.00)     0     11.1 ( 8.00)    0.9817    3.23 Hz z 0.544 ( 8.00)    2.36 (3.38)    0.697     -6.0     1.09
mode13+h10                B        59.0 ( 1.00)     0     12.7 ( 8.00)    0.9816    3.26 Hz z 0.569 ( 8.00)    2.36 (3.38)    0.697     -6.5     1.05
mode20+h10                B        59.0 ( 1.00)     0     12.5 ( 8.00)    0.9816    3.25 Hz z 0.577 ( 8.00)    2.36 (3.38)    0.697     -6.3     1.05
ms_free+h10               B        43.6 ( 9.00)     0     14.0 ( 1.00)    0.9906    0.77 Hz z 0.193 (11.90)    2.36 (3.38)    0.697     -9.2     1.26
b_lo*J_hi+h10             B        32.1 ( 1.00)     0     13.0 ( 8.00)    0.9783    1.88 Hz z 0.268 ( 8.00)    2.36 (3.38)    0.697    -14.0     1.82
b_lo*tau6+h10             B        44.2 ( 8.00)     0      8.5 ( 8.00)    0.9776    3.24 Hz z 0.344 ( 8.00)    2.36 (3.38)    0.697     -4.0     1.33
J1.0+h10                  B        36.1 ( 1.00)     0     19.0 ( 8.00)    0.9792    1.24 Hz z 0.358 ( 8.00)    2.36 (3.38)    0.697    -21.0     0.97
b_q+h10                   B        59.1 ( 1.00)     0     11.9 (27.00)    0.9816    4.01 Hz z 0.393 (14.50)    2.36 (3.38)    0.697     -4.4     1.05
b_q*J_hi+h10              B        42.6 ( 1.00)     0     11.9 (27.00)    0.9807    2.55 Hz z 0.252 (17.50)    2.36 (3.38)    0.697    -12.6     1.26
b_q*J1.0+h10              B        33.6 (15.75)     0     11.6 (27.00)    0.9861    1.80 Hz z 0.133 (17.50)    2.36 (3.38)    0.697    -19.4     1.92
b_q*tau6+h10              B        56.8 ( 1.00)     0     10.5 (13.75)    0.9817    3.97 Hz z 0.357 (14.25)    2.36 (3.38)    0.697     -4.0     1.09
J_hi*tau6                 report   45.2 ( 1.00)     0     18.5 ( 8.00)    0.9760    1.59 Hz z 0.508 ( 8.00)    2.36 (3.38)    0.697    -14.4     1.18
J_hi*tau6+h10             report   40.9 ( 1.00)     0     13.8 ( 8.00)    0.9762    1.66 Hz z 0.447 ( 8.00)    2.36 (3.38)    0.697    -14.4     1.32
J_hi2                     report   41.0 ( 1.00)     0     24.0 ( 8.00)    0.9760    1.32 Hz z 0.421 ( 8.00)    2.36 (3.38)    0.697    -18.9     1.04
J_hi2+h10                 report   37.5 ( 1.00)     0     17.7 ( 8.00)    0.9761    1.35 Hz z 0.381 ( 8.00)    2.36 (3.38)    0.697    -18.9     1.15
J_hi2*tau6                report   39.6 ( 1.00)     0     21.0 ( 8.00)    0.9760    1.34 Hz z 0.405 ( 8.00)    2.36 (3.38)    0.697    -18.9     1.08
J_hi2*tau6+h10            report   36.1 ( 1.00)     0     16.0 ( 8.00)    0.9761    1.36 Hz z 0.365 ( 8.00)    2.36 (3.38)    0.697    -18.9     1.20
J1.0*tau6                 report   38.0 ( 1.00)     0     22.4 ( 8.00)    0.9785    1.23 Hz z 0.378 ( 8.00)    2.36 (3.38)    0.697    -20.9     0.92
J1.0*tau6+h10             report   34.8 ( 1.00)     0     17.2 ( 8.00)    0.9798    1.25 Hz z 0.344 ( 8.00)    2.36 (3.38)    0.697    -21.0     1.00
b_lo*J_hi*tau6            report   35.2 ( 1.00)     0     16.4 ( 8.00)    0.9785    1.86 Hz z 0.302 ( 8.00)    2.36 (3.38)    0.697    -14.0     1.65
b_lo*J_hi*tau6+h10        report   30.1 ( 1.00)     0     11.2 ( 8.00)    0.9781    1.89 Hz z 0.246 ( 8.00)    2.36 (3.38)    0.697    -14.0     1.95
b_lo*J_hi2                report   31.6 ( 1.00)     0     22.2 ( 8.00)    0.9792    1.51 Hz z 0.253 ( 8.00)    2.36 (3.38)    0.697    -18.6     1.65
b_lo*J_hi2+h10            report   27.4 ( 1.00)    23     15.2 ( 8.00)    0.9808    1.53 Hz z 0.214 ( 8.00)    2.36 (3.38)    0.697    -18.6     1.96
b_lo*J_hi2*tau6           report   29.9 ( 1.00)    10     19.0 ( 8.00)    0.9792    1.52 Hz z 0.238 ( 8.00)    2.36 (3.38)    0.697    -18.6     1.76
b_lo*J_hi2*tau6+h10       report   25.8 ( 1.00)    30     13.1 ( 8.00)    0.9818    1.53 Hz z 0.199 ( 8.00)    2.36 (3.38)    0.697    -18.7     2.12
b_lo*J1.0                 report   30.0 ( 1.00)     0     23.7 ( 8.00)    0.9821    1.39 Hz z 0.232 ( 8.00)    2.36 (3.38)    0.697    -20.5     1.40
b_lo*J1.0+h10             report   26.3 ( 1.00)    30     16.4 ( 8.00)    0.9841    1.40 Hz z 0.200 ( 8.00)    2.36 (3.38)    0.697    -20.5     1.59
b_lo*J1.0*tau6            report   28.5 ( 1.00)    13     20.4 ( 8.00)    0.9829    1.39 Hz z 0.219 ( 8.00)    2.36 (3.38)    0.697    -20.5     1.47
b_lo*J1.0*tau6+h10        report   24.8 ( 1.00)    30     14.2 ( 8.00)    0.9850    1.40 Hz z 0.186 ( 8.00)    2.36 (3.38)    0.697    -20.5     1.67
b/1.9                     report   55.5 ( 1.00)     0     15.5 ( 8.00)    0.9785    3.14 Hz z 0.506 ( 8.00)    2.36 (3.38)    0.697     -4.9     1.18
b/1.9+h10                 report   47.8 ( 1.00)     0      9.9 ( 8.00)    0.9781    3.25 Hz z 0.388 ( 8.00)    2.36 (3.38)    0.697     -4.1     1.28
b/1.9*tau6                report   52.4 ( 1.00)     0     12.7 ( 8.00)    0.9783    3.21 Hz z 0.458 ( 8.00)    2.36 (3.38)    0.697     -4.5     1.21
b/1.9*tau6+h10            report   44.2 ( 8.00)     0      8.4 ( 8.00)    0.9780    3.24 Hz z 0.344 ( 8.00)    2.36 (3.38)    0.697     -4.0     1.33
b/1.9*J_hi                report   37.3 ( 1.00)     0     19.5 ( 8.00)    0.9789    1.84 Hz z 0.324 ( 8.00)    2.36 (3.38)    0.697    -14.0     1.56
b/1.9*J_hi+h10            report   32.1 ( 1.00)     0     13.0 ( 8.00)    0.9786    1.88 Hz z 0.268 ( 8.00)    2.36 (3.38)    0.697    -14.0     1.82
b/1.9*J_hi*tau6           report   35.2 ( 1.00)     0     16.4 ( 8.00)    0.9788    1.86 Hz z 0.302 ( 8.00)    2.36 (3.38)    0.697    -14.0     1.65
b/1.9*J_hi*tau6+h10       report   30.1 ( 1.00)     0     11.2 ( 8.00)    0.9784    1.89 Hz z 0.246 ( 8.00)    2.36 (3.38)    0.697    -14.0     1.95
b/1.9*J_hi2               report   31.6 ( 1.00)     0     22.2 ( 8.00)    0.9795    1.51 Hz z 0.253 ( 8.00)    2.36 (3.38)    0.697    -18.6     1.65
b/1.9*J_hi2+h10           report   27.4 ( 1.00)    23     15.2 ( 8.00)    0.9808    1.53 Hz z 0.214 ( 8.00)    2.36 (3.38)    0.697    -18.5     1.96
b/1.9*J_hi2*tau6          report   29.9 ( 1.00)    10     19.0 ( 8.00)    0.9794    1.52 Hz z 0.238 ( 8.00)    2.36 (3.38)    0.697    -18.6     1.76
b/1.9*J_hi2*tau6+h10      report   25.8 ( 1.00)    30     13.1 ( 8.00)    0.9818    1.53 Hz z 0.199 ( 8.00)    2.36 (3.38)    0.697    -18.6     2.12
b/1.9*J1.0                report   30.0 ( 1.00)     0     23.7 ( 8.00)    0.9821    1.39 Hz z 0.232 ( 8.00)    2.36 (3.38)    0.697    -20.4     1.40
b/1.9*J1.0+h10            report   26.3 ( 1.00)    30     16.4 ( 8.00)    0.9841    1.40 Hz z 0.200 ( 8.00)    2.36 (3.38)    0.697    -20.4     1.59
b/1.9*J1.0*tau6           report   28.5 ( 1.00)    13     20.4 ( 8.00)    0.9829    1.39 Hz z 0.219 ( 8.00)    2.36 (3.38)    0.697    -20.3     1.47
b/1.9*J1.0*tau6+h10       report   24.8 ( 1.00)    30     14.2 ( 8.00)    0.9850    1.40 Hz z 0.186 ( 8.00)    2.36 (3.38)    0.697    -20.4     1.67
b_q*J_hi*tau6             report   45.2 ( 1.00)     0     15.0 (27.00)    0.9809    2.54 Hz z 0.279 (17.50)    2.36 (3.38)    0.697    -12.5     1.18
b_q*J_hi*tau6+h10         report   40.9 ( 1.00)     0     10.3 (27.00)    0.9806    2.56 Hz z 0.235 (17.50)    2.36 (3.38)    0.697    -12.6     1.34
b_q*J_hi2                 report   41.0 ( 1.00)     0     18.5 (27.00)    0.9813    1.99 Hz z 0.198 (17.50)    2.36 (3.38)    0.697    -17.2     1.41
b_q*J_hi2+h10             report   37.5 ( 1.00)     0     11.7 (27.00)    0.9810    2.00 Hz z 0.168 (17.50)    2.36 (3.38)    0.697    -17.3     1.68
b_q*J_hi2*tau6            report   39.6 ( 1.00)     0     15.1 (27.00)    0.9812    2.00 Hz z 0.186 (17.50)    2.36 (3.38)    0.697    -17.2     1.51
b_q*J_hi2*tau6+h10        report   36.1 ( 1.00)     0     10.0 (27.00)    0.9815    2.00 Hz z 0.155 (17.50)    2.36 (3.38)    0.697    -17.3     1.82
b_q*J1.0*tau6             report   36.9 (15.50)     0     15.2 (27.00)    0.9847    1.80 Hz z 0.148 (17.50)    2.36 (3.38)    0.697    -19.4     1.72
b_q*J1.0*tau6+h10         report   31.3 (15.75)     0      9.7 (27.00)    0.9871    1.80 Hz z 0.122 (17.50)    2.36 (3.38)    0.697    -19.5     2.08
b_lo*J0.3                 report   44.3 ( 1.00)     0     16.7 ( 8.00)    0.9782    2.39 Hz z 0.415 ( 8.00)    2.36 (3.38)    0.697     -8.7     1.42
b_lo*J0.3+h10             report   37.6 ( 1.00)     0     10.7 ( 8.00)    0.9779    2.48 Hz z 0.327 ( 8.00)    2.36 (3.38)    0.697     -8.5     1.60
J1.3                      report   38.0 ( 1.00)     0     27.2 ( 8.00)    0.9816    1.12 Hz z 0.370 ( 8.00)    2.36 (3.38)    0.697    -23.4     0.69
b_lo*J1.3                 report   29.0 ( 1.00)    12     25.6 ( 8.00)    0.9882    0.93 Hz z 0.200 (11.90)    2.36 (3.38)    0.697    -22.7     1.00
b_q*J1.3                  report   29.1 (15.75)     5     18.8 (27.00)    0.9897    1.46 Hz z 0.112 (15.75)    2.36 (3.38)    0.697    -21.9     2.10
b_q*J1.3+h10              report   24.0 (15.75)    84     11.2 (27.00)    0.9915    1.46 Hz z 0.092 (15.75)    2.36 (3.38)    0.697    -21.9     2.62
tau10                     report   60.2 ( 1.00)     0     13.2 ( 8.00)    0.9816    3.23 Hz z 0.603 ( 8.00)    2.36 (3.38)    0.697     -6.3     1.03
b_lo*tau10                report   49.3 ( 1.00)     0     10.7 ( 8.00)    0.9778    3.24 Hz z 0.411 ( 8.00)    2.36 (3.38)    0.697     -4.2     1.26
light_b                   report    9.1 (27.00)   107      4.8 (27.00)    0.9857    3.81 Hz z 0.060 (27.00)    2.36 (3.38)    0.697     +0.7     2.10
b_q0                      report   64.8 ( 1.00)     0     17.3 (12.50)    0.9815    4.11 Hz z 0.488 (16.00)    2.36 (3.38)    0.697     -5.5     0.96
b_q0*J_hi                 report   47.0 ( 1.00)     0     18.0 (27.00)    0.9810    2.52 Hz z 0.296 (17.50)    2.36 (3.38)    0.697    -12.6     1.13
bq10*J1.0                 report   39.2 (15.50)     0     18.7 (27.00)    0.9838    1.64 Hz z 0.158 (15.75)    2.36 (3.38)    0.697    -19.4     1.61
bq10*J1.0+h10             report   33.6 (15.75)     0     11.5 (27.00)    0.9861    1.80 Hz z 0.133 (17.50)    2.36 (3.38)    0.697    -19.4     1.92
bq10*J1.0*tau6+h10        report   31.3 (15.75)     0      9.7 (27.00)    0.9871    1.80 Hz z 0.122 (17.50)    2.36 (3.38)    0.697    -19.5     2.08

======================================================================================================================================================
D1a: D1a = stock D on the angle error (cal-only D), Kd_E 256   [41 s, 12600 points]  GATED FAILS: 0
member                    tier  min PM (v)      #<bar  min GM_exact (v)    max rho  least-damped low pole (v)     max M20 (V295)  max L20/V295  max T530 dB  max Tr1.6-3
nominal                   A        69.9 (26.90)     0     17.7 ( 1.00)    0.9817    3.99 Hz z 0.630 ( 8.00)    3.12 (3.38)    0.922     -5.5     0.91
J_lo                      A        67.8 (26.90)     0     15.9 ( 1.00)    0.9833    5.98 Hz z 0.606 ( 8.00)    3.12 (3.38)    0.922     -4.1     0.83
J_hi                      A        52.3 ( 1.00)     0     22.4 ( 8.00)    0.9820    0.82 Hz z 0.605 ( 1.00)    3.12 (3.38)    0.922    -12.6     0.96
b_lo                      A        59.0 ( 1.00)     0     15.9 ( 1.00)    0.9773    3.83 Hz z 0.530 ( 8.00)    3.12 (3.38)    0.922     -3.4     1.08
b_hi                      A        58.9 (26.90)     0     20.2 ( 1.00)    0.9875    0.31 Hz z 0.537 (26.90)    3.12 (3.38)    0.922     -8.3     0.70
tau0                      A        70.2 (26.90)     0     19.8 ( 1.00)    0.9817    3.93 Hz z 0.652 ( 8.00)    3.12 (3.38)    0.922     -5.8     0.90
tau6                      A        68.8 ( 1.00)     0     14.8 ( 1.00)    0.9818    4.07 Hz z 0.587 ( 8.00)    3.12 (3.38)    0.922     -5.0     0.94
mode13                    A        69.9 (26.90)     0     19.8 ( 1.00)    0.9817    4.04 Hz z 0.610 ( 8.00)    3.12 (3.38)    0.922     -5.8     0.92
mode20                    A        69.9 (26.90)     0     18.1 ( 1.00)    0.9817    4.01 Hz z 0.622 ( 8.00)    3.12 (3.38)    0.923     -5.6     0.91
ms_free                   A        48.1 (10.50)     0     18.9 ( 1.00)    0.9926    0.74 Hz z 0.157 (11.90)    3.12 (3.38)    0.922     -7.3     0.96
b_lo*J_hi                 B        42.8 ( 1.00)     0     21.1 ( 8.00)    0.9780    1.33 Hz z 0.427 (10.00)    3.12 (3.38)    0.922    -12.1     1.35
b_lo*tau6                 B        55.3 ( 1.00)     0     12.9 ( 1.00)    0.9772    3.90 Hz z 0.480 ( 8.00)    3.12 (3.38)    0.922     -2.7     1.10
J1.0                      B        42.6 ( 1.00)     0     27.1 ( 8.00)    0.9831    0.82 Hz z 0.417 (11.90)    3.12 (3.38)    0.922    -19.2     0.70
b_q                       B        71.5 ( 1.00)     0     17.5 (15.50)    0.9806    4.36 Hz z 0.476 (15.50)    3.12 (3.38)    0.922     -4.3     0.91
b_q*J_hi                  B        52.3 ( 1.00)     0     21.1 (15.50)    0.9806    2.25 Hz z 0.315 (15.00)    3.12 (3.38)    0.922    -11.1     1.00
b_q*J1.0                  B        37.4 (15.50)     0     25.0 (17.50)    0.9875    1.58 Hz z 0.171 (15.00)    3.12 (3.38)    0.922    -18.4     1.56
b_q*tau6                  B        68.8 ( 1.00)     0     14.5 (15.50)    0.9806    4.43 Hz z 0.433 (15.50)    3.12 (3.38)    0.922     -3.6     0.94
nominal+h10               B        64.8 ( 1.00)     0     11.9 ( 1.00)    0.9819    4.10 Hz z 0.523 ( 8.00)    3.12 (3.38)    0.922     -4.3     0.98
J_lo+h10                  B        66.3 (26.90)     0     10.3 ( 1.00)    0.9835    5.94 Hz z 0.468 ( 8.00)    3.12 (3.38)    0.922     -2.2     0.88
J_hi+h10                  B        47.6 ( 1.00)     0     16.2 ( 8.00)    0.9821    0.86 Hz z 0.597 ( 1.00)    3.12 (3.38)    0.922    -12.4     1.06
b_lo+h10                  B        49.8 ( 1.00)     0      9.9 ( 1.00)    0.9769    3.92 Hz z 0.406 ( 8.00)    3.12 (3.38)    0.922     -1.8     1.20
b_hi+h10                  B        57.6 (26.90)     0     14.5 ( 1.00)    0.9877    0.32 Hz z 0.529 (26.90)    3.12 (3.38)    0.922     -7.3     0.75
tau0+h10                  B        66.1 ( 1.00)     0     12.7 ( 1.00)    0.9818    4.10 Hz z 0.544 ( 8.00)    3.12 (3.38)    0.922     -4.5     0.97
tau6+h10                  B        62.1 ( 1.00)     0     10.5 ( 1.00)    0.9819    4.07 Hz z 0.483 ( 8.00)    3.12 (3.38)    0.922     -3.9     1.02
mode13+h10                B        64.7 ( 1.00)     0     12.3 ( 1.00)    0.9819    4.08 Hz z 0.508 ( 8.00)    3.12 (3.38)    0.922     -4.6     0.98
mode20+h10                B        64.7 ( 1.00)     0     12.0 ( 1.00)    0.9819    4.09 Hz z 0.517 ( 8.00)    3.12 (3.38)    0.923     -4.4     0.98
ms_free+h10               B        45.1 ( 9.50)     0     12.9 ( 1.00)    0.9930    0.74 Hz z 0.148 (11.90)    3.12 (3.38)    0.922     -6.5     1.04
b_lo*J_hi+h10             B        37.2 ( 1.00)     0     14.6 ( 8.00)    0.9776    1.36 Hz z 0.401 (10.00)    3.12 (3.38)    0.922    -11.9     1.55
b_lo*tau6+h10             B        46.1 ( 1.00)     0      8.4 ( 1.00)    0.9767    3.89 Hz z 0.360 ( 8.00)    3.12 (3.38)    0.922     -1.4     1.32
J1.0+h10                  B        39.3 ( 1.00)     0     20.6 ( 8.00)    0.9832    0.82 Hz z 0.404 (11.90)    3.12 (3.38)    0.922    -19.1     0.75
b_q+h10                   B        64.8 ( 1.00)     0     11.4 (15.50)    0.9806    4.47 Hz z 0.371 (15.50)    3.12 (3.38)    0.922     -2.6     0.98
b_q*J_hi+h10              B        47.6 ( 1.00)     0     14.2 (15.50)    0.9803    2.30 Hz z 0.271 (15.00)    3.12 (3.38)    0.922    -10.8     1.15
b_q*J1.0+h10              B        31.6 (15.50)     0     17.7 (15.75)    0.9886    1.68 Hz z 0.145 (15.50)    3.12 (3.38)    0.922    -18.4     1.86
b_q*tau6+h10              B        62.1 ( 1.00)     0      9.9 (15.50)    0.9807    4.45 Hz z 0.332 (15.50)    3.12 (3.38)    0.922     -2.0     1.02
J_hi*tau6                 report   50.5 ( 1.00)     0     19.3 ( 7.75)    0.9820    0.84 Hz z 0.602 ( 1.00)    3.12 (3.38)    0.922    -12.5     1.00
J_hi*tau6+h10             report   45.8 ( 1.00)     0     14.6 ( 8.00)    0.9821    0.88 Hz z 0.594 ( 1.00)    3.12 (3.38)    0.922    -12.3     1.11
J_hi2                     report   45.1 ( 1.00)     0     25.5 ( 8.00)    0.9825    0.84 Hz z 0.478 ( 1.00)    3.12 (3.38)    0.922    -17.1     0.79
J_hi2+h10                 report   41.3 ( 1.00)     0     19.1 ( 8.00)    0.9826    0.88 Hz z 0.455 ( 1.00)    3.12 (3.38)    0.922    -17.0     0.86
J_hi2*tau6                report   43.6 ( 1.00)     0     22.3 ( 8.00)    0.9826    0.86 Hz z 0.470 ( 1.00)    3.12 (3.38)    0.922    -17.0     0.82
J_hi2*tau6+h10            report   39.8 ( 1.00)     0     17.5 ( 8.00)    0.9827    0.89 Hz z 0.445 ( 1.00)    3.12 (3.38)    0.922    -17.0     0.89
J1.0*tau6                 report   41.3 ( 1.00)     0     23.9 ( 8.00)    0.9831    0.82 Hz z 0.412 (11.90)    3.12 (3.38)    0.922    -19.1     0.72
J1.0*tau6+h10             report   37.9 ( 1.00)     0     19.0 ( 8.00)    0.9833    0.84 Hz z 0.399 ( 1.00)    3.12 (3.38)    0.922    -19.1     0.77
b_lo*J_hi*tau6            report   40.6 ( 1.00)     0     17.8 ( 7.25)    0.9778    1.34 Hz z 0.417 (10.00)    3.12 (3.38)    0.922    -12.0     1.43
b_lo*J_hi*tau6+h10        report   34.9 ( 1.00)     0     12.9 ( 8.00)    0.9774    1.37 Hz z 0.390 (10.00)    3.12 (3.38)    0.922    -11.9     1.65
b_lo*J_hi2                report   36.2 ( 1.00)     0     24.3 ( 8.00)    0.9836    1.04 Hz z 0.245 (11.90)    3.12 (3.38)    0.922    -16.8     1.15
b_lo*J_hi2+h10            report   31.8 ( 1.00)     0     17.6 ( 8.00)    0.9847    1.04 Hz z 0.230 (11.90)    3.12 (3.38)    0.922    -16.7     1.30
b_lo*J_hi2*tau6           report   34.4 ( 1.00)     0     21.1 ( 8.00)    0.9840    1.04 Hz z 0.239 (11.90)    3.12 (3.38)    0.922    -16.7     1.20
b_lo*J_hi2*tau6+h10       report   30.0 ( 1.00)     0     15.8 ( 8.00)    0.9851    1.04 Hz z 0.224 (11.90)    3.12 (3.38)    0.922    -16.7     1.37
b_lo*J1.0                 report   34.0 ( 1.00)     0     26.0 ( 8.00)    0.9888    0.97 Hz z 0.182 (11.90)    3.12 (3.38)    0.922    -18.9     1.01
b_lo*J1.0+h10             report   30.0 ( 1.00)     0     19.2 ( 8.00)    0.9896    0.97 Hz z 0.168 (11.90)    3.12 (3.38)    0.922    -18.8     1.12
b_lo*J1.0*tau6            report   32.4 ( 1.00)     0     22.7 ( 8.00)    0.9891    0.97 Hz z 0.177 (11.90)    3.12 (3.38)    0.922    -18.8     1.05
b_lo*J1.0*tau6+h10        report   28.4 ( 1.00)    12     17.4 ( 8.00)    0.9900    0.97 Hz z 0.163 (11.90)    3.12 (3.38)    0.922    -18.8     1.17
b/1.9                     report   59.0 ( 1.00)     0     15.9 ( 3.75)    0.9778    3.83 Hz z 0.530 ( 8.00)    3.12 (3.38)    0.922     -3.4     1.08
b/1.9+h10                 report   49.8 ( 1.00)     0      9.8 ( 1.00)    0.9774    3.92 Hz z 0.406 ( 8.00)    3.12 (3.38)    0.922     -1.8     1.20
b/1.9*tau6                report   55.3 ( 1.00)     0     12.8 ( 1.00)    0.9776    3.90 Hz z 0.480 ( 8.00)    3.12 (3.38)    0.922     -2.7     1.10
b/1.9*tau6+h10            report   46.1 ( 1.00)     0      8.4 ( 3.25)    0.9772    3.89 Hz z 0.360 ( 8.00)    3.12 (3.38)    0.922     -1.4     1.32
b/1.9*J_hi                report   42.8 ( 1.00)     0     21.0 ( 8.00)    0.9783    1.36 Hz z 0.400 (10.00)    3.12 (3.38)    0.922    -12.1     1.35
b/1.9*J_hi+h10            report   37.2 ( 1.00)     0     14.5 ( 7.00)    0.9779    1.39 Hz z 0.374 (10.00)    3.12 (3.38)    0.922    -11.9     1.55
b/1.9*J_hi*tau6           report   40.6 ( 1.00)     0     17.8 ( 7.25)    0.9781    1.37 Hz z 0.390 (10.00)    3.12 (3.38)    0.922    -12.0     1.43
b/1.9*J_hi*tau6+h10       report   34.9 ( 1.00)     0     12.9 ( 8.00)    0.9778    1.40 Hz z 0.362 (10.00)    3.12 (3.38)    0.922    -11.9     1.65
b/1.9*J_hi2               report   36.2 ( 1.00)     0     24.3 ( 8.00)    0.9847    1.05 Hz z 0.228 (11.90)    3.12 (3.38)    0.922    -16.8     1.15
b/1.9*J_hi2+h10           report   31.8 ( 1.00)     0     17.6 ( 8.00)    0.9857    1.05 Hz z 0.213 (11.90)    3.12 (3.38)    0.922    -16.6     1.30
b/1.9*J_hi2*tau6          report   34.4 ( 1.00)     0     21.1 ( 8.00)    0.9851    1.05 Hz z 0.222 (11.90)    3.12 (3.38)    0.922    -16.7     1.20
b/1.9*J_hi2*tau6+h10      report   30.0 ( 1.00)     0     15.8 ( 8.00)    0.9862    1.05 Hz z 0.207 (11.90)    3.12 (3.38)    0.922    -16.6     1.37
b/1.9*J1.0                report   34.0 ( 1.00)     0     26.0 ( 8.00)    0.9896    0.98 Hz z 0.168 (11.90)    3.12 (3.38)    0.922    -18.8     1.01
b/1.9*J1.0+h10            report   30.0 ( 1.00)     0     19.2 ( 8.00)    0.9905    0.98 Hz z 0.154 (11.90)    3.12 (3.38)    0.922    -18.7     1.12
b/1.9*J1.0*tau6           report   32.4 ( 1.00)     0     22.7 ( 8.00)    0.9899    0.98 Hz z 0.162 (11.90)    3.12 (3.38)    0.922    -18.8     1.05
b/1.9*J1.0*tau6+h10       report   28.4 ( 1.00)    12     17.4 ( 8.00)    0.9908    0.98 Hz z 0.149 (11.90)    3.12 (3.38)    0.922    -18.7     1.17
b_q*J_hi*tau6             report   50.5 ( 1.00)     0     17.7 (15.50)    0.9805    2.27 Hz z 0.298 (15.00)    3.12 (3.38)    0.922    -10.9     1.05
b_q*J_hi*tau6+h10         report   45.8 ( 1.00)     0     12.4 (15.50)    0.9802    2.32 Hz z 0.252 (15.00)    3.12 (3.38)    0.922    -10.8     1.23
b_q*J_hi2                 report   44.6 (15.50)     0     23.6 (17.50)    0.9822    1.81 Hz z 0.214 (15.25)    3.12 (3.38)    0.922    -16.1     1.32
b_q*J_hi2+h10             report   38.2 (15.50)     0     16.5 (15.50)    0.9835    1.88 Hz z 0.183 (15.50)    3.12 (3.38)    0.922    -16.0     1.56
b_q*J_hi2*tau6            report   42.1 (15.50)     0     20.2 (17.50)    0.9827    1.81 Hz z 0.202 (15.25)    3.12 (3.38)    0.922    -16.1     1.41
b_q*J_hi2*tau6+h10        report   35.6 (15.50)     0     14.4 (15.50)    0.9841    1.88 Hz z 0.170 (15.50)    3.12 (3.38)    0.922    -16.1     1.68
b_q*J1.0*tau6             report   35.1 (15.50)     0     21.6 (17.50)    0.9880    1.67 Hz z 0.161 (15.50)    3.12 (3.38)    0.922    -18.4     1.67
b_q*J1.0*tau6+h10         report   29.2 (15.50)     2     15.5 (15.75)    0.9891    1.68 Hz z 0.134 (15.50)    3.12 (3.38)    0.922    -18.4     2.02
b_lo*J0.3                 report   49.4 ( 1.00)     0     17.6 ( 3.25)    0.9775    2.61 Hz z 0.573 ( 8.00)    3.12 (3.38)    0.922     -6.8     1.26
b_lo*J0.3+h10             report   41.8 ( 1.00)     0     11.4 ( 3.25)    0.9771    2.81 Hz z 0.453 ( 8.00)    3.12 (3.38)    0.922     -6.2     1.41
J1.3                      report   40.5 ( 1.00)     0     29.0 ( 8.00)    0.9842    0.80 Hz z 0.302 (11.90)    3.12 (3.38)    0.922    -21.6     0.56
b_lo*J1.3                 report   32.0 (11.90)     0     28.0 ( 8.00)    0.9933    0.90 Hz z 0.119 (11.90)    3.12 (3.38)    0.922    -21.3     0.78
b_q*J1.3                  report   29.1 (15.50)     9     26.8 (17.50)    0.9922    1.14 Hz z 0.121 (13.25)    3.12 (3.38)    0.922    -21.0     1.67
b_q*J1.3+h10              report   23.8 (15.50)    17     19.2 (17.00)    0.9931    1.48 Hz z 0.103 (15.50)    3.12 (3.38)    0.922    -21.0     1.98
tau10                     report   66.1 ( 1.00)     0     12.7 ( 3.25)    0.9818    4.10 Hz z 0.544 ( 8.00)    3.12 (3.38)    0.922     -4.5     0.97
b_lo*tau10                report   51.6 ( 1.00)     0     10.7 ( 3.25)    0.9770    3.92 Hz z 0.430 ( 8.00)    3.12 (3.38)    0.922     -2.1     1.15
light_b                   report   32.2 ( 1.00)     0     12.7 (26.90)    0.9799    3.88 Hz z 0.255 (26.90)    3.12 (3.38)    0.922     +0.5     1.80
b_q0                      report   71.5 ( 1.00)     0     17.5 (15.50)    0.9806    4.36 Hz z 0.476 (15.50)    3.12 (3.38)    0.922     -4.3     0.91
b_q0*J_hi                 report   49.8 (12.50)     0     21.0 (15.50)    0.9806    1.57 Hz z 0.222 (12.50)    3.12 (3.38)    0.922    -11.1     1.19
bq10*J1.0                 report   36.3 (10.00)     0     25.0 (17.50)    0.9886    1.12 Hz z 0.169 (10.00)    3.12 (3.38)    0.922    -18.4     1.56
bq10*J1.0+h10             report   31.6 (15.50)     0     17.7 (16.00)    0.9895    1.68 Hz z 0.145 (15.50)    3.12 (3.38)    0.922    -18.4     1.86
bq10*J1.0*tau6+h10        report   29.2 (15.50)     2     15.5 (15.75)    0.9898    1.68 Hz z 0.134 (15.50)    3.12 (3.38)    0.922    -18.4     2.02

======================================================================================================================================================
D1b: D1b = D on the 1 kHz motor-accumulator difference (gp-0x6cc4), K_D 20   [42 s, 12600 points]  GATED FAILS: 0
member                    tier  min PM (v)      #<bar  min GM_exact (v)    max rho  least-damped low pole (v)     max M20 (V295)  max L20/V295  max T530 dB  max Tr1.6-3
nominal                   A        64.5 ( 1.00)     0     29.6 ( 8.00)    0.9815    0.34 Hz z 0.659 (11.90)    2.42 (3.38)    0.713     -8.5     1.01
J_lo                      A        65.8 (27.00)     0     28.1 ( 1.00)    0.9834    0.32 Hz z 0.640 (11.90)    2.42 (3.38)    0.713     -6.8     0.91
J_hi                      A        46.3 ( 1.00)     0     33.2 ( 8.00)    0.9758    1.59 Hz z 0.478 ( 8.00)    2.42 (3.38)    0.713    -15.6     1.22
b_lo                      A        57.1 ( 1.00)     0     27.4 ( 8.00)    0.9773    2.74 Hz z 0.530 ( 8.00)    2.42 (3.38)    0.713     -6.5     1.23
b_hi                      A        57.7 (26.90)     0     32.4 ( 8.00)    0.9869    0.32 Hz z 0.555 (11.90)    2.42 (3.38)    0.713    -11.3     0.80
tau0                      A        65.6 ( 1.00)     0     40.9 ( 1.00)    0.9815    0.34 Hz z 0.661 (11.90)    2.42 (3.38)    0.713     -8.7     1.00
tau6                      A        62.2 ( 1.00)     0     21.8 ( 8.00)    0.9816    0.34 Hz z 0.656 (11.90)    2.42 (3.38)    0.713     -8.2     1.04
mode13                    A        64.4 ( 1.00)     0     30.2 ( 7.75)    0.9815    0.34 Hz z 0.659 (11.90)    2.42 (3.38)    0.713     -8.7     1.01
mode20                    A        64.5 ( 1.00)     0     30.6 ( 1.00)    0.9815    0.34 Hz z 0.659 (11.90)    2.42 (3.38)    0.714     -8.6     1.01
ms_free                   A        47.7 ( 8.75)     0     31.1 ( 1.00)    0.9903    0.76 Hz z 0.201 (11.90)    2.42 (3.38)    0.713    -11.1     1.21
b_lo*J_hi                 B        36.9 ( 1.00)     0     31.3 ( 8.00)    0.9778    1.84 Hz z 0.296 ( 8.00)    2.42 (3.38)    0.713    -15.1     1.67
b_lo*tau6                 B        54.1 ( 1.00)     0     19.4 ( 8.00)    0.9771    2.83 Hz z 0.490 ( 8.00)    2.42 (3.38)    0.713     -6.2     1.27
J1.0                      B        38.6 ( 1.00)     0     37.3 ( 8.00)    0.9784    1.26 Hz z 0.362 ( 8.00)    2.42 (3.38)    0.713    -21.9     0.98
b_q                       B        64.5 ( 1.00)     0     29.0 (13.75)    0.9815    3.77 Hz z 0.544 (17.50)    2.42 (3.38)    0.713     -7.1     1.01
b_q*J_hi                  B        46.3 ( 1.00)     0     28.8 (27.00)    0.9803    2.47 Hz z 0.290 (17.50)    2.42 (3.38)    0.713    -13.9     1.22
b_q*J1.0                  B        37.5 (15.50)     0     27.2 (27.00)    0.9848    1.64 Hz z 0.149 (15.75)    2.42 (3.38)    0.713    -20.5     1.71
b_q*tau6                  B        62.2 ( 1.00)     0     21.3 (27.00)    0.9816    3.87 Hz z 0.513 (17.50)    2.42 (3.38)    0.713     -6.7     1.04
nominal+h10               B        58.9 ( 1.00)     0     33.8 ( 1.00)    0.9816    0.35 Hz z 0.650 (11.90)    2.38 (3.38)    0.702    -10.6     1.13
J_lo+h10                  B        63.5 (27.00)     0     30.3 ( 1.00)    0.9835    0.33 Hz z 0.632 (11.90)    2.38 (3.38)    0.702     -8.5     1.00
J_hi+h10                  B        41.7 ( 1.00)     0     38.8 (10.00)    0.9758    1.59 Hz z 0.409 ( 8.00)    2.38 (3.38)    0.702    -17.7     1.39
b_lo+h10                  B        52.2 ( 1.00)     0     32.4 (10.00)    0.9770    2.54 Hz z 0.455 ( 8.00)    2.38 (3.38)    0.702     -8.8     1.40
b_hi+h10                  B        55.7 (27.00)     0     35.3 ( 1.00)    0.9870    0.32 Hz z 0.546 (11.90)    2.38 (3.38)    0.702    -13.3     0.87
tau0+h10                  B        60.0 ( 1.00)     0     41.9 ( 1.00)    0.9815    0.35 Hz z 0.652 (11.90)    2.38 (3.38)    0.702    -10.8     1.11
tau6+h10                  B        56.7 ( 1.00)     0     25.7 ( 1.00)    0.9816    0.35 Hz z 0.647 (11.90)    2.38 (3.38)    0.702    -10.4     1.17
mode13+h10                B        58.8 ( 1.00)     0     32.9 ( 1.00)    0.9816    0.35 Hz z 0.650 (11.90)    2.38 (3.38)    0.702    -10.9     1.13
mode20+h10                B        58.9 ( 1.00)     0     32.6 ( 1.00)    0.9816    0.35 Hz z 0.650 (11.90)    2.38 (3.38)    0.703    -10.7     1.13
ms_free+h10               B        43.9 ( 8.75)     0     35.5 ( 1.00)    0.9909    0.76 Hz z 0.188 (11.90)    2.38 (3.38)    0.702    -12.9     1.37
b_lo*J_hi+h10             B        32.0 ( 1.00)     0     37.4 (11.75)    0.9776    1.81 Hz z 0.242 ( 8.00)    2.38 (3.38)    0.702    -16.9     2.01
b_lo*tau6+h10             B        49.4 ( 1.00)     0     23.9 ( 1.00)    0.9768    2.58 Hz z 0.424 ( 8.00)    2.38 (3.38)    0.702     -8.6     1.46
J1.0+h10                  B        35.0 ( 1.00)     0     42.9 (11.75)    0.9806    1.25 Hz z 0.320 ( 8.00)    2.38 (3.38)    0.702    -23.3     1.04
b_q+h10                   B        58.9 ( 1.00)     0     31.5 (12.50)    0.9816    3.43 Hz z 0.533 (17.50)    2.38 (3.38)    0.702     -8.4     1.13
b_q*J_hi+h10              B        41.7 ( 1.00)     0     37.3 (12.50)    0.9801    2.41 Hz z 0.261 (17.50)    2.38 (3.38)    0.702    -16.0     1.39
b_q*J1.0+h10              B        33.7 (27.00)     0     15.6 (27.00)    0.9871    1.77 Hz z 0.127 (17.50)    2.38 (3.38)    0.702    -22.5     2.06
b_q*tau6+h10              B        56.7 ( 1.00)     0     23.6 (12.50)    0.9816    2.91 Hz z 0.508 (27.00)    2.38 (3.38)    0.702     -8.0     1.17
J_hi*tau6                 report   44.5 ( 1.00)     0     24.9 ( 8.00)    0.9759    1.61 Hz z 0.457 ( 8.00)    2.42 (3.38)    0.713    -15.5     1.28
J_hi*tau6+h10             report   40.0 ( 1.00)     0     29.4 ( 8.00)    0.9759    1.60 Hz z 0.390 ( 8.00)    2.38 (3.38)    0.702    -17.6     1.46
J_hi2                     report   40.3 ( 1.00)     0     35.8 ( 8.00)    0.9753    1.36 Hz z 0.386 ( 8.00)    2.42 (3.38)    0.713    -19.9     1.14
J_hi2+h10                 report   36.4 ( 1.00)     0     41.4 (11.75)    0.9773    1.36 Hz z 0.337 ( 8.00)    2.38 (3.38)    0.702    -21.4     1.25
J_hi2*tau6                report   38.9 ( 1.00)     0     27.4 ( 8.00)    0.9753    1.37 Hz z 0.371 ( 8.00)    2.42 (3.38)    0.713    -19.9     1.19
J_hi2*tau6+h10            report   35.0 ( 1.00)     0     31.5 ( 8.00)    0.9779    1.36 Hz z 0.323 ( 8.00)    2.38 (3.38)    0.702    -21.3     1.30
J1.0*tau6                 report   37.3 ( 1.00)     0     28.7 ( 8.00)    0.9789    1.26 Hz z 0.349 ( 8.00)    2.42 (3.38)    0.713    -21.9     1.01
J1.0*tau6+h10             report   33.8 ( 1.00)     0     32.6 ( 8.00)    0.9812    1.26 Hz z 0.307 ( 8.00)    2.38 (3.38)    0.702    -23.3     1.07
b_lo*J_hi*tau6            report   34.8 ( 1.00)     0     22.7 ( 8.00)    0.9777    1.86 Hz z 0.276 ( 8.00)    2.42 (3.38)    0.713    -15.1     1.78
b_lo*J_hi*tau6+h10        report   30.0 ( 1.00)     0     26.6 ( 8.00)    0.9774    1.81 Hz z 0.223 ( 8.00)    2.38 (3.38)    0.702    -16.8     2.16
b_lo*J_hi2                report   30.9 ( 1.00)     0     34.1 ( 8.00)    0.9795    1.53 Hz z 0.231 ( 8.00)    2.42 (3.38)    0.713    -19.6     1.84
b_lo*J_hi2+h10            report   26.6 ( 1.00)    30     40.5 (11.75)    0.9831    1.51 Hz z 0.190 ( 8.00)    2.38 (3.38)    0.702    -21.1     2.16
b_lo*J_hi2*tau6           report   29.2 ( 1.00)    13     25.3 ( 8.00)    0.9804    1.54 Hz z 0.216 ( 8.00)    2.42 (3.38)    0.713    -19.6     1.97
b_lo*J_hi2*tau6+h10       report   24.9 ( 1.00)    31     28.2 ( 8.00)    0.9841    1.51 Hz z 0.176 ( 8.00)    2.38 (3.38)    0.702    -21.0     2.33
b_lo*J1.0                 report   29.3 ( 1.00)    12     35.7 ( 8.00)    0.9830    1.41 Hz z 0.213 ( 8.00)    2.42 (3.38)    0.713    -21.6     1.56
b_lo*J1.0+h10             report   25.3 ( 1.00)    30     42.2 (11.75)    0.9858    1.39 Hz z 0.177 ( 8.00)    2.38 (3.38)    0.702    -23.2     1.70
b_lo*J1.0*tau6            report   27.8 ( 1.00)    18     26.7 ( 8.00)    0.9838    1.41 Hz z 0.200 ( 8.00)    2.42 (3.38)    0.713    -21.6     1.64
b_lo*J1.0*tau6+h10        report   23.8 ( 1.00)    31     28.9 (27.00)    0.9866    1.39 Hz z 0.164 ( 8.00)    2.38 (3.38)    0.702    -23.1     1.77
b/1.9                     report   57.1 ( 1.00)     0     27.4 ( 8.00)    0.9777    2.74 Hz z 0.530 ( 8.00)    2.42 (3.38)    0.713     -6.5     1.23
b/1.9+h10                 report   52.2 ( 1.00)     0     31.9 (10.00)    0.9774    2.54 Hz z 0.455 ( 8.00)    2.38 (3.38)    0.702     -8.8     1.40
b/1.9*tau6                report   54.1 ( 1.00)     0     19.3 ( 8.00)    0.9775    2.83 Hz z 0.490 ( 8.00)    2.42 (3.38)    0.713     -6.2     1.27
b/1.9*tau6+h10            report   49.4 ( 1.00)     0     23.8 ( 1.00)    0.9772    2.58 Hz z 0.424 ( 8.00)    2.38 (3.38)    0.702     -8.6     1.46
b/1.9*J_hi                report   36.9 ( 1.00)     0     31.3 ( 8.00)    0.9781    1.84 Hz z 0.296 ( 8.00)    2.42 (3.38)    0.713    -15.1     1.67
b/1.9*J_hi+h10            report   32.0 ( 1.00)     0     37.3 (11.50)    0.9779    1.81 Hz z 0.242 ( 8.00)    2.38 (3.38)    0.702    -16.8     2.01
b/1.9*J_hi*tau6           report   34.8 ( 1.00)     0     22.7 ( 8.00)    0.9780    1.86 Hz z 0.276 ( 8.00)    2.42 (3.38)    0.713    -15.1     1.78
b/1.9*J_hi*tau6+h10       report   30.0 ( 1.00)     0     26.6 ( 8.00)    0.9777    1.81 Hz z 0.223 ( 8.00)    2.38 (3.38)    0.702    -16.7     2.16
b/1.9*J_hi2               report   30.9 ( 1.00)     0     34.1 ( 8.00)    0.9795    1.53 Hz z 0.231 ( 8.00)    2.42 (3.38)    0.713    -19.6     1.84
b/1.9*J_hi2+h10           report   26.6 ( 1.00)    30     40.4 (11.75)    0.9831    1.51 Hz z 0.190 ( 8.00)    2.38 (3.38)    0.702    -21.1     2.16
b/1.9*J_hi2*tau6          report   29.2 ( 1.00)    13     25.3 ( 8.00)    0.9804    1.54 Hz z 0.216 ( 8.00)    2.42 (3.38)    0.713    -19.6     1.97
b/1.9*J_hi2*tau6+h10      report   24.9 ( 1.00)    31     28.2 ( 8.00)    0.9841    1.51 Hz z 0.176 ( 8.00)    2.38 (3.38)    0.702    -21.0     2.33
b/1.9*J1.0                report   29.3 ( 1.00)    12     35.7 ( 8.00)    0.9830    1.41 Hz z 0.213 ( 8.00)    2.42 (3.38)    0.713    -21.5     1.56
b/1.9*J1.0+h10            report   25.3 ( 1.00)    30     42.1 (11.75)    0.9858    1.39 Hz z 0.177 ( 8.00)    2.38 (3.38)    0.702    -23.1     1.70
b/1.9*J1.0*tau6           report   27.8 ( 1.00)    18     26.7 ( 8.00)    0.9838    1.41 Hz z 0.200 ( 8.00)    2.42 (3.38)    0.713    -21.5     1.64
b/1.9*J1.0*tau6+h10       report   23.8 ( 1.00)    31     27.3 (27.00)    0.9866    1.39 Hz z 0.164 ( 8.00)    2.38 (3.38)    0.702    -23.1     1.77
b_q*J_hi*tau6             report   44.5 ( 1.00)     0     20.1 (27.00)    0.9802    2.49 Hz z 0.275 (17.50)    2.42 (3.38)    0.713    -13.8     1.28
b_q*J_hi*tau6+h10         report   40.0 ( 1.00)     0     17.8 (27.00)    0.9800    2.41 Hz z 0.248 (17.50)    2.38 (3.38)    0.702    -16.0     1.46
b_q*J_hi2                 report   40.3 ( 1.00)     0     27.8 (27.00)    0.9806    1.99 Hz z 0.189 (17.50)    2.42 (3.38)    0.713    -18.3     1.50
b_q*J_hi2+h10             report   36.4 ( 1.00)     0     18.6 (27.00)    0.9814    1.95 Hz z 0.164 (17.50)    2.38 (3.38)    0.702    -20.4     1.79
b_q*J_hi2*tau6            report   38.9 ( 1.00)     0     18.8 (27.00)    0.9805    1.99 Hz z 0.178 (17.50)    2.42 (3.38)    0.713    -18.3     1.60
b_q*J_hi2*tau6+h10        report   35.0 ( 1.00)     0     13.3 (27.00)    0.9825    1.95 Hz z 0.153 (17.50)    2.38 (3.38)    0.702    -20.4     1.93
b_q*J1.0*tau6             report   35.2 (15.50)     0     18.1 (27.00)    0.9857    1.80 Hz z 0.140 (17.50)    2.42 (3.38)    0.713    -20.5     1.83
b_q*J1.0*tau6+h10         report   31.4 (27.00)     0     11.8 (27.00)    0.9880    1.77 Hz z 0.117 (17.50)    2.38 (3.38)    0.702    -22.5     2.23
b_lo*J0.3                 report   44.8 ( 1.00)     0     28.6 ( 8.00)    0.9774    2.30 Hz z 0.389 ( 8.00)    2.42 (3.38)    0.713    -10.0     1.49
b_lo*J0.3+h10             report   39.7 ( 1.00)     0     34.3 (10.00)    0.9771    2.22 Hz z 0.320 ( 8.00)    2.38 (3.38)    0.702    -12.3     1.75
J1.3                      report   37.3 ( 1.00)     0     39.1 ( 8.00)    0.9818    1.15 Hz z 0.344 ( 8.00)    2.42 (3.38)    0.713    -24.3     0.76
b_lo*J1.3                 report   28.2 ( 1.00)    14     37.5 ( 8.00)    0.9885    0.92 Hz z 0.197 (11.90)    2.42 (3.38)    0.713    -23.7     1.10
b_q*J1.3                  report   27.0 (15.75)    22     26.0 (27.00)    0.9905    1.46 Hz z 0.103 (15.75)    2.42 (3.38)    0.713    -23.0     2.35
b_q*J1.3+h10              report   23.3 (15.75)    84     13.1 (27.00)    0.9923    1.44 Hz z 0.085 (15.75)    2.38 (3.38)    0.702    -24.9     2.88
tau10                     report   60.0 ( 1.00)     0     17.9 ( 8.00)    0.9816    0.35 Hz z 0.653 (11.90)    2.42 (3.38)    0.713     -7.8     1.08
b_lo*tau10                report   50.8 ( 8.00)     0     15.3 ( 8.00)    0.9770    2.90 Hz z 0.448 ( 8.00)    2.42 (3.38)    0.713     -5.8     1.32
light_b                   report   12.7 (27.00)    90     13.3 (27.00)    0.9816    3.69 Hz z 0.080 (27.00)    2.42 (3.38)    0.713     -1.4     2.21
b_q0                      report   64.5 ( 1.00)     0     28.5 (12.50)    0.9815    3.77 Hz z 0.544 (17.50)    2.42 (3.38)    0.713     -7.0     1.01
b_q0*J_hi                 report   46.3 ( 1.00)     0     28.8 (27.00)    0.9803    2.47 Hz z 0.290 (17.50)    2.42 (3.38)    0.713    -13.9     1.22
bq10*J1.0                 report   37.5 (15.50)     0     27.1 (27.00)    0.9848    1.64 Hz z 0.149 (15.75)    2.42 (3.38)    0.713    -20.5     1.71
bq10*J1.0+h10             report   33.7 (27.00)     0     15.6 (27.00)    0.9871    1.77 Hz z 0.127 (17.50)    2.38 (3.38)    0.702    -22.5     2.06
bq10*J1.0*tau6+h10        report   31.4 (27.00)     0     11.8 (27.00)    0.9880    1.77 Hz z 0.117 (17.50)    2.38 (3.38)    0.702    -22.5     2.23

======================================================================================================================================================
D1c: D1c = D on the held-angle difference through a 21 Hz low-pass, K_D 20   [41 s, 12600 points]  GATED FAILS: 0
member                    tier  min PM (v)      #<bar  min GM_exact (v)    max rho  least-damped low pole (v)     max M20 (V295)  max L20/V295  max T530 dB  max Tr1.6-3
nominal                   A        65.0 ( 1.00)     0     14.9 ( 8.00)    0.9815    3.47 Hz z 0.605 ( 8.00)    2.07 (3.38)    0.609     -6.1     0.94
J_lo                      A        66.0 (26.90)     0     13.9 ( 8.00)    0.9834    5.23 Hz z 0.573 ( 8.00)    2.07 (3.38)    0.609     -4.2     0.85
J_hi                      A        47.4 ( 1.00)     0     18.2 ( 8.00)    0.9759    1.57 Hz z 0.551 ( 8.00)    2.07 (3.38)    0.609    -13.9     1.10
b_lo                      A        54.1 ( 1.00)     0     12.4 ( 8.00)    0.9784    3.40 Hz z 0.447 ( 8.00)    2.07 (3.38)    0.609     -3.9     1.14
b_hi                      A        57.8 (26.90)     0     17.9 ( 8.00)    0.9869    0.40 Hz z 0.556 (26.90)    2.07 (3.38)    0.609     -9.2     0.73
tau0                      A        66.1 ( 1.00)     0     16.1 ( 8.00)    0.9815    3.45 Hz z 0.625 ( 8.00)    2.07 (3.38)    0.609     -6.3     0.92
tau6                      A        62.6 ( 1.00)     0     12.9 ( 8.00)    0.9816    3.48 Hz z 0.565 ( 8.00)    2.07 (3.38)    0.609     -5.8     0.97
mode13                    A        64.9 ( 1.00)     0     15.4 ( 8.00)    0.9815    3.49 Hz z 0.589 ( 8.00)    2.07 (3.38)    0.610     -6.4     0.94
mode20                    A        64.9 ( 1.00)     0     15.0 ( 8.00)    0.9815    3.48 Hz z 0.598 ( 8.00)    2.07 (3.38)    0.610     -6.2     0.94
ms_free                   A        48.4 ( 9.00)     0     16.4 ( 1.00)    0.9900    0.77 Hz z 0.204 (11.90)    2.07 (3.38)    0.609     -9.0     1.10
b_lo*J_hi                 B        37.6 ( 1.00)     0     16.2 ( 8.00)    0.9789    1.87 Hz z 0.330 ( 8.00)    2.07 (3.38)    0.609    -13.5     1.52
b_lo*tau6                 B        50.6 ( 8.00)     0     10.4 ( 8.00)    0.9783    3.42 Hz z 0.400 ( 8.00)    2.07 (3.38)    0.609     -3.6     1.18
J1.0                      B        39.8 ( 1.00)     0     22.2 ( 8.00)    0.9778    1.22 Hz z 0.403 ( 8.00)    2.07 (3.38)    0.609    -20.5     0.88
b_q                       B        65.0 ( 1.00)     0     14.4 (26.90)    0.9815    4.11 Hz z 0.433 (14.75)    2.07 (3.38)    0.609     -4.7     0.94
b_q*J_hi                  B        47.4 ( 1.00)     0     15.1 (26.90)    0.9813    2.57 Hz z 0.292 (17.50)    2.07 (3.38)    0.609    -11.9     1.10
b_q*J1.0                  B        39.1 (15.50)     0     16.2 (26.90)    0.9834    1.65 Hz z 0.161 (15.75)    2.07 (3.38)    0.609    -18.8     1.58
b_q*tau6                  B        62.6 ( 1.00)     0     12.4 (26.90)    0.9816    4.10 Hz z 0.395 (14.50)    2.07 (3.38)    0.609     -4.2     0.97
nominal+h10               B        59.1 ( 1.00)     0     10.7 ( 8.00)    0.9816    3.46 Hz z 0.508 ( 8.00)    2.07 (3.38)    0.609     -5.4     1.02
J_lo+h10                  B        63.9 (26.90)     0      9.9 ( 8.00)    0.9835    5.00 Hz z 0.465 ( 8.00)    2.07 (3.38)    0.609     -2.5     0.91
J_hi+h10                  B        43.1 ( 1.00)     0     13.7 ( 8.00)    0.9762    1.67 Hz z 0.486 ( 8.00)    2.07 (3.38)    0.609    -13.9     1.23
b_lo+h10                  B        45.0 ( 8.00)     0      8.2 ( 8.00)    0.9781    3.40 Hz z 0.334 ( 8.00)    2.07 (3.38)    0.609     -3.3     1.24
b_hi+h10                  B        56.0 (26.90)     0     13.9 ( 8.00)    0.9870    0.40 Hz z 0.546 (26.90)    2.07 (3.38)    0.609     -8.5     0.78
tau0+h10                  B        60.3 ( 1.00)     0     11.4 ( 8.00)    0.9816    3.47 Hz z 0.526 ( 8.00)    2.07 (3.38)    0.609     -5.5     1.00
tau6+h10                  B        56.8 ( 1.00)     0      9.6 ( 8.00)    0.9817    3.41 Hz z 0.471 ( 8.00)    2.07 (3.38)    0.609     -5.2     1.06
mode13+h10                B        59.0 ( 1.00)     0     10.9 ( 8.00)    0.9816    3.45 Hz z 0.496 ( 8.00)    2.07 (3.38)    0.610     -5.7     1.02
mode20+h10                B        59.1 ( 1.00)     0     10.8 ( 8.00)    0.9816    3.45 Hz z 0.503 ( 8.00)    2.07 (3.38)    0.610     -5.5     1.02
ms_free+h10               B        44.4 ( 9.00)     0     12.3 ( 1.00)    0.9905    0.77 Hz z 0.194 (11.90)    2.07 (3.38)    0.609     -8.7     1.23
b_lo*J_hi+h10             B        32.4 ( 1.00)     0     11.3 ( 8.00)    0.9786    1.92 Hz z 0.270 ( 8.00)    2.07 (3.38)    0.609    -13.5     1.77
b_lo*tau6+h10             B        41.3 ( 8.00)     0      7.0 ( 8.00)    0.9779    3.36 Hz z 0.293 ( 8.00)    2.07 (3.38)    0.609     -3.4     1.29
J1.0+h10                  B        36.6 ( 1.00)     0     17.3 ( 8.00)    0.9789    1.24 Hz z 0.369 ( 8.00)    2.07 (3.38)    0.609    -20.5     0.95
b_q+h10                   B        59.1 ( 1.00)     0     10.2 (13.75)    0.9816    4.01 Hz z 0.340 (14.00)    2.07 (3.38)    0.609     -3.6     1.02
b_q*J_hi+h10              B        43.1 ( 1.00)     0     10.5 (26.90)    0.9810    2.59 Hz z 0.245 (17.50)    2.07 (3.38)    0.609    -12.0     1.24
b_q*J1.0+h10              B        33.5 (15.50)     0     10.7 (26.90)    0.9859    1.80 Hz z 0.135 (17.50)    2.07 (3.38)    0.609    -18.9     1.89
b_q*tau6+h10              B        56.8 ( 1.00)     0      9.0 (13.75)    0.9817    3.97 Hz z 0.307 (14.00)    2.07 (3.38)    0.609     -3.3     1.06
J_hi*tau6                 report   45.7 ( 1.00)     0     16.0 ( 8.00)    0.9760    1.62 Hz z 0.526 ( 8.00)    2.07 (3.38)    0.609    -13.9     1.15
J_hi*tau6+h10             report   41.4 ( 1.00)     0     12.3 ( 8.00)    0.9762    1.70 Hz z 0.458 ( 8.00)    2.07 (3.38)    0.609    -14.0     1.29
J_hi2                     report   41.5 ( 1.00)     0     20.8 ( 8.00)    0.9762    1.32 Hz z 0.434 ( 8.00)    2.07 (3.38)    0.609    -18.4     1.02
J_hi2+h10                 report   38.0 ( 1.00)     0     16.0 ( 8.00)    0.9763    1.36 Hz z 0.394 ( 8.00)    2.07 (3.38)    0.609    -18.4     1.13
J_hi2*tau6                report   40.1 ( 1.00)     0     18.6 ( 8.00)    0.9763    1.34 Hz z 0.418 ( 8.00)    2.07 (3.38)    0.609    -18.4     1.06
J_hi2*tau6+h10            report   36.6 ( 1.00)     0     14.5 ( 8.00)    0.9763    1.37 Hz z 0.376 ( 8.00)    2.07 (3.38)    0.609    -18.5     1.18
J1.0*tau6                 report   38.5 ( 1.00)     0     19.9 ( 8.00)    0.9783    1.23 Hz z 0.389 ( 8.00)    2.07 (3.38)    0.609    -20.5     0.91
J1.0*tau6+h10             report   35.4 ( 1.00)     0     15.8 ( 8.00)    0.9794    1.25 Hz z 0.354 ( 8.00)    2.07 (3.38)    0.609    -20.6     0.98
b_lo*J_hi*tau6            report   35.5 ( 1.00)     0     13.9 ( 8.00)    0.9788    1.89 Hz z 0.306 ( 8.00)    2.07 (3.38)    0.609    -13.5     1.61
b_lo*J_hi*tau6+h10        report   30.3 ( 1.00)     0      9.7 ( 8.00)    0.9785    1.93 Hz z 0.246 ( 8.00)    2.07 (3.38)    0.609    -13.6     1.90
b_lo*J_hi2                report   32.1 ( 1.00)     0     18.9 ( 8.00)    0.9796    1.52 Hz z 0.260 ( 8.00)    2.07 (3.38)    0.609    -18.2     1.62
b_lo*J_hi2+h10            report   28.0 ( 1.00)    19     13.5 ( 8.00)    0.9799    1.54 Hz z 0.220 ( 8.00)    2.07 (3.38)    0.609    -18.1     1.92
b_lo*J_hi2*tau6           report   30.5 ( 1.00)     0     16.5 ( 8.00)    0.9794    1.53 Hz z 0.244 ( 8.00)    2.07 (3.38)    0.609    -18.2     1.73
b_lo*J_hi2*tau6+h10       report   26.3 ( 1.00)    30     11.8 ( 8.00)    0.9809    1.54 Hz z 0.203 ( 8.00)    2.07 (3.38)    0.609    -18.2     2.08
b_lo*J1.0                 report   30.6 ( 1.00)     0     20.4 ( 8.00)    0.9815    1.39 Hz z 0.239 ( 8.00)    2.07 (3.38)    0.609    -19.9     1.38
b_lo*J1.0+h10             report   26.9 ( 1.00)    21     14.7 ( 8.00)    0.9835    1.40 Hz z 0.205 ( 8.00)    2.07 (3.38)    0.609    -19.9     1.57
b_lo*J1.0*tau6            report   29.1 ( 1.00)    12     17.9 ( 8.00)    0.9823    1.40 Hz z 0.225 ( 8.00)    2.07 (3.38)    0.609    -19.9     1.45
b_lo*J1.0*tau6+h10        report   25.4 ( 1.00)    30     12.9 ( 8.00)    0.9844    1.40 Hz z 0.191 ( 8.00)    2.07 (3.38)    0.609    -20.0     1.65
b/1.9                     report   54.1 ( 1.00)     0     12.4 ( 8.00)    0.9788    3.40 Hz z 0.447 ( 8.00)    2.07 (3.38)    0.609     -3.9     1.14
b/1.9+h10                 report   45.0 ( 8.00)     0      8.1 ( 8.00)    0.9785    3.40 Hz z 0.334 ( 8.00)    2.07 (3.38)    0.609     -3.3     1.24
b/1.9*tau6                report   50.6 ( 8.00)     0     10.4 ( 8.00)    0.9787    3.42 Hz z 0.400 ( 8.00)    2.07 (3.38)    0.609     -3.6     1.18
b/1.9*tau6+h10            report   41.3 ( 8.00)     0      7.0 ( 8.00)    0.9783    3.36 Hz z 0.293 ( 8.00)    2.07 (3.38)    0.609     -3.4     1.29
b/1.9*J_hi                report   37.6 ( 1.00)     0     16.1 ( 8.00)    0.9792    1.87 Hz z 0.330 ( 8.00)    2.07 (3.38)    0.609    -13.5     1.52
b/1.9*J_hi+h10            report   32.4 ( 1.00)     0     11.3 ( 8.00)    0.9789    1.92 Hz z 0.270 ( 8.00)    2.07 (3.38)    0.609    -13.5     1.77
b/1.9*J_hi*tau6           report   35.5 ( 1.00)     0     13.9 ( 8.00)    0.9791    1.89 Hz z 0.306 ( 8.00)    2.07 (3.38)    0.609    -13.5     1.61
b/1.9*J_hi*tau6+h10       report   30.3 ( 1.00)     0      9.7 ( 8.00)    0.9788    1.93 Hz z 0.246 ( 8.00)    2.07 (3.38)    0.609    -13.6     1.90
b/1.9*J_hi2               report   32.1 ( 1.00)     0     18.9 ( 8.00)    0.9798    1.52 Hz z 0.260 ( 8.00)    2.07 (3.38)    0.609    -18.0     1.62
b/1.9*J_hi2+h10           report   28.0 ( 1.00)    19     13.5 ( 8.00)    0.9799    1.54 Hz z 0.220 ( 8.00)    2.07 (3.38)    0.609    -18.0     1.92
b/1.9*J_hi2*tau6          report   30.5 ( 1.00)     0     16.5 ( 8.00)    0.9797    1.53 Hz z 0.244 ( 8.00)    2.07 (3.38)    0.609    -18.0     1.73
b/1.9*J_hi2*tau6+h10      report   26.3 ( 1.00)    30     11.8 ( 8.00)    0.9809    1.54 Hz z 0.203 ( 8.00)    2.07 (3.38)    0.609    -18.0     2.08
b/1.9*J1.0                report   30.6 ( 1.00)     0     20.4 ( 8.00)    0.9817    1.39 Hz z 0.239 ( 8.00)    2.07 (3.38)    0.609    -19.8     1.38
b/1.9*J1.0+h10            report   26.9 ( 1.00)    21     14.7 ( 8.00)    0.9835    1.40 Hz z 0.205 ( 8.00)    2.07 (3.38)    0.609    -19.8     1.57
b/1.9*J1.0*tau6           report   29.1 ( 1.00)    12     17.9 ( 8.00)    0.9823    1.40 Hz z 0.225 ( 8.00)    2.07 (3.38)    0.609    -19.8     1.45
b/1.9*J1.0*tau6+h10       report   25.4 ( 1.00)    30     12.9 ( 8.00)    0.9844    1.40 Hz z 0.191 ( 8.00)    2.07 (3.38)    0.609    -19.8     1.65
b_q*J_hi*tau6             report   45.7 ( 1.00)     0     12.9 (26.90)    0.9812    2.58 Hz z 0.274 (17.50)    2.07 (3.38)    0.609    -11.9     1.15
b_q*J_hi*tau6+h10         report   41.4 ( 1.00)     0      9.1 (26.90)    0.9809    2.60 Hz z 0.227 (17.50)    2.07 (3.38)    0.609    -12.1     1.34
b_q*J_hi2                 report   41.5 ( 1.00)     0     15.8 (26.90)    0.9815    2.01 Hz z 0.200 (17.50)    2.07 (3.38)    0.609    -16.6     1.39
b_q*J_hi2+h10             report   38.0 ( 1.00)     0     10.6 (26.90)    0.9813    2.02 Hz z 0.168 (17.50)    2.07 (3.38)    0.609    -16.7     1.66
b_q*J_hi2*tau6            report   40.1 ( 1.00)     0     13.4 (26.90)    0.9815    2.01 Hz z 0.188 (17.50)    2.07 (3.38)    0.609    -16.6     1.49
b_q*J_hi2*tau6+h10        report   35.8 (26.90)     0      9.1 (26.90)    0.9814    2.02 Hz z 0.156 (17.50)    2.07 (3.38)    0.609    -16.8     1.80
b_q*J1.0*tau6             report   36.9 (15.50)     0     13.6 (26.90)    0.9844    1.80 Hz z 0.151 (17.50)    2.07 (3.38)    0.609    -18.8     1.69
b_q*J1.0*tau6+h10         report   31.2 (15.50)     0      9.1 (26.90)    0.9869    1.80 Hz z 0.124 (17.50)    2.07 (3.38)    0.609    -19.0     2.05
b_lo*J0.3                 report   43.7 ( 1.00)     0     13.5 ( 8.00)    0.9786    2.52 Hz z 0.403 ( 8.00)    2.07 (3.38)    0.609     -8.0     1.38
b_lo*J0.3+h10             report   36.1 ( 8.00)     0      9.0 ( 8.00)    0.9782    2.59 Hz z 0.307 ( 8.00)    2.07 (3.38)    0.609     -8.0     1.55
J1.3                      report   38.5 ( 1.00)     0     24.0 ( 8.00)    0.9815    1.12 Hz z 0.379 ( 8.00)    2.07 (3.38)    0.609    -22.9     0.68
b_lo*J1.3                 report   29.6 ( 1.00)    11     22.2 ( 8.00)    0.9880    0.93 Hz z 0.202 (11.90)    2.07 (3.38)    0.609    -22.1     0.99
b_q*J1.3                  report   29.5 (15.75)     2     16.5 (26.90)    0.9894    1.46 Hz z 0.115 (15.75)    2.07 (3.38)    0.609    -21.3     2.01
b_q*J1.3+h10              report   24.4 (15.75)    84     10.5 (26.90)    0.9913    1.46 Hz z 0.095 (15.75)    2.07 (3.38)    0.609    -21.4     2.50
tau10                     report   60.3 ( 1.00)     0     11.4 ( 8.00)    0.9816    3.47 Hz z 0.526 ( 8.00)    2.07 (3.38)    0.609     -5.5     1.00
b_lo*tau10                report   46.9 ( 8.00)     0      8.8 ( 8.00)    0.9782    3.41 Hz z 0.355 ( 8.00)    2.07 (3.38)    0.609     -3.4     1.22
light_b                   report    5.4 (26.90)   111      2.3 (26.90)    0.9914    3.87 Hz z 0.035 (26.90)    2.07 (3.38)    0.609     +1.6     2.22
b_q0                      report   65.0 ( 1.00)     0     14.2 (12.50)    0.9815    4.11 Hz z 0.433 (14.75)    2.07 (3.38)    0.609     -4.7     0.94
b_q0*J_hi                 report   47.4 ( 1.00)     0     15.1 (26.90)    0.9813    2.57 Hz z 0.292 (17.50)    2.07 (3.38)    0.609    -11.9     1.10
bq10*J1.0                 report   39.1 (15.50)     0     16.1 (26.90)    0.9834    1.65 Hz z 0.161 (15.75)    2.07 (3.38)    0.609    -18.8     1.58
bq10*J1.0+h10             report   33.5 (15.50)     0     10.7 (26.90)    0.9859    1.80 Hz z 0.135 (17.50)    2.07 (3.38)    0.609    -18.9     1.89
bq10*J1.0*tau6+h10        report   31.2 (15.50)     0      9.1 (26.90)    0.9869    1.80 Hz z 0.124 (17.50)    2.07 (3.38)    0.609    -19.0     2.05

======================================================================================================================================================
D2a: D2a = D on the FRESH 1 kHz motor-rate EMA (gp-0x6abe), K_D 20   [44 s, 12600 points]  GATED FAILS: 0
member                    tier  min PM (v)      #<bar  min GM_exact (v)    max rho  least-damped low pole (v)     max M20 (V295)  max L20/V295  max T530 dB  max Tr1.6-3
nominal                   A        64.9 ( 1.00)     0     24.6 ( 8.00)    0.9815    0.34 Hz z 0.660 (11.90)    2.29 (3.38)    0.677     -8.0     1.00
J_lo                      A        65.8 (27.00)     0     23.5 ( 8.00)    0.9834    0.32 Hz z 0.641 (11.90)    2.29 (3.38)    0.677     -6.3     0.90
J_hi                      A        46.7 ( 1.00)     0     27.8 ( 8.00)    0.9759    1.60 Hz z 0.481 ( 8.00)    2.29 (3.38)    0.677    -15.2     1.22
b_lo                      A        56.8 ( 8.00)     0     22.2 ( 8.00)    0.9774    2.85 Hz z 0.520 ( 8.00)    2.29 (3.38)    0.677     -6.0     1.20
b_hi                      A        57.7 (26.90)     0     27.6 ( 8.00)    0.9869    0.32 Hz z 0.555 (11.90)    2.29 (3.38)    0.677    -10.8     0.80
tau0                      A        66.0 ( 1.00)     0     29.5 ( 8.00)    0.9815    0.34 Hz z 0.661 (11.90)    2.29 (3.38)    0.677     -8.2     0.98
tau6                      A        62.7 ( 1.00)     0     19.3 ( 8.00)    0.9816    0.34 Hz z 0.656 (11.90)    2.29 (3.38)    0.677     -7.7     1.03
mode13                    A        64.8 ( 1.00)     0     26.1 ( 8.00)    0.9815    0.34 Hz z 0.660 (11.90)    2.29 (3.38)    0.677     -8.3     1.00
mode20                    A        64.9 ( 1.00)     0     25.5 ( 8.00)    0.9815    0.34 Hz z 0.660 (11.90)    2.29 (3.38)    0.677     -8.1     1.00
ms_free                   A        47.6 ( 8.75)     0     26.4 ( 1.00)    0.9902    0.76 Hz z 0.201 (11.90)    2.29 (3.38)    0.677    -10.7     1.21
b_lo*J_hi                 B        37.4 ( 1.00)     0     25.9 ( 8.00)    0.9779    1.86 Hz z 0.296 ( 8.00)    2.29 (3.38)    0.677    -14.8     1.66
b_lo*tau6                 B        53.1 ( 8.00)     0     16.8 ( 8.00)    0.9772    2.93 Hz z 0.477 ( 8.00)    2.29 (3.38)    0.677     -5.6     1.25
J1.0                      B        39.0 ( 1.00)     0     31.9 ( 8.00)    0.9784    1.26 Hz z 0.363 ( 8.00)    2.29 (3.38)    0.677    -21.6     0.98
b_q                       B        64.9 ( 1.00)     0     24.1 (27.00)    0.9815    3.89 Hz z 0.530 (17.50)    2.29 (3.38)    0.677     -6.7     1.00
b_q*J_hi                  B        46.7 ( 1.00)     0     23.7 (27.00)    0.9804    2.49 Hz z 0.290 (17.50)    2.29 (3.38)    0.677    -13.5     1.22
b_q*J1.0                  B        37.6 (15.50)     0     23.1 (27.00)    0.9846    1.64 Hz z 0.150 (15.75)    2.29 (3.38)    0.677    -20.2     1.68
b_q*tau6                  B        62.7 ( 1.00)     0     18.8 (27.00)    0.9816    3.98 Hz z 0.497 (17.50)    2.29 (3.38)    0.677     -6.2     1.03
nominal+h10               B        59.4 ( 1.00)     0     29.0 ( 1.00)    0.9816    0.35 Hz z 0.650 (11.90)    2.22 (3.38)    0.655    -10.1     1.11
J_lo+h10                  B        63.5 (27.00)     0     26.9 ( 1.00)    0.9835    0.33 Hz z 0.632 (11.90)    2.22 (3.38)    0.655     -7.9     0.98
J_hi+h10                  B        42.2 ( 1.00)     0     33.1 ( 8.00)    0.9759    1.60 Hz z 0.412 ( 8.00)    2.22 (3.38)    0.655    -17.3     1.39
b_lo+h10                  B        52.6 ( 1.00)     0     27.2 ( 1.00)    0.9771    2.60 Hz z 0.453 ( 8.00)    2.22 (3.38)    0.655     -8.2     1.37
b_hi+h10                  B        55.7 (27.00)     0     31.3 ( 1.00)    0.9870    0.32 Hz z 0.546 (11.90)    2.22 (3.38)    0.655    -12.7     0.87
tau0+h10                  B        60.5 ( 1.00)     0     35.1 ( 1.00)    0.9816    0.35 Hz z 0.652 (11.90)    2.22 (3.38)    0.655    -10.2     1.09
tau6+h10                  B        57.3 ( 1.00)     0     22.6 ( 8.00)    0.9817    0.35 Hz z 0.647 (11.90)    2.22 (3.38)    0.655     -9.8     1.15
mode13+h10                B        59.4 ( 1.00)     0     29.2 ( 1.00)    0.9816    0.35 Hz z 0.650 (11.90)    2.22 (3.38)    0.655    -10.3     1.11
mode20+h10                B        59.4 ( 1.00)     0     29.6 ( 1.00)    0.9816    0.35 Hz z 0.650 (11.90)    2.22 (3.38)    0.655    -10.2     1.11
ms_free+h10               B        43.8 ( 8.75)     0     30.2 ( 1.00)    0.9909    0.76 Hz z 0.189 (11.90)    2.22 (3.38)    0.655    -12.5     1.37
b_lo*J_hi+h10             B        32.6 ( 1.00)     0     30.8 ( 8.00)    0.9777    1.82 Hz z 0.242 ( 8.00)    2.22 (3.38)    0.655    -16.7     2.00
b_lo*tau6+h10             B        49.5 ( 8.00)     0     19.7 ( 8.00)    0.9769    2.65 Hz z 0.420 ( 8.00)    2.22 (3.38)    0.655     -8.0     1.42
J1.0+h10                  B        35.5 ( 1.00)     0     36.8 ( 8.00)    0.9805    1.26 Hz z 0.321 ( 8.00)    2.22 (3.38)    0.655    -23.2     1.04
b_q+h10                   B        59.4 ( 1.00)     0     26.9 (12.50)    0.9816    3.53 Hz z 0.526 (17.50)    2.22 (3.38)    0.655     -8.0     1.11
b_q*J_hi+h10              B        42.2 ( 1.00)     0     24.1 (27.00)    0.9802    2.42 Hz z 0.261 (17.50)    2.22 (3.38)    0.655    -15.9     1.39
b_q*J1.0+h10              B        34.0 (27.00)     0     15.1 (27.00)    0.9869    1.77 Hz z 0.127 (17.50)    2.22 (3.38)    0.655    -22.4     2.03
b_q*tau6+h10              B        57.3 ( 1.00)     0     21.0 (13.75)    0.9817    3.59 Hz z 0.501 (17.50)    2.22 (3.38)    0.655     -7.6     1.15
J_hi*tau6                 report   45.0 ( 1.00)     0     22.3 ( 8.00)    0.9759    1.63 Hz z 0.460 ( 8.00)    2.29 (3.38)    0.677    -15.2     1.28
J_hi*tau6+h10             report   40.5 ( 1.00)     0     24.6 ( 8.00)    0.9760    1.61 Hz z 0.392 ( 8.00)    2.22 (3.38)    0.655    -17.2     1.46
J_hi2                     report   40.7 ( 1.00)     0     30.4 ( 8.00)    0.9755    1.36 Hz z 0.388 ( 8.00)    2.29 (3.38)    0.677    -19.6     1.14
J_hi2+h10                 report   36.9 ( 1.00)     0     35.4 ( 8.00)    0.9772    1.36 Hz z 0.339 ( 8.00)    2.22 (3.38)    0.655    -21.2     1.26
J_hi2*tau6                report   39.3 ( 1.00)     0     24.8 ( 8.00)    0.9755    1.37 Hz z 0.372 ( 8.00)    2.29 (3.38)    0.677    -19.5     1.19
J_hi2*tau6+h10            report   35.5 ( 1.00)     0     26.3 ( 8.00)    0.9778    1.37 Hz z 0.324 ( 8.00)    2.22 (3.38)    0.655    -21.2     1.31
J1.0*tau6                 report   37.7 ( 1.00)     0     26.1 ( 8.00)    0.9789    1.27 Hz z 0.350 ( 8.00)    2.29 (3.38)    0.677    -21.6     1.02
J1.0*tau6+h10             report   34.2 ( 1.00)     0     27.3 ( 8.00)    0.9811    1.26 Hz z 0.308 ( 8.00)    2.22 (3.38)    0.655    -23.2     1.08
b_lo*J_hi*tau6            report   35.2 ( 8.00)     0     20.1 ( 8.00)    0.9778    1.87 Hz z 0.276 ( 8.00)    2.29 (3.38)    0.677    -14.7     1.76
b_lo*J_hi*tau6+h10        report   30.5 ( 8.00)     0     21.3 ( 8.00)    0.9775    1.83 Hz z 0.223 ( 8.00)    2.22 (3.38)    0.655    -16.6     2.16
b_lo*J_hi2                report   31.4 ( 1.00)     0     28.6 ( 8.00)    0.9791    1.54 Hz z 0.232 ( 8.00)    2.29 (3.38)    0.677    -19.3     1.85
b_lo*J_hi2+h10            report   27.2 ( 1.00)    30     33.1 ( 8.00)    0.9827    1.52 Hz z 0.190 ( 8.00)    2.22 (3.38)    0.655    -21.0     2.18
b_lo*J_hi2*tau6           report   29.8 ( 1.00)    11     22.6 ( 8.00)    0.9800    1.54 Hz z 0.216 ( 8.00)    2.29 (3.38)    0.677    -19.3     1.98
b_lo*J_hi2*tau6+h10       report   25.5 ( 1.00)    31     22.5 ( 8.00)    0.9837    1.52 Hz z 0.176 ( 8.00)    2.22 (3.38)    0.655    -20.9     2.35
b_lo*J1.0                 report   29.8 ( 1.00)    10     30.1 ( 8.00)    0.9827    1.41 Hz z 0.213 ( 8.00)    2.29 (3.38)    0.677    -21.3     1.58
b_lo*J1.0+h10             report   25.9 ( 1.00)    30     34.3 ( 8.00)    0.9855    1.40 Hz z 0.177 ( 8.00)    2.22 (3.38)    0.655    -23.0     1.72
b_lo*J1.0*tau6            report   28.3 ( 1.00)    16     23.9 ( 8.00)    0.9835    1.42 Hz z 0.200 ( 8.00)    2.29 (3.38)    0.677    -21.3     1.66
b_lo*J1.0*tau6+h10        report   24.4 ( 1.00)    31     23.1 ( 8.00)    0.9863    1.40 Hz z 0.164 ( 8.00)    2.22 (3.38)    0.655    -23.0     1.80
b/1.9                     report   56.8 ( 8.00)     0     22.1 ( 8.00)    0.9778    2.85 Hz z 0.520 ( 8.00)    2.29 (3.38)    0.677     -6.0     1.20
b/1.9+h10                 report   52.6 ( 1.00)     0     27.1 ( 1.00)    0.9775    2.60 Hz z 0.453 ( 8.00)    2.22 (3.38)    0.655     -8.2     1.37
b/1.9*tau6                report   53.1 ( 8.00)     0     16.8 ( 8.00)    0.9776    2.93 Hz z 0.477 ( 8.00)    2.29 (3.38)    0.677     -5.6     1.25
b/1.9*tau6+h10            report   49.5 ( 8.00)     0     19.7 ( 8.00)    0.9773    2.65 Hz z 0.420 ( 8.00)    2.22 (3.38)    0.655     -8.0     1.42
b/1.9*J_hi                report   37.4 ( 1.00)     0     25.8 ( 8.00)    0.9782    1.86 Hz z 0.296 ( 8.00)    2.29 (3.38)    0.677    -14.8     1.66
b/1.9*J_hi+h10            report   32.6 ( 1.00)     0     30.7 ( 8.00)    0.9780    1.82 Hz z 0.242 ( 8.00)    2.22 (3.38)    0.655    -16.7     2.00
b/1.9*J_hi*tau6           report   35.2 ( 8.00)     0     20.1 ( 8.00)    0.9781    1.87 Hz z 0.276 ( 8.00)    2.29 (3.38)    0.677    -14.7     1.76
b/1.9*J_hi*tau6+h10       report   30.5 ( 8.00)     0     21.3 ( 8.00)    0.9778    1.83 Hz z 0.223 ( 8.00)    2.22 (3.38)    0.655    -16.6     2.16
b/1.9*J_hi2               report   31.4 ( 1.00)     0     28.6 ( 8.00)    0.9791    1.54 Hz z 0.232 ( 8.00)    2.29 (3.38)    0.677    -19.3     1.85
b/1.9*J_hi2+h10           report   27.2 ( 1.00)    30     33.1 ( 8.00)    0.9827    1.52 Hz z 0.190 ( 8.00)    2.22 (3.38)    0.655    -21.0     2.18
b/1.9*J_hi2*tau6          report   29.8 ( 1.00)    11     22.6 ( 8.00)    0.9800    1.54 Hz z 0.216 ( 8.00)    2.29 (3.38)    0.677    -19.3     1.98
b/1.9*J_hi2*tau6+h10      report   25.5 ( 1.00)    31     22.5 ( 8.00)    0.9837    1.52 Hz z 0.176 ( 8.00)    2.22 (3.38)    0.655    -20.9     2.35
b/1.9*J1.0                report   29.8 ( 1.00)    10     30.1 ( 8.00)    0.9827    1.41 Hz z 0.213 ( 8.00)    2.29 (3.38)    0.677    -21.2     1.58
b/1.9*J1.0+h10            report   25.9 ( 1.00)    30     34.3 ( 8.00)    0.9855    1.40 Hz z 0.177 ( 8.00)    2.22 (3.38)    0.655    -23.0     1.72
b/1.9*J1.0*tau6           report   28.3 ( 1.00)    16     23.9 ( 8.00)    0.9835    1.42 Hz z 0.200 ( 8.00)    2.29 (3.38)    0.677    -21.1     1.66
b/1.9*J1.0*tau6+h10       report   24.4 ( 1.00)    31     23.1 ( 8.00)    0.9863    1.40 Hz z 0.164 ( 8.00)    2.22 (3.38)    0.655    -23.0     1.80
b_q*J_hi*tau6             report   45.0 ( 1.00)     0     18.2 (27.00)    0.9803    2.50 Hz z 0.274 (17.50)    2.29 (3.38)    0.677    -13.4     1.28
b_q*J_hi*tau6+h10         report   40.5 ( 1.00)     0     16.1 (27.00)    0.9801    2.43 Hz z 0.247 (17.50)    2.22 (3.38)    0.655    -15.9     1.46
b_q*J_hi2                 report   40.7 ( 1.00)     0     23.3 (27.00)    0.9807    1.99 Hz z 0.190 (17.50)    2.29 (3.38)    0.677    -18.0     1.48
b_q*J_hi2+h10             report   36.9 ( 1.00)     0     17.1 (27.00)    0.9812    1.96 Hz z 0.165 (17.50)    2.22 (3.38)    0.655    -20.3     1.76
b_q*J_hi2*tau6            report   39.3 ( 1.00)     0     17.5 (27.00)    0.9806    2.00 Hz z 0.178 (17.50)    2.29 (3.38)    0.677    -18.0     1.58
b_q*J_hi2*tau6+h10        report   35.5 ( 1.00)     0     13.0 (27.00)    0.9823    1.96 Hz z 0.154 (17.50)    2.22 (3.38)    0.655    -20.3     1.90
b_q*J1.0*tau6             report   35.3 (15.75)     0     17.1 (27.00)    0.9855    1.80 Hz z 0.140 (17.50)    2.29 (3.38)    0.677    -20.2     1.81
b_q*J1.0*tau6+h10         report   31.7 (27.00)     0     11.7 (27.00)    0.9878    1.77 Hz z 0.118 (17.50)    2.22 (3.38)    0.655    -22.4     2.20
b_lo*J0.3                 report   44.6 ( 8.00)     0     23.2 ( 8.00)    0.9775    2.34 Hz z 0.387 ( 8.00)    2.29 (3.38)    0.677     -9.6     1.45
b_lo*J0.3+h10             report   40.0 ( 8.00)     0     28.4 ( 8.00)    0.9772    2.24 Hz z 0.319 ( 8.00)    2.22 (3.38)    0.655    -11.8     1.70
J1.3                      report   37.7 ( 1.00)     0     33.6 ( 8.00)    0.9819    1.15 Hz z 0.345 ( 8.00)    2.29 (3.38)    0.677    -24.0     0.76
b_lo*J1.3                 report   28.7 ( 1.00)    13     31.9 ( 8.00)    0.9884    0.92 Hz z 0.198 (11.90)    2.29 (3.38)    0.677    -23.4     1.11
b_q*J1.3                  report   27.2 (15.75)    20     22.5 (27.00)    0.9904    1.46 Hz z 0.105 (15.75)    2.29 (3.38)    0.677    -22.7     2.33
b_q*J1.3+h10              report   23.6 (15.75)    84     13.0 (27.00)    0.9922    1.44 Hz z 0.086 (15.75)    2.22 (3.38)    0.655    -24.8     2.85
tau10                     report   60.4 ( 1.00)     0     16.2 ( 8.00)    0.9816    0.35 Hz z 0.653 (11.90)    2.29 (3.38)    0.677     -7.4     1.06
b_lo*tau10                report   49.5 ( 8.00)     0     13.6 ( 8.00)    0.9771    3.00 Hz z 0.433 ( 8.00)    2.29 (3.38)    0.677     -5.3     1.29
light_b                   report   11.7 (27.00)    93      9.3 (27.00)    0.9825    3.72 Hz z 0.075 (27.00)    2.29 (3.38)    0.677     -0.8     2.25
b_q0                      report   64.9 ( 1.00)     0     24.1 (27.00)    0.9815    3.89 Hz z 0.530 (17.50)    2.29 (3.38)    0.677     -6.7     1.00
b_q0*J_hi                 report   46.7 ( 1.00)     0     23.7 (27.00)    0.9804    2.49 Hz z 0.290 (17.50)    2.29 (3.38)    0.677    -13.5     1.22
bq10*J1.0                 report   37.6 (15.50)     0     23.1 (27.00)    0.9846    1.64 Hz z 0.150 (15.75)    2.29 (3.38)    0.677    -20.2     1.68
bq10*J1.0+h10             report   34.0 (27.00)     0     15.1 (27.00)    0.9869    1.77 Hz z 0.127 (17.50)    2.22 (3.38)    0.655    -22.4     2.03
bq10*J1.0*tau6+h10        report   31.7 (27.00)     0     11.7 (27.00)    0.9878    1.77 Hz z 0.118 (17.50)    2.22 (3.38)    0.655    -22.4     2.20

======================================================================================================================================================
D2b: D2b = D2a + FORWARD-path output-lag lead (zero 5.2 Hz, pole 10.3 Hz) on E' for P   [47 s, 12600 points]  GATED FAILS: 0
member                    tier  min PM (v)      #<bar  min GM_exact (v)    max rho  least-damped low pole (v)     max M20 (V295)  max L20/V295  max T530 dB  max Tr1.6-3
nominal                   A        65.6 ( 1.00)     0     18.7 ( 8.00)    0.9814    3.79 Hz z 0.570 ( 8.00)    2.33 (3.38)    0.690     -4.5     1.02
J_lo                      A        68.0 (26.90)     0     18.8 ( 8.00)    0.9833    5.43 Hz z 0.574 ( 8.00)    2.33 (3.38)    0.691     -3.4     0.92
J_hi                      A        47.8 ( 1.00)     0     21.2 ( 8.00)    0.9761    1.79 Hz z 0.543 ( 8.00)    2.33 (3.38)    0.690    -12.0     1.19
b_lo                      A        51.3 ( 8.00)     0     15.8 ( 8.00)    0.9750    3.78 Hz z 0.427 ( 8.00)    2.33 (3.38)    0.690     -2.0     1.17
b_hi                      A        59.3 (26.90)     0     22.3 ( 8.00)    0.9867    0.33 Hz z 0.549 (11.90)    2.33 (3.38)    0.690     -7.7     0.81
tau0                      A        67.1 ( 1.00)     0     22.1 ( 8.00)    0.9814    3.76 Hz z 0.592 ( 8.00)    2.33 (3.38)    0.690     -4.8     1.01
tau6                      A        62.7 ( 1.00)     0     14.7 ( 8.00)    0.9815    3.83 Hz z 0.526 ( 8.00)    2.33 (3.38)    0.690     -4.0     1.06
mode13                    A        65.5 ( 1.00)     0     22.9 ( 8.00)    0.9814    3.81 Hz z 0.552 ( 8.00)    2.33 (3.38)    0.690     -4.7     1.03
mode20                    A        65.6 ( 1.00)     0     18.8 ( 8.00)    0.9814    3.80 Hz z 0.563 ( 8.00)    2.33 (3.38)    0.691     -4.6     1.03
ms_free                   A        47.8 ( 8.75)     0     20.7 ( 1.00)    0.9898    0.77 Hz z 0.206 (11.90)    2.33 (3.38)    0.690     -7.5     1.21
b_lo*J_hi                 B        37.2 ( 1.00)     0     19.1 ( 8.00)    0.9758    2.07 Hz z 0.336 ( 8.00)    2.33 (3.38)    0.690    -11.5     1.62
b_lo*tau6                 B        46.9 ( 8.00)     0     12.0 ( 8.00)    0.9748    3.81 Hz z 0.377 ( 8.00)    2.33 (3.38)    0.690     -1.4     1.20
J1.0                      B        39.5 ( 1.00)     0     25.1 ( 8.00)    0.9752    1.34 Hz z 0.391 ( 8.00)    2.33 (3.38)    0.690    -18.7     1.11
b_q                       B        65.6 ( 1.00)     0     17.1 (26.90)    0.9814    4.59 Hz z 0.453 (17.50)    2.33 (3.38)    0.690     -3.4     1.02
b_q*J_hi                  B        47.8 ( 1.00)     0     17.3 (26.90)    0.9788    2.68 Hz z 0.311 (17.50)    2.33 (3.38)    0.690     -9.5     1.19
b_q*J1.0                  B        37.3 (15.75)     0     19.1 (26.90)    0.9818    1.70 Hz z 0.171 (15.75)    2.33 (3.38)    0.690    -16.6     1.56
b_q*tau6                  B        62.7 ( 1.00)     0     13.6 (26.90)    0.9815    4.63 Hz z 0.414 (17.50)    2.33 (3.38)    0.690     -2.7     1.06
nominal+h10               B        60.3 ( 1.00)     0     18.7 ( 8.00)    0.9815    3.39 Hz z 0.560 ( 8.00)    2.09 (3.38)    0.616     -5.9     1.14
J_lo+h10                  B        65.4 (26.90)     0     27.4 ( 1.00)    0.9834    4.78 Hz z 0.570 ( 8.00)    2.09 (3.38)    0.617     -4.1     1.01
J_hi+h10                  B        42.9 ( 1.00)     0     19.5 ( 8.00)    0.9761    1.80 Hz z 0.460 ( 8.00)    2.09 (3.38)    0.616    -13.7     1.36
b_lo+h10                  B        47.2 ( 8.00)     0     14.9 ( 8.00)    0.9746    3.45 Hz z 0.385 ( 8.00)    2.09 (3.38)    0.616     -3.6     1.31
b_hi+h10                  B        57.2 (26.90)     0     24.4 ( 8.00)    0.9868    0.33 Hz z 0.540 (11.90)    2.09 (3.38)    0.617     -9.0     0.89
tau0+h10                  B        61.7 ( 1.00)     0     23.3 ( 8.00)    0.9815    3.37 Hz z 0.580 ( 8.00)    2.09 (3.38)    0.616     -6.1     1.12
tau6+h10                  B        57.5 ( 1.00)     0     14.7 ( 8.00)    0.9816    3.40 Hz z 0.519 ( 8.00)    2.09 (3.38)    0.616     -5.5     1.18
mode13+h10                B        60.2 ( 1.00)     0     19.6 ( 8.00)    0.9815    3.40 Hz z 0.546 ( 8.00)    2.09 (3.38)    0.616     -6.2     1.14
mode20+h10                B        60.2 ( 1.00)     0     18.6 ( 8.00)    0.9815    3.39 Hz z 0.554 ( 8.00)    2.09 (3.38)    0.616     -6.0     1.14
ms_free+h10               B        43.8 ( 8.75)     0     19.4 ( 8.00)    0.9905    0.77 Hz z 0.193 (11.90)    2.09 (3.38)    0.616     -9.1     1.37
b_lo*J_hi+h10             B        32.1 ( 1.00)     0     16.7 ( 8.00)    0.9755    2.04 Hz z 0.272 ( 8.00)    2.09 (3.38)    0.616    -13.3     1.94
b_lo*tau6+h10             B        43.1 ( 8.00)     0     11.4 ( 8.00)    0.9744    3.46 Hz z 0.341 ( 8.00)    2.09 (3.38)    0.616     -3.3     1.35
J1.0+h10                  B        35.6 ( 1.00)     0     22.7 ( 8.00)    0.9768    1.35 Hz z 0.343 ( 8.00)    2.09 (3.38)    0.616    -20.3     1.22
b_q+h10                   B        60.3 ( 1.00)     0     15.6 (26.90)    0.9815    4.30 Hz z 0.433 (17.50)    2.09 (3.38)    0.616     -4.3     1.14
b_q*J_hi+h10              B        42.9 ( 1.00)     0     14.3 (26.90)    0.9785    2.62 Hz z 0.274 (17.50)    2.09 (3.38)    0.616    -11.3     1.36
b_q*J1.0+h10              B        33.3 (26.90)     0     14.6 (26.90)    0.9846    1.85 Hz z 0.146 (17.50)    2.09 (3.38)    0.616    -18.2     1.89
b_q*tau6+h10              B        57.5 ( 1.00)     0     12.7 (26.90)    0.9816    4.32 Hz z 0.400 (17.50)    2.09 (3.38)    0.616     -3.8     1.18
J_hi*tau6                 report   45.8 ( 1.00)     0     17.5 ( 8.00)    0.9762    1.85 Hz z 0.513 ( 8.00)    2.33 (3.38)    0.690    -11.9     1.25
J_hi*tau6+h10             report   40.9 ( 1.00)     0     16.2 ( 8.00)    0.9762    1.84 Hz z 0.432 ( 8.00)    2.09 (3.38)    0.616    -13.7     1.43
J_hi2                     report   41.6 ( 1.00)     0     23.7 ( 8.00)    0.9743    1.47 Hz z 0.426 ( 8.00)    2.33 (3.38)    0.690    -16.6     1.21
J_hi2+h10                 report   37.3 ( 1.00)     0     21.5 ( 8.00)    0.9742    1.48 Hz z 0.369 ( 8.00)    2.09 (3.38)    0.616    -18.2     1.37
J_hi2*tau6                report   39.9 ( 1.00)     0     20.0 ( 8.00)    0.9743    1.49 Hz z 0.408 ( 8.00)    2.33 (3.38)    0.690    -16.6     1.27
J_hi2*tau6+h10            report   35.7 ( 1.00)     0     18.3 ( 8.00)    0.9742    1.49 Hz z 0.351 ( 8.00)    2.09 (3.38)    0.616    -18.2     1.45
J1.0*tau6                 report   38.1 ( 1.00)     0     21.4 ( 8.00)    0.9752    1.36 Hz z 0.376 ( 8.00)    2.33 (3.38)    0.690    -18.7     1.16
J1.0*tau6+h10             report   34.2 ( 1.00)     0     19.5 ( 8.00)    0.9775    1.36 Hz z 0.328 ( 8.00)    2.09 (3.38)    0.616    -20.3     1.28
b_lo*J_hi*tau6            report   34.8 ( 1.00)     0     15.3 ( 8.00)    0.9757    2.10 Hz z 0.309 ( 8.00)    2.33 (3.38)    0.690    -11.5     1.72
b_lo*J_hi*tau6+h10        report   29.8 ( 1.00)    14     13.5 ( 8.00)    0.9753    2.06 Hz z 0.247 ( 8.00)    2.09 (3.38)    0.616    -13.3     2.08
b_lo*J_hi2                report   31.6 ( 1.00)     0     21.8 ( 8.00)    0.9767    1.66 Hz z 0.262 ( 8.00)    2.33 (3.38)    0.690    -16.1     1.78
b_lo*J_hi2+h10            report   26.9 ( 1.00)    30     18.8 ( 8.00)    0.9792    1.65 Hz z 0.214 ( 8.00)    2.09 (3.38)    0.616    -17.6     2.17
b_lo*J_hi2*tau6           report   29.7 ( 1.00)    11     18.0 ( 8.00)    0.9766    1.67 Hz z 0.244 ( 8.00)    2.33 (3.38)    0.690    -16.0     1.91
b_lo*J_hi2*tau6+h10       report   25.1 ( 1.00)    31     15.5 ( 8.00)    0.9805    1.65 Hz z 0.196 ( 8.00)    2.09 (3.38)    0.616    -17.6     2.36
b_lo*J1.0                 report   29.7 ( 1.00)    11     23.2 ( 8.00)    0.9801    1.51 Hz z 0.238 ( 8.00)    2.33 (3.38)    0.690    -17.8     1.75
b_lo*J1.0+h10             report   25.4 ( 1.00)    30     20.1 ( 8.00)    0.9831    1.50 Hz z 0.196 ( 8.00)    2.09 (3.38)    0.616    -19.3     2.07
b_lo*J1.0*tau6            report   28.0 ( 1.00)    20     19.4 ( 8.00)    0.9805    1.52 Hz z 0.222 ( 8.00)    2.33 (3.38)    0.690    -17.8     1.88
b_lo*J1.0*tau6+h10        report   23.7 ( 1.00)    31     16.6 ( 8.00)    0.9841    1.51 Hz z 0.181 ( 8.00)    2.09 (3.38)    0.616    -19.3     2.23
b/1.9                     report   51.3 ( 8.00)     0     15.8 ( 8.00)    0.9755    3.78 Hz z 0.427 ( 8.00)    2.33 (3.38)    0.690     -2.0     1.17
b/1.9+h10                 report   47.2 ( 8.00)     0     14.9 ( 8.00)    0.9751    3.45 Hz z 0.385 ( 8.00)    2.09 (3.38)    0.616     -3.6     1.31
b/1.9*tau6                report   46.9 ( 8.00)     0     12.0 ( 8.00)    0.9753    3.81 Hz z 0.377 ( 8.00)    2.33 (3.38)    0.690     -1.4     1.20
b/1.9*tau6+h10            report   43.1 ( 8.00)     0     11.4 ( 8.00)    0.9749    3.46 Hz z 0.341 ( 8.00)    2.09 (3.38)    0.616     -3.3     1.35
b/1.9*J_hi                report   37.2 ( 1.00)     0     19.0 ( 8.00)    0.9762    2.07 Hz z 0.336 ( 8.00)    2.33 (3.38)    0.690    -11.5     1.62
b/1.9*J_hi+h10            report   32.1 ( 1.00)     0     16.7 ( 8.00)    0.9759    2.04 Hz z 0.272 ( 8.00)    2.09 (3.38)    0.616    -13.3     1.94
b/1.9*J_hi*tau6           report   34.8 ( 1.00)     0     15.3 ( 8.00)    0.9761    2.10 Hz z 0.309 ( 8.00)    2.33 (3.38)    0.690    -11.5     1.72
b/1.9*J_hi*tau6+h10       report   29.8 ( 1.00)    14     13.5 ( 8.00)    0.9757    2.06 Hz z 0.247 ( 8.00)    2.09 (3.38)    0.616    -13.3     2.08
b/1.9*J_hi2               report   31.6 ( 1.00)     0     21.8 ( 8.00)    0.9770    1.66 Hz z 0.262 ( 8.00)    2.33 (3.38)    0.690    -15.9     1.78
b/1.9*J_hi2+h10           report   26.9 ( 1.00)    30     18.8 ( 8.00)    0.9792    1.65 Hz z 0.214 ( 8.00)    2.09 (3.38)    0.616    -17.4     2.17
b/1.9*J_hi2*tau6          report   29.7 ( 1.00)    11     18.0 ( 8.00)    0.9769    1.67 Hz z 0.244 ( 8.00)    2.33 (3.38)    0.690    -15.8     1.91
b/1.9*J_hi2*tau6+h10      report   25.1 ( 1.00)    31     15.5 ( 8.00)    0.9805    1.65 Hz z 0.196 ( 8.00)    2.09 (3.38)    0.616    -17.4     2.36
b/1.9*J1.0                report   29.7 ( 1.00)    11     23.2 ( 8.00)    0.9809    1.51 Hz z 0.238 ( 8.00)    2.33 (3.38)    0.690    -17.7     1.75
b/1.9*J1.0+h10            report   25.4 ( 1.00)    30     20.1 ( 8.00)    0.9831    1.50 Hz z 0.196 ( 8.00)    2.09 (3.38)    0.616    -19.2     2.07
b/1.9*J1.0*tau6           report   28.0 ( 1.00)    20     19.4 ( 8.00)    0.9812    1.52 Hz z 0.222 ( 8.00)    2.33 (3.38)    0.690    -17.7     1.88
b/1.9*J1.0*tau6+h10       report   23.7 ( 1.00)    31     16.6 ( 8.00)    0.9841    1.51 Hz z 0.181 ( 8.00)    2.09 (3.38)    0.616    -19.2     2.23
b_q*J_hi*tau6             report   45.8 ( 1.00)     0     14.1 (26.90)    0.9787    2.70 Hz z 0.289 (17.50)    2.33 (3.38)    0.690     -9.5     1.25
b_q*J_hi*tau6+h10         report   40.9 ( 1.00)     0     11.8 (26.90)    0.9784    2.63 Hz z 0.255 (17.50)    2.09 (3.38)    0.616    -11.3     1.43
b_q*J_hi2                 report   41.6 ( 1.00)     0     18.3 (26.90)    0.9791    2.09 Hz z 0.215 (17.50)    2.33 (3.38)    0.690    -14.4     1.38
b_q*J_hi2+h10             report   37.3 ( 1.00)     0     14.4 (26.90)    0.9789    2.06 Hz z 0.184 (17.50)    2.09 (3.38)    0.616    -16.0     1.66
b_q*J_hi2*tau6            report   39.9 ( 1.00)     0     15.1 (26.90)    0.9790    2.10 Hz z 0.200 (17.50)    2.33 (3.38)    0.690    -14.4     1.48
b_q*J_hi2*tau6+h10        report   35.0 (26.90)     0     11.9 (26.90)    0.9795    2.06 Hz z 0.170 (17.50)    2.09 (3.38)    0.616    -16.0     1.81
b_q*J1.0*tau6             report   34.9 (15.75)     0     15.6 (26.90)    0.9829    1.71 Hz z 0.160 (15.75)    2.33 (3.38)    0.690    -16.6     1.68
b_q*J1.0*tau6+h10         report   30.8 (26.90)     0     11.9 (26.90)    0.9857    1.85 Hz z 0.134 (17.50)    2.09 (3.38)    0.616    -18.3     2.06
b_lo*J0.3                 report   42.5 ( 8.00)     0     16.5 ( 8.00)    0.9752    2.83 Hz z 0.397 ( 8.00)    2.33 (3.38)    0.690     -5.9     1.39
b_lo*J0.3+h10             report   37.5 ( 8.00)     0     14.8 ( 8.00)    0.9748    2.69 Hz z 0.329 ( 8.00)    2.09 (3.38)    0.616     -7.8     1.60
J1.3                      report   37.8 ( 1.00)     0     26.8 ( 8.00)    0.9790    1.22 Hz z 0.362 ( 8.00)    2.33 (3.38)    0.690    -21.2     0.90
b_lo*J1.3                 report   28.2 ( 1.00)    15     25.1 ( 8.00)    0.9874    0.94 Hz z 0.211 (11.90)    2.33 (3.38)    0.690    -20.0     1.38
b_q*J1.3                  report   28.1 (15.75)    16     20.0 (26.90)    0.9884    1.51 Hz z 0.122 (15.75)    2.33 (3.38)    0.690    -19.2     2.06
b_q*J1.3+h10              report   24.3 (15.75)    84     14.6 (26.90)    0.9906    1.49 Hz z 0.101 (15.75)    2.09 (3.38)    0.616    -20.8     2.57
tau10                     report   59.7 ( 1.00)     0     12.2 ( 8.00)    0.9815    3.83 Hz z 0.482 ( 8.00)    2.33 (3.38)    0.690     -3.5     1.09
b_lo*tau10                report   42.4 ( 8.00)     0      9.5 ( 8.00)    0.9746    3.81 Hz z 0.328 ( 8.00)    2.33 (3.38)    0.690     -0.9     1.24
light_b                   report   10.0 (26.90)   107      5.0 (26.90)    0.9810    4.30 Hz z 0.071 (26.90)    2.33 (3.38)    0.690     +6.7     1.86
b_q0                      report   65.6 ( 1.00)     0     17.1 (26.90)    0.9814    4.59 Hz z 0.453 (17.50)    2.33 (3.38)    0.690     -3.4     1.02
b_q0*J_hi                 report   47.8 ( 1.00)     0     17.3 (26.90)    0.9788    2.68 Hz z 0.311 (17.50)    2.33 (3.38)    0.690     -9.5     1.19
bq10*J1.0                 report   37.3 (15.75)     0     19.0 (26.90)    0.9818    1.70 Hz z 0.171 (15.75)    2.33 (3.38)    0.690    -16.6     1.56
bq10*J1.0+h10             report   33.3 (26.90)     0     14.5 (26.90)    0.9846    1.85 Hz z 0.146 (17.50)    2.09 (3.38)    0.616    -18.2     1.89
bq10*J1.0*tau6+h10        report   30.8 (26.90)     0     11.9 (26.90)    0.9857    1.85 Hz z 0.134 (17.50)    2.09 (3.38)    0.616    -18.3     2.06

======================================================================================================================================================
D2c: D2c = D2a + FEEDBACK-path output-lag lead (same filter) on r26   [48 s, 12600 points]  GATED FAILS: 0
member                    tier  min PM (v)      #<bar  min GM_exact (v)    max rho  least-damped low pole (v)     max M20 (V295)  max L20/V295  max T530 dB  max Tr1.6-3
nominal                   A        65.4 ( 1.00)     0     19.2 ( 8.00)    0.9809    3.69 Hz z 0.582 ( 8.00)    2.31 (3.38)    0.682     -4.8     0.99
J_lo                      A        69.5 (26.90)     0     19.3 ( 8.00)    0.9829    5.32 Hz z 0.589 ( 8.00)    2.31 (3.38)    0.683     -3.6     0.89
J_hi                      A        48.2 ( 1.00)     0     21.7 ( 8.00)    0.9751    1.81 Hz z 0.528 ( 8.00)    2.31 (3.38)    0.682    -12.3     1.15
b_lo                      A        51.6 ( 8.00)     0     16.3 ( 8.00)    0.9772    3.70 Hz z 0.432 ( 8.00)    2.31 (3.38)    0.682     -2.4     1.13
b_hi                      A        60.9 (26.90)     0     22.8 ( 8.00)    0.9864    0.32 Hz z 0.569 (11.90)    2.31 (3.38)    0.683     -7.9     0.78
tau0                      A        66.9 ( 1.00)     0     22.8 ( 8.00)    0.9809    3.66 Hz z 0.603 ( 8.00)    2.31 (3.38)    0.682     -5.1     0.97
tau6                      A        62.4 ( 1.00)     0     15.0 ( 8.00)    0.9810    3.73 Hz z 0.537 ( 8.00)    2.31 (3.38)    0.682     -4.3     1.02
mode13                    A        65.2 ( 1.00)     0     23.2 ( 8.00)    0.9809    3.72 Hz z 0.564 ( 8.00)    2.31 (3.38)    0.683     -5.0     0.99
mode20                    A        65.3 ( 1.00)     0     19.3 ( 8.00)    0.9809    3.70 Hz z 0.575 ( 8.00)    2.31 (3.38)    0.683     -4.9     0.99
ms_free                   A        47.2 ( 9.00)     0     21.0 ( 1.00)    0.9895    0.78 Hz z 0.210 (11.90)    2.31 (3.38)    0.682     -7.7     1.16
b_lo*J_hi                 B        37.3 ( 1.00)     0     19.5 ( 8.00)    0.9777    2.07 Hz z 0.331 ( 8.00)    2.31 (3.38)    0.682    -11.8     1.56
b_lo*tau6                 B        47.2 ( 8.00)     0     12.4 ( 8.00)    0.9770    3.74 Hz z 0.382 ( 8.00)    2.31 (3.38)    0.682     -1.8     1.16
J1.0                      B        40.7 ( 1.00)     0     25.5 ( 8.00)    0.9746    1.35 Hz z 0.393 ( 8.00)    2.31 (3.38)    0.682    -19.0     1.06
b_q                       B        65.4 ( 1.00)     0     17.5 (26.90)    0.9809    4.53 Hz z 0.458 (17.50)    2.31 (3.38)    0.682     -3.6     0.99
b_q*J_hi                  B        48.2 ( 1.00)     0     17.5 (26.90)    0.9802    2.67 Hz z 0.307 (17.50)    2.31 (3.38)    0.682     -9.8     1.15
b_q*J1.0                  B        36.7 (15.50)     0     19.1 (26.90)    0.9820    1.71 Hz z 0.169 (15.75)    2.31 (3.38)    0.682    -16.9     1.50
b_q*tau6                  B        62.4 ( 1.00)     0     13.8 (26.90)    0.9810    4.58 Hz z 0.420 (17.50)    2.31 (3.38)    0.682     -2.9     1.02
nominal+h10               B        60.1 ( 1.00)     0     19.7 ( 8.00)    0.9809    3.27 Hz z 0.573 ( 8.00)    2.09 (3.38)    0.618     -6.2     1.10
J_lo+h10                  B        67.0 (26.90)     0     27.6 ( 1.00)    0.9829    4.64 Hz z 0.591 ( 8.00)    2.09 (3.38)    0.618     -4.4     0.98
J_hi+h10                  B        43.4 ( 1.00)     0     20.1 ( 8.00)    0.9750    1.82 Hz z 0.450 ( 8.00)    2.09 (3.38)    0.618    -14.0     1.30
b_lo+h10                  B        47.6 ( 8.00)     0     15.7 ( 8.00)    0.9768    3.38 Hz z 0.389 ( 8.00)    2.09 (3.38)    0.618     -4.0     1.26
b_hi+h10                  B        58.8 (26.90)     0     26.0 ( 8.00)    0.9865    0.32 Hz z 0.560 (11.90)    2.09 (3.38)    0.618     -9.3     0.85
tau0+h10                  B        61.5 ( 1.00)     0     37.2 (10.00)    0.9809    3.25 Hz z 0.594 ( 8.00)    2.09 (3.38)    0.618     -6.4     1.08
tau6+h10                  B        57.4 ( 1.00)     0     15.2 ( 8.00)    0.9810    3.29 Hz z 0.532 ( 8.00)    2.09 (3.38)    0.618     -5.9     1.14
mode13+h10                B        60.0 ( 1.00)     0     21.1 ( 8.00)    0.9809    3.29 Hz z 0.559 ( 8.00)    2.09 (3.38)    0.618     -6.5     1.10
mode20+h10                B        60.1 ( 1.00)     0     19.6 ( 8.00)    0.9809    3.28 Hz z 0.568 ( 8.00)    2.09 (3.38)    0.618     -6.3     1.10
ms_free+h10               B        43.4 ( 8.75)     0     20.1 ( 8.00)    0.9903    0.78 Hz z 0.196 (11.90)    2.09 (3.38)    0.618     -9.3     1.32
b_lo*J_hi+h10             B        32.2 ( 1.00)     0     17.2 ( 8.00)    0.9774    2.04 Hz z 0.268 ( 8.00)    2.09 (3.38)    0.618    -13.6     1.86
b_lo*tau6+h10             B        43.5 ( 8.00)     0     11.9 ( 8.00)    0.9767    3.40 Hz z 0.345 ( 8.00)    2.09 (3.38)    0.618     -3.7     1.30
J1.0+h10                  B        36.9 ( 1.00)     0     23.2 ( 8.00)    0.9752    1.36 Hz z 0.346 ( 8.00)    2.09 (3.38)    0.618    -20.6     1.16
b_q+h10                   B        60.1 ( 1.00)     0     16.2 (26.90)    0.9809    4.23 Hz z 0.440 (17.50)    2.09 (3.38)    0.618     -4.6     1.10
b_q*J_hi+h10              B        43.4 ( 1.00)     0     14.4 (26.90)    0.9799    2.61 Hz z 0.271 (17.50)    2.09 (3.38)    0.618    -11.5     1.30
b_q*J1.0+h10              B        33.2 (15.50)     0     14.4 (26.90)    0.9848    1.69 Hz z 0.144 (15.75)    2.09 (3.38)    0.618    -18.5     1.82
b_q*tau6+h10              B        57.4 ( 1.00)     0     13.1 (26.90)    0.9810    4.26 Hz z 0.407 (17.50)    2.09 (3.38)    0.618     -4.1     1.14
J_hi*tau6                 report   46.2 ( 1.00)     0     17.8 ( 8.00)    0.9752    1.86 Hz z 0.499 ( 8.00)    2.31 (3.38)    0.682    -12.2     1.20
J_hi*tau6+h10             report   41.4 ( 1.00)     0     16.7 ( 8.00)    0.9751    1.85 Hz z 0.423 ( 8.00)    2.09 (3.38)    0.618    -14.0     1.37
J_hi2                     report   42.5 ( 1.00)     0     24.1 ( 8.00)    0.9736    1.48 Hz z 0.425 ( 8.00)    2.31 (3.38)    0.682    -16.8     1.16
J_hi2+h10                 report   38.3 ( 1.00)     0     22.0 ( 8.00)    0.9735    1.49 Hz z 0.369 ( 8.00)    2.09 (3.38)    0.618    -18.5     1.31
J_hi2*tau6                report   40.9 ( 1.00)     0     20.2 ( 8.00)    0.9736    1.50 Hz z 0.406 ( 8.00)    2.31 (3.38)    0.682    -16.8     1.21
J_hi2*tau6+h10            report   36.7 ( 1.00)     0     18.6 ( 8.00)    0.9734    1.50 Hz z 0.351 ( 8.00)    2.09 (3.38)    0.618    -18.5     1.38
J1.0*tau6                 report   39.3 ( 1.00)     0     21.6 ( 8.00)    0.9745    1.37 Hz z 0.378 ( 8.00)    2.31 (3.38)    0.682    -18.9     1.10
J1.0*tau6+h10             report   35.4 ( 1.00)     0     19.8 ( 8.00)    0.9759    1.37 Hz z 0.331 ( 8.00)    2.09 (3.38)    0.618    -20.6     1.22
b_lo*J_hi*tau6            report   34.9 ( 1.00)     0     15.6 ( 8.00)    0.9776    2.10 Hz z 0.304 ( 8.00)    2.31 (3.38)    0.682    -11.7     1.66
b_lo*J_hi*tau6+h10        report   29.9 ( 1.00)    11     13.8 ( 8.00)    0.9773    2.05 Hz z 0.244 ( 8.00)    2.09 (3.38)    0.618    -13.6     2.00
b_lo*J_hi2                report   32.1 ( 1.00)     0     22.2 ( 8.00)    0.9784    1.66 Hz z 0.263 ( 8.00)    2.31 (3.38)    0.682    -16.3     1.70
b_lo*J_hi2+h10            report   27.6 ( 1.00)    30     19.3 ( 8.00)    0.9785    1.65 Hz z 0.215 ( 8.00)    2.09 (3.38)    0.618    -17.8     2.06
b_lo*J_hi2*tau6           report   30.2 ( 1.00)     0     18.2 ( 8.00)    0.9783    1.67 Hz z 0.244 ( 8.00)    2.31 (3.38)    0.682    -16.2     1.82
b_lo*J_hi2*tau6+h10       report   25.7 ( 1.00)    31     15.7 ( 8.00)    0.9798    1.65 Hz z 0.198 ( 8.00)    2.09 (3.38)    0.618    -17.8     2.23
b_lo*J1.0                 report   30.6 ( 1.00)     0     23.6 ( 8.00)    0.9798    1.51 Hz z 0.240 ( 8.00)    2.31 (3.38)    0.682    -18.1     1.66
b_lo*J1.0+h10             report   26.3 ( 1.00)    30     20.5 ( 8.00)    0.9823    1.50 Hz z 0.199 ( 8.00)    2.09 (3.38)    0.618    -19.6     1.95
b_lo*J1.0*tau6            report   28.8 ( 1.00)    15     19.6 ( 8.00)    0.9801    1.52 Hz z 0.225 ( 8.00)    2.31 (3.38)    0.682    -18.0     1.78
b_lo*J1.0*tau6+h10        report   24.6 ( 1.00)    31     16.9 ( 8.00)    0.9833    1.51 Hz z 0.184 ( 8.00)    2.09 (3.38)    0.618    -19.6     2.10
b/1.9                     report   51.6 ( 8.00)     0     16.3 ( 8.00)    0.9775    3.70 Hz z 0.432 ( 8.00)    2.31 (3.38)    0.682     -2.4     1.13
b/1.9+h10                 report   47.6 ( 8.00)     0     15.7 ( 8.00)    0.9772    3.38 Hz z 0.389 ( 8.00)    2.09 (3.38)    0.618     -4.0     1.26
b/1.9*tau6                report   47.2 ( 8.00)     0     12.4 ( 8.00)    0.9774    3.74 Hz z 0.382 ( 8.00)    2.31 (3.38)    0.682     -1.8     1.16
b/1.9*tau6+h10            report   43.5 ( 8.00)     0     11.9 ( 8.00)    0.9771    3.40 Hz z 0.345 ( 8.00)    2.09 (3.38)    0.618     -3.7     1.30
b/1.9*J_hi                report   37.3 ( 1.00)     0     19.4 ( 8.00)    0.9780    2.07 Hz z 0.331 ( 8.00)    2.31 (3.38)    0.682    -11.8     1.56
b/1.9*J_hi+h10            report   32.2 ( 1.00)     0     17.2 ( 8.00)    0.9777    2.04 Hz z 0.268 ( 8.00)    2.09 (3.38)    0.618    -13.6     1.86
b/1.9*J_hi*tau6           report   34.9 ( 1.00)     0     15.6 ( 8.00)    0.9779    2.10 Hz z 0.304 ( 8.00)    2.31 (3.38)    0.682    -11.7     1.66
b/1.9*J_hi*tau6+h10       report   29.9 ( 1.00)    11     13.8 ( 8.00)    0.9776    2.05 Hz z 0.244 ( 8.00)    2.09 (3.38)    0.618    -13.6     2.00
b/1.9*J_hi2               report   32.1 ( 1.00)     0     22.2 ( 8.00)    0.9786    1.66 Hz z 0.263 ( 8.00)    2.31 (3.38)    0.682    -16.1     1.70
b/1.9*J_hi2+h10           report   27.6 ( 1.00)    30     19.3 ( 8.00)    0.9785    1.65 Hz z 0.215 ( 8.00)    2.09 (3.38)    0.618    -17.7     2.06
b/1.9*J_hi2*tau6          report   30.2 ( 1.00)     0     18.2 ( 8.00)    0.9785    1.67 Hz z 0.244 ( 8.00)    2.31 (3.38)    0.682    -16.0     1.82
b/1.9*J_hi2*tau6+h10      report   25.7 ( 1.00)    31     15.7 ( 8.00)    0.9798    1.65 Hz z 0.198 ( 8.00)    2.09 (3.38)    0.618    -17.6     2.23
b/1.9*J1.0                report   30.6 ( 1.00)     0     23.6 ( 8.00)    0.9807    1.51 Hz z 0.240 ( 8.00)    2.31 (3.38)    0.682    -17.9     1.66
b/1.9*J1.0+h10            report   26.3 ( 1.00)    30     20.5 ( 8.00)    0.9823    1.50 Hz z 0.199 ( 8.00)    2.09 (3.38)    0.618    -19.5     1.95
b/1.9*J1.0*tau6           report   28.8 ( 1.00)    15     19.6 ( 8.00)    0.9810    1.52 Hz z 0.225 ( 8.00)    2.31 (3.38)    0.682    -17.9     1.78
b/1.9*J1.0*tau6+h10       report   24.6 ( 1.00)    31     16.9 ( 8.00)    0.9833    1.51 Hz z 0.184 ( 8.00)    2.09 (3.38)    0.618    -19.5     2.10
b_q*J_hi*tau6             report   46.2 ( 1.00)     0     14.2 (26.90)    0.9801    2.69 Hz z 0.286 (17.50)    2.31 (3.38)    0.682     -9.7     1.20
b_q*J_hi*tau6+h10         report   41.4 ( 1.00)     0     11.9 (26.90)    0.9798    2.62 Hz z 0.252 (17.50)    2.09 (3.38)    0.618    -11.6     1.37
b_q*J_hi2                 report   42.5 ( 1.00)     0     18.4 (26.90)    0.9805    1.87 Hz z 0.211 (15.50)    2.31 (3.38)    0.682    -14.6     1.32
b_q*J_hi2+h10             report   37.5 (26.90)     0     14.3 (26.90)    0.9803    2.06 Hz z 0.182 (17.50)    2.09 (3.38)    0.618    -16.3     1.60
b_q*J_hi2*tau6            report   39.9 (26.90)     0     15.0 (26.90)    0.9804    2.10 Hz z 0.198 (17.50)    2.31 (3.38)    0.682    -14.6     1.42
b_q*J_hi2*tau6+h10        report   34.8 (26.90)     0     11.8 (26.90)    0.9802    2.06 Hz z 0.169 (17.50)    2.09 (3.38)    0.618    -16.3     1.73
b_q*J1.0*tau6             report   34.4 (15.50)     0     15.6 (26.90)    0.9831    1.72 Hz z 0.158 (15.75)    2.31 (3.38)    0.682    -16.9     1.61
b_q*J1.0*tau6+h10         report   30.8 (26.90)     0     11.7 (26.90)    0.9859    1.69 Hz z 0.134 (15.75)    2.09 (3.38)    0.618    -18.5     1.99
b_lo*J0.3                 report   42.7 ( 8.00)     0     17.0 ( 8.00)    0.9773    2.80 Hz z 0.392 ( 8.00)    2.31 (3.38)    0.682     -6.2     1.34
b_lo*J0.3+h10             report   37.7 ( 1.00)     0     15.4 ( 8.00)    0.9770    2.66 Hz z 0.324 ( 8.00)    2.09 (3.38)    0.618     -8.1     1.54
J1.3                      report   39.2 ( 1.00)     0     27.2 ( 8.00)    0.9781    1.23 Hz z 0.368 ( 8.00)    2.31 (3.38)    0.682    -21.4     0.86
b_lo*J1.3                 report   29.3 ( 1.00)    12     25.4 ( 8.00)    0.9872    0.95 Hz z 0.212 (11.90)    2.31 (3.38)    0.682    -20.2     1.31
b_q*J1.3                  report   28.0 (15.75)    13     19.9 (26.90)    0.9884    1.51 Hz z 0.122 (15.75)    2.31 (3.38)    0.682    -19.4     1.96
b_q*J1.3+h10              report   24.1 (15.75)    84     14.4 (26.90)    0.9906    1.50 Hz z 0.100 (15.75)    2.09 (3.38)    0.618    -21.0     2.44
tau10                     report   59.5 ( 1.00)     0     12.4 ( 8.00)    0.9810    3.74 Hz z 0.493 ( 8.00)    2.31 (3.38)    0.682     -3.8     1.05
b_lo*tau10                report   42.9 ( 8.00)     0      9.8 ( 8.00)    0.9769    3.74 Hz z 0.334 ( 8.00)    2.31 (3.38)    0.682     -1.3     1.19
light_b                   report    9.7 (26.90)   108      5.1 (26.90)    0.9819    4.26 Hz z 0.068 (26.90)    2.31 (3.38)    0.682     +6.1     1.71
b_q0                      report   65.4 ( 1.00)     0     17.5 (26.90)    0.9809    4.53 Hz z 0.458 (17.50)    2.31 (3.38)    0.682     -3.6     0.99
b_q0*J_hi                 report   48.2 ( 1.00)     0     17.5 (26.90)    0.9802    2.67 Hz z 0.307 (17.50)    2.31 (3.38)    0.682     -9.8     1.15
bq10*J1.0                 report   36.7 (15.50)     0     19.0 (26.90)    0.9820    1.71 Hz z 0.169 (15.75)    2.31 (3.38)    0.682    -16.9     1.50
bq10*J1.0+h10             report   33.2 (15.50)     0     14.3 (26.90)    0.9848    1.69 Hz z 0.144 (15.75)    2.09 (3.38)    0.618    -18.5     1.82
bq10*J1.0*tau6+h10        report   30.8 (26.90)     0     11.7 (26.90)    0.9859    1.69 Hz z 0.134 (15.75)    2.09 (3.38)    0.618    -18.5     1.99

======================================================================================================================================================
D3a: D3a = cascade: V282-style HELD rate loop inside (fb 923/1560, Kp 24, Ki 12), angle outside   [40 s, 12600 points]  GATED FAILS: 0
member                    tier  min PM (v)      #<bar  min GM_exact (v)    max rho  least-damped low pole (v)     max M20 (V295)  max L20/V295  max T530 dB  max Tr1.6-3
nominal                   A        71.0 ( 1.00)     0     12.9 ( 1.00)    0.9802    3.99 Hz z 0.519 ( 8.00)    2.07 (3.38)    0.613     -5.0     0.59
J_lo                      A        71.6 (27.00)     0     11.7 ( 1.00)    0.9798    5.63 Hz z 0.479 ( 8.00)    2.07 (3.38)    0.613     -2.9     0.54
J_hi                      A        57.4 ( 1.00)     0     16.8 ( 8.00)    0.9818    1.69 Hz z 0.682 ( 8.00)    2.07 (3.38)    0.613    -13.0     0.61
b_lo                      A        54.1 ( 1.00)     0     10.7 ( 1.00)    0.9846    3.85 Hz z 0.400 ( 8.00)    2.07 (3.38)    0.613     -2.7     0.70
b_hi                      A        63.1 (27.00)     0     15.7 ( 1.00)    0.9834    0.36 Hz z 0.619 (26.90)    2.07 (3.38)    0.613     -8.1     0.45
tau0                      A        72.3 ( 1.00)     0     13.8 ( 1.00)    0.9802    3.99 Hz z 0.538 ( 8.00)    2.07 (3.38)    0.613     -5.2     0.59
tau6                      A        68.4 ( 1.00)     0     11.3 ( 1.00)    0.9800    3.96 Hz z 0.481 ( 8.00)    2.07 (3.38)    0.613     -4.6     0.61
mode13                    A        70.9 ( 1.00)     0     13.3 ( 1.00)    0.9802    3.98 Hz z 0.505 ( 8.00)    2.07 (3.38)    0.613     -5.3     0.59
mode20                    A        71.0 ( 1.00)     0     13.0 ( 1.00)    0.9802    3.98 Hz z 0.513 ( 8.00)    2.07 (3.38)    0.613     -5.1     0.59
ms_free                   A        47.2 (11.90)     0     13.8 ( 1.00)    0.9868    0.86 Hz z 0.240 (11.90)    2.07 (3.38)    0.613     -7.4     0.62
b_lo*J_hi                 B        45.1 ( 1.00)     0     15.1 ( 8.00)    0.9847    1.91 Hz z 0.442 ( 8.00)    2.07 (3.38)    0.613    -12.5     0.86
b_lo*tau6                 B        50.5 ( 1.00)     0      9.1 ( 4.50)    0.9845    3.82 Hz z 0.357 ( 8.00)    2.07 (3.38)    0.613     -2.3     0.72
J1.0                      B        52.3 ( 1.00)     0     21.1 ( 8.00)    0.9834    1.12 Hz z 0.538 ( 9.25)    2.07 (3.38)    0.613    -19.7     0.48
b_q                       B        71.0 ( 1.00)     0     11.2 (13.75)    0.9860    4.27 Hz z 0.343 (14.00)    2.07 (3.38)    0.613     -2.1     0.65
b_q*J_hi                  B        53.9 (27.00)     0     12.7 (27.00)    0.9859    2.73 Hz z 0.280 (17.50)    2.07 (3.38)    0.613    -10.2     0.89
b_q*J1.0                  B        38.3 (15.50)     0     14.3 (27.00)    0.9863    1.88 Hz z 0.175 (17.50)    2.07 (3.38)    0.613    -17.3     1.30
b_q*tau6                  B        68.4 ( 1.00)     0      9.5 (13.75)    0.9859    4.25 Hz z 0.305 (14.00)    2.07 (3.38)    0.613     -1.6     0.66
nominal+h10               B        64.4 ( 1.00)     0      9.5 ( 1.00)    0.9798    3.88 Hz z 0.428 ( 8.00)    2.07 (3.38)    0.613     -4.2     0.64
J_lo+h10                  B        69.5 (27.00)     0      8.4 ( 1.00)    0.9795    5.26 Hz z 0.379 ( 8.00)    2.07 (3.38)    0.613     -1.0     0.58
J_hi+h10                  B        52.9 ( 1.00)     0     13.1 ( 8.00)    0.9815    1.87 Hz z 0.592 ( 8.00)    2.07 (3.38)    0.613    -13.0     0.67
b_lo+h10                  B        45.2 ( 1.00)     0      7.3 ( 7.75)    0.9844    3.74 Hz z 0.298 ( 8.00)    2.07 (3.38)    0.613     -2.0     0.75
b_hi+h10                  B        61.3 (27.00)     0     12.4 ( 1.00)    0.9834    4.07 Hz z 0.568 ( 8.00)    2.07 (3.38)    0.613     -7.4     0.48
tau0+h10                  B        65.8 ( 1.00)     0     10.1 ( 1.00)    0.9799    3.91 Hz z 0.445 ( 8.00)    2.07 (3.38)    0.613     -4.3     0.63
tau6+h10                  B        61.8 ( 1.00)     0      8.6 ( 1.00)    0.9797    3.80 Hz z 0.395 ( 8.00)    2.07 (3.38)    0.613     -4.0     0.66
mode13+h10                B        64.3 ( 1.00)     0      9.7 ( 1.00)    0.9798    3.85 Hz z 0.419 ( 8.00)    2.07 (3.38)    0.613     -4.5     0.64
mode20+h10                B        64.4 ( 1.00)     0      9.6 ( 1.00)    0.9798    3.87 Hz z 0.424 ( 8.00)    2.07 (3.38)    0.613     -4.3     0.64
ms_free+h10               B        44.2 (11.90)     0     10.4 ( 1.00)    0.9875    0.86 Hz z 0.225 (11.90)    2.07 (3.38)    0.613     -7.1     0.67
b_lo*J_hi+h10             B        39.6 ( 1.00)     0     11.2 ( 8.00)    0.9846    2.00 Hz z 0.372 ( 8.00)    2.07 (3.38)    0.613    -12.6     0.98
b_lo*tau6+h10             B        41.6 ( 1.00)     0      6.3 ( 7.75)    0.9843    3.67 Hz z 0.262 ( 8.00)    2.07 (3.38)    0.613     -2.1     0.78
J1.0+h10                  B        49.2 ( 1.00)     0     17.3 ( 8.00)    0.9832    1.21 Hz z 0.507 ( 8.00)    2.07 (3.38)    0.613    -19.7     0.51
b_q+h10                   B        62.6 (13.75)     0      7.6 (13.75)    0.9858    4.18 Hz z 0.252 (14.00)    2.07 (3.38)    0.613     -1.0     0.68
b_q*J_hi+h10              B        46.3 (27.00)     0      8.9 (27.00)    0.9857    2.75 Hz z 0.225 (17.50)    2.07 (3.38)    0.613    -10.4     1.08
b_q*J1.0+h10              B        32.4 (15.75)     0      9.8 (27.00)    0.9862    1.88 Hz z 0.143 (17.50)    2.07 (3.38)    0.613    -17.5     1.57
b_q*tau6+h10              B        58.3 (13.75)     0      6.5 (13.75)    0.9858    4.07 Hz z 0.221 (13.75)    2.07 (3.38)    0.613     -0.7     0.71
J_hi*tau6                 report   55.6 ( 1.00)     0     15.1 ( 8.00)    0.9817    1.77 Hz z 0.646 ( 8.00)    2.07 (3.38)    0.613    -13.0     0.64
J_hi*tau6+h10             report   51.1 ( 1.00)     0     12.1 ( 8.00)    0.9814    1.91 Hz z 0.557 ( 8.00)    2.07 (3.38)    0.613    -13.1     0.70
J_hi2                     report   53.4 ( 1.00)     0     19.6 ( 8.00)    0.9828    1.27 Hz z 0.579 ( 8.00)    2.07 (3.38)    0.613    -17.5     0.54
J_hi2+h10                 report   49.9 ( 1.00)     0     15.8 ( 8.00)    0.9826    1.33 Hz z 0.539 ( 8.00)    2.07 (3.38)    0.613    -17.6     0.59
J_hi2*tau6                report   52.0 ( 1.00)     0     17.9 ( 8.00)    0.9827    1.29 Hz z 0.564 ( 8.00)    2.07 (3.38)    0.613    -17.5     0.56
J_hi2*tau6+h10            report   48.5 ( 1.00)     0     14.7 ( 8.00)    0.9825    1.36 Hz z 0.521 ( 8.00)    2.07 (3.38)    0.613    -17.6     0.61
J1.0*tau6                 report   51.1 ( 1.00)     0     19.3 ( 8.00)    0.9833    1.16 Hz z 0.526 ( 8.50)    2.07 (3.38)    0.613    -19.7     0.49
J1.0*tau6+h10             report   48.0 ( 1.00)     0     16.1 ( 8.00)    0.9832    1.22 Hz z 0.494 ( 8.00)    2.07 (3.38)    0.613    -19.7     0.52
b_lo*J_hi*tau6            report   42.9 ( 1.00)     0     13.3 ( 8.00)    0.9846    1.95 Hz z 0.415 ( 8.00)    2.07 (3.38)    0.613    -12.5     0.90
b_lo*J_hi*tau6+h10        report   37.4 ( 1.00)     0     10.0 ( 7.75)    0.9845    2.02 Hz z 0.343 ( 8.00)    2.07 (3.38)    0.613    -12.7     1.04
b_lo*J_hi2                report   42.4 ( 1.00)     0     18.1 ( 8.00)    0.9851    1.43 Hz z 0.328 (10.00)    2.07 (3.38)    0.613    -16.7     0.78
b_lo*J_hi2+h10            report   38.1 ( 1.00)     0     14.0 ( 8.00)    0.9849    1.46 Hz z 0.291 (10.00)    2.07 (3.38)    0.613    -16.7     0.88
b_lo*J_hi2*tau6           report   40.7 ( 1.00)     0     16.3 ( 8.00)    0.9850    1.44 Hz z 0.314 (10.00)    2.07 (3.38)    0.613    -16.7     0.82
b_lo*J_hi2*tau6+h10       report   36.4 ( 1.00)     0     12.8 ( 8.00)    0.9849    1.47 Hz z 0.276 (10.00)    2.07 (3.38)    0.613    -16.7     0.93
b_lo*J1.0                 report   41.9 ( 1.00)     0     19.6 ( 8.00)    0.9854    1.30 Hz z 0.281 (10.00)    2.07 (3.38)    0.613    -18.5     0.69
b_lo*J1.0+h10             report   38.1 ( 1.00)     0     15.5 ( 8.00)    0.9853    1.32 Hz z 0.252 (10.00)    2.07 (3.38)    0.613    -18.5     0.76
b_lo*J1.0*tau6            report   40.4 ( 1.00)     0     17.8 ( 8.00)    0.9853    1.31 Hz z 0.270 (10.00)    2.07 (3.38)    0.613    -18.5     0.72
b_lo*J1.0*tau6+h10        report   36.4 (10.00)     0     14.2 ( 8.00)    0.9852    1.33 Hz z 0.239 (10.00)    2.07 (3.38)    0.613    -18.5     0.79
b/1.9                     report   54.1 ( 1.00)     0     10.7 ( 5.00)    0.9847    3.85 Hz z 0.400 ( 8.00)    2.07 (3.38)    0.613     -2.7     0.70
b/1.9+h10                 report   45.2 ( 1.00)     0      7.2 ( 6.50)    0.9846    3.74 Hz z 0.298 ( 8.00)    2.07 (3.38)    0.613     -2.0     0.75
b/1.9*tau6                report   50.5 ( 1.00)     0      9.1 ( 5.50)    0.9847    3.82 Hz z 0.357 ( 8.00)    2.07 (3.38)    0.613     -2.3     0.72
b/1.9*tau6+h10            report   41.6 ( 1.00)     0      6.2 ( 7.25)    0.9845    3.67 Hz z 0.262 ( 8.00)    2.07 (3.38)    0.613     -2.1     0.78
b/1.9*J_hi                report   45.1 ( 1.00)     0     15.1 ( 8.00)    0.9848    1.91 Hz z 0.442 ( 8.00)    2.07 (3.38)    0.613    -12.5     0.86
b/1.9*J_hi+h10            report   39.6 ( 1.00)     0     11.2 ( 8.00)    0.9847    2.00 Hz z 0.372 ( 8.00)    2.07 (3.38)    0.613    -12.6     0.98
b/1.9*J_hi*tau6           report   42.9 ( 1.00)     0     13.3 ( 8.00)    0.9848    1.95 Hz z 0.415 ( 8.00)    2.07 (3.38)    0.613    -12.5     0.90
b/1.9*J_hi*tau6+h10       report   37.4 ( 1.00)     0     10.0 ( 7.75)    0.9846    2.02 Hz z 0.343 ( 8.00)    2.07 (3.38)    0.613    -12.7     1.04
b/1.9*J_hi2               report   42.4 ( 1.00)     0     18.1 ( 8.00)    0.9852    1.44 Hz z 0.311 (10.00)    2.07 (3.38)    0.613    -16.5     0.78
b/1.9*J_hi2+h10           report   38.1 ( 1.00)     0     14.0 ( 8.00)    0.9850    1.47 Hz z 0.274 (10.00)    2.07 (3.38)    0.613    -16.5     0.88
b/1.9*J_hi2*tau6          report   40.7 ( 1.00)     0     16.3 ( 8.00)    0.9851    1.45 Hz z 0.296 (10.00)    2.07 (3.38)    0.613    -16.5     0.82
b/1.9*J_hi2*tau6+h10      report   36.3 (10.00)     0     12.8 ( 8.00)    0.9850    1.48 Hz z 0.258 (10.00)    2.07 (3.38)    0.613    -16.5     0.93
b/1.9*J1.0                report   40.7 (10.00)     0     19.6 ( 8.00)    0.9855    1.31 Hz z 0.266 (10.00)    2.07 (3.38)    0.613    -18.3     0.69
b/1.9*J1.0+h10            report   36.1 (10.00)     0     15.5 ( 8.00)    0.9854    1.33 Hz z 0.236 (10.00)    2.07 (3.38)    0.613    -18.4     0.76
b/1.9*J1.0*tau6           report   38.8 (10.00)     0     17.8 ( 8.00)    0.9854    1.32 Hz z 0.254 (10.00)    2.07 (3.38)    0.613    -18.3     0.72
b/1.9*J1.0*tau6+h10       report   34.2 (10.00)     0     14.2 ( 8.00)    0.9853    1.33 Hz z 0.224 (10.00)    2.07 (3.38)    0.613    -18.4     0.79
b_q*J_hi*tau6             report   50.9 (27.00)     0     10.9 (27.00)    0.9858    2.75 Hz z 0.258 (17.50)    2.07 (3.38)    0.613    -10.3     0.96
b_q*J_hi*tau6+h10         report   43.2 (27.00)     0      7.7 (27.00)    0.9857    2.75 Hz z 0.204 (17.50)    2.07 (3.38)    0.613    -10.5     1.18
b_q*J_hi2                 report   43.4 (27.00)     0     13.7 (27.00)    0.9860    2.10 Hz z 0.208 (17.50)    2.07 (3.38)    0.613    -15.1     1.16
b_q*J_hi2+h10             report   36.8 (27.00)     0      9.4 (27.00)    0.9859    2.11 Hz z 0.170 (17.50)    2.07 (3.38)    0.613    -15.3     1.40
b_q*J_hi2*tau6            report   40.7 (27.00)     0     11.7 (27.00)    0.9860    2.11 Hz z 0.193 (17.50)    2.07 (3.38)    0.613    -15.1     1.24
b_q*J_hi2*tau6+h10        report   34.1 (27.00)     0      8.1 (27.00)    0.9859    2.12 Hz z 0.155 (17.50)    2.07 (3.38)    0.613    -15.4     1.53
b_q*J1.0*tau6             report   36.0 (15.50)     0     12.2 (27.00)    0.9862    1.88 Hz z 0.162 (17.50)    2.07 (3.38)    0.613    -17.4     1.39
b_q*J1.0*tau6+h10         report   30.0 (15.75)     1      8.4 (27.00)    0.9861    1.88 Hz z 0.130 (17.50)    2.07 (3.38)    0.613    -17.6     1.71
b_lo*J0.3                 report   47.1 ( 1.00)     0     12.1 ( 7.50)    0.9846    2.83 Hz z 0.436 ( 8.00)    2.07 (3.38)    0.613     -6.9     0.82
b_lo*J0.3+h10             report   39.6 ( 1.00)     0      8.4 ( 7.50)    0.9845    2.87 Hz z 0.334 ( 8.00)    2.07 (3.38)    0.613     -6.9     0.90
J1.3                      report   51.6 ( 1.00)     0     22.9 ( 8.00)    0.9843    0.96 Hz z 0.409 (11.90)    2.07 (3.38)    0.613    -22.0     0.38
b_lo*J1.3                 report   38.5 (11.90)     0     21.2 (18.50)    0.9859    1.06 Hz z 0.229 (11.90)    2.07 (3.38)    0.613    -20.7     0.57
b_q*J1.3                  report   31.3 (15.75)     0     15.0 (27.00)    0.9869    1.59 Hz z 0.136 (16.50)    2.07 (3.38)    0.613    -19.9     1.48
b_q*J1.3+h10              report   25.9 (15.75)    84     10.0 (27.00)    0.9892    1.65 Hz z 0.110 (17.50)    2.07 (3.38)    0.613    -20.0     1.79
tau10                     report   65.8 ( 1.00)     0     10.0 ( 1.00)    0.9799    3.91 Hz z 0.445 ( 8.00)    2.07 (3.38)    0.613     -4.3     0.63
b_lo*tau10                report   47.0 ( 1.00)     0      7.8 ( 6.75)    0.9844    3.77 Hz z 0.317 ( 8.00)    2.07 (3.38)    0.613     -2.1     0.74
light_b                   report    0.7 (27.00)   124      0.2 (27.00)    0.9988    4.09 Hz z 0.005 (27.00)    2.07 (3.38)    0.613     +4.4     1.20
b_q0                      report   59.3 (12.50)     0     10.6 (12.50)    0.9860    4.03 Hz z 0.338 (12.75)    2.07 (3.38)    0.613     -2.0     0.65
b_q0*J_hi                 report   42.6 (12.50)     0     12.7 (27.00)    0.9859    2.73 Hz z 0.280 (17.50)    2.07 (3.38)    0.613    -10.2     0.89
bq10*J1.0                 report   36.3 (10.00)     0     14.3 (27.00)    0.9863    1.88 Hz z 0.175 (17.50)    2.07 (3.38)    0.613    -17.3     1.30
bq10*J1.0+h10             report   31.6 (10.00)     0      9.8 (27.00)    0.9862    1.88 Hz z 0.143 (17.50)    2.07 (3.38)    0.613    -17.5     1.57
bq10*J1.0*tau6+h10        report   29.7 (10.00)     2      8.4 (27.00)    0.9861    1.88 Hz z 0.130 (17.50)    2.07 (3.38)    0.613    -17.6     1.71

======================================================================================================================================================
D3b: D3b = cascade: FRESH rate loop inside (gp-0x6abe via E1', fb 923/1560, Kp 46, Ki 12), angle outside   [42 s, 12600 points]  GATED FAILS: 0
member                    tier  min PM (v)      #<bar  min GM_exact (v)    max rho  least-damped low pole (v)     max M20 (V295)  max L20/V295  max T530 dB  max Tr1.6-3
nominal                   A        65.2 ( 1.00)     0     13.6 ( 8.00)    0.9892    4.04 Hz z 0.495 ( 8.00)    2.33 (3.38)    0.690     -3.2     0.76
J_lo                      A        75.9 ( 1.00)     0     12.9 ( 8.00)    0.9892    5.78 Hz z 0.487 ( 8.00)    2.33 (3.38)    0.690     -2.1     0.70
J_hi                      A        55.9 ( 1.00)     0     16.9 ( 8.00)    0.9893    2.13 Hz z 0.502 ( 8.00)    2.33 (3.38)    0.690    -11.2     0.86
b_lo                      A        47.6 ( 6.75)     0     11.2 ( 8.00)    0.9901    4.03 Hz z 0.355 ( 8.00)    2.33 (3.38)    0.690     -0.5     0.86
b_hi                      A        79.2 ( 1.00)     0     16.8 ( 8.00)    0.9876    4.09 Hz z 0.652 ( 8.00)    2.33 (3.38)    0.690     -6.6     0.62
tau0                      A        66.9 ( 1.00)     0     15.1 ( 8.00)    0.9892    4.03 Hz z 0.519 ( 8.00)    2.33 (3.38)    0.690     -3.5     0.76
tau6                      A        61.7 ( 1.00)     0     11.4 ( 8.00)    0.9892    4.04 Hz z 0.449 ( 8.00)    2.33 (3.38)    0.690     -2.6     0.78
mode13                    A        65.0 ( 1.00)     0     14.3 ( 8.00)    0.9892    4.04 Hz z 0.479 ( 8.00)    2.33 (3.38)    0.690     -3.5     0.76
mode20                    A        65.1 ( 1.00)     0     13.7 ( 8.00)    0.9892    4.04 Hz z 0.489 ( 8.00)    2.33 (3.38)    0.690     -3.3     0.76
ms_free                   A        47.7 (10.50)     0     14.8 ( 1.00)    0.9902    0.91 Hz z 0.265 (11.90)    2.33 (3.38)    0.690     -5.8     0.93
b_lo*J_hi                 B        41.1 ( 8.00)     0     14.9 ( 8.00)    0.9900    2.28 Hz z 0.338 ( 8.00)    2.33 (3.38)    0.689    -10.7     1.10
b_lo*tau6                 B        42.9 ( 7.75)     0      8.9 ( 8.00)    0.9901    4.02 Hz z 0.306 ( 8.00)    2.33 (3.38)    0.690     +0.2     0.88
J1.0                      B        55.8 ( 1.00)     0     21.0 ( 8.00)    0.9896    1.49 Hz z 0.444 ( 8.00)    2.33 (3.38)    0.689    -18.0     0.81
b_q                       B        65.2 ( 1.00)     0     12.7 (13.75)    0.9905    4.45 Hz z 0.354 (14.00)    2.33 (3.38)    0.689     -1.3     0.76
b_q*J_hi                  B        48.0 (26.90)     0     13.2 (26.90)    0.9904    2.89 Hz z 0.270 (17.50)    2.33 (3.38)    0.689     -8.7     1.04
b_q*J1.0                  B        35.1 (15.50)     0     14.6 (26.90)    0.9906    2.00 Hz z 0.178 (17.50)    2.33 (3.38)    0.689    -16.0     1.41
b_q*tau6                  B        60.7 (13.75)     0     10.4 (13.75)    0.9905    4.45 Hz z 0.311 (14.00)    2.33 (3.38)    0.689     -0.4     0.78
nominal+h10               B        63.0 ( 1.00)     0     14.2 ( 8.00)    0.9891    3.62 Hz z 0.517 ( 8.00)    1.83 (3.38)    0.540     -4.5     0.83
J_lo+h10                  B        74.3 ( 1.00)     0     13.8 ( 7.50)    0.9891    5.21 Hz z 0.530 ( 8.00)    1.83 (3.38)    0.540     -2.8     0.75
J_hi+h10                  B        52.9 ( 1.00)     0     16.9 ( 8.00)    0.9892    2.06 Hz z 0.455 ( 8.00)    1.83 (3.38)    0.540    -12.6     0.94
b_lo+h10                  B        46.3 ( 1.00)     0     11.5 ( 8.00)    0.9900    3.70 Hz z 0.352 ( 8.00)    1.83 (3.38)    0.540     -2.0     0.93
b_hi+h10                  B        75.6 ( 1.00)     0     17.5 ( 8.00)    0.9875    3.60 Hz z 0.700 ( 8.00)    1.83 (3.38)    0.540     -7.7     0.67
tau0+h10                  B        64.6 ( 1.00)     0     15.6 ( 8.00)    0.9892    3.60 Hz z 0.540 ( 8.00)    1.83 (3.38)    0.540     -4.7     0.81
tau6+h10                  B        59.8 ( 1.00)     0     11.9 ( 8.00)    0.9891    3.64 Hz z 0.472 ( 8.00)    1.83 (3.38)    0.540     -4.0     0.85
mode13+h10                B        62.9 ( 1.00)     0     14.6 ( 8.00)    0.9891    3.63 Hz z 0.502 ( 8.00)    1.83 (3.38)    0.540     -4.7     0.83
mode20+h10                B        63.0 ( 1.00)     0     14.2 ( 8.00)    0.9891    3.62 Hz z 0.511 ( 8.00)    1.83 (3.38)    0.540     -4.6     0.83
ms_free+h10               B        45.8 (10.50)     0     15.2 ( 1.00)    0.9902    0.91 Hz z 0.251 (11.90)    1.83 (3.38)    0.540     -7.1     1.02
b_lo*J_hi+h10             B        38.0 ( 8.00)     0     14.6 ( 8.00)    0.9899    2.20 Hz z 0.296 ( 8.00)    1.83 (3.38)    0.540    -12.1     1.25
b_lo*tau6+h10             B        42.2 ( 6.75)     0      9.2 ( 8.00)    0.9900    3.70 Hz z 0.306 ( 8.00)    1.83 (3.38)    0.540     -1.6     0.95
J1.0+h10                  B        53.1 ( 1.00)     0     20.6 ( 8.00)    0.9895    1.48 Hz z 0.407 ( 8.00)    1.83 (3.38)    0.540    -19.3     0.88
b_q+h10                   B        63.0 ( 1.00)     0     12.7 (26.90)    0.9905    4.22 Hz z 0.363 (14.00)    1.83 (3.38)    0.540     -2.3     0.83
b_q*J_hi+h10              B        44.3 (26.90)     0     11.9 (26.90)    0.9904    2.79 Hz z 0.246 (17.50)    1.83 (3.38)    0.540    -10.4     1.23
b_q*J1.0+h10              B        32.6 (15.50)     0     12.0 (26.90)    0.9905    1.96 Hz z 0.154 (17.50)    1.83 (3.38)    0.540    -17.5     1.68
b_q*tau6+h10              B        59.8 ( 1.00)     0     10.6 (26.90)    0.9905    4.23 Hz z 0.322 (14.00)    1.83 (3.38)    0.540     -1.6     0.85
J_hi*tau6                 report   53.6 ( 1.00)     0     14.6 ( 8.00)    0.9892    2.18 Hz z 0.470 ( 8.00)    2.33 (3.38)    0.690    -11.1     0.89
J_hi*tau6+h10             report   50.6 ( 1.00)     0     14.6 ( 8.00)    0.9892    2.09 Hz z 0.427 ( 8.00)    1.83 (3.38)    0.540    -12.5     0.98
J_hi2                     report   55.2 ( 1.00)     0     19.5 ( 8.00)    0.9894    1.65 Hz z 0.459 ( 8.00)    2.33 (3.38)    0.689    -15.9     0.87
J_hi2+h10                 report   52.3 ( 1.00)     0     19.3 ( 8.00)    0.9893    1.63 Hz z 0.417 ( 8.00)    1.83 (3.38)    0.540    -17.1     0.95
J_hi2*tau6                report   53.5 ( 1.00)     0     17.2 ( 8.00)    0.9894    1.68 Hz z 0.438 ( 8.00)    2.33 (3.38)    0.689    -15.8     0.91
J_hi2*tau6+h10            report   50.6 ( 1.00)     0     16.9 ( 8.00)    0.9893    1.65 Hz z 0.398 ( 8.00)    1.83 (3.38)    0.540    -17.1     0.99
J1.0*tau6                 report   54.3 ( 1.00)     0     18.6 ( 8.00)    0.9895    1.50 Hz z 0.427 ( 8.00)    2.33 (3.38)    0.689    -18.0     0.85
J1.0*tau6+h10             report   51.6 ( 1.00)     0     18.2 ( 8.00)    0.9895    1.49 Hz z 0.391 ( 8.00)    1.83 (3.38)    0.540    -19.3     0.92
b_lo*J_hi*tau6            report   38.0 ( 8.00)     0     12.5 ( 8.00)    0.9900    2.30 Hz z 0.309 ( 8.00)    2.33 (3.38)    0.689    -10.7     1.16
b_lo*J_hi*tau6+h10        report   35.1 ( 8.00)     0     12.2 ( 8.00)    0.9899    2.22 Hz z 0.270 ( 8.00)    1.83 (3.38)    0.540    -12.1     1.35
b_lo*J_hi2                report   40.7 ( 8.00)     0     17.8 ( 8.00)    0.9901    1.78 Hz z 0.308 ( 8.00)    2.33 (3.38)    0.689    -15.3     1.18
b_lo*J_hi2+h10            report   37.5 ( 8.00)     0     17.2 ( 8.00)    0.9900    1.75 Hz z 0.270 ( 8.00)    1.83 (3.38)    0.540    -16.8     1.35
b_lo*J_hi2*tau6           report   38.2 ( 8.00)     0     15.2 ( 8.00)    0.9901    1.80 Hz z 0.287 ( 8.00)    2.33 (3.38)    0.689    -15.3     1.25
b_lo*J_hi2*tau6+h10       report   35.2 ( 8.00)     0     14.6 ( 8.00)    0.9900    1.76 Hz z 0.251 ( 8.00)    1.83 (3.38)    0.540    -16.8     1.44
b_lo*J1.0                 report   41.4 (10.00)     0     19.2 ( 8.00)    0.9902    1.43 Hz z 0.289 (10.00)    2.33 (3.38)    0.689    -17.2     1.17
b_lo*J1.0+h10             report   38.5 ( 8.00)     0     18.5 ( 8.00)    0.9901    1.41 Hz z 0.263 (10.00)    1.83 (3.38)    0.540    -18.6     1.32
b_lo*J1.0*tau6            report   39.3 ( 8.00)     0     16.7 ( 8.00)    0.9902    1.44 Hz z 0.275 (10.00)    2.33 (3.38)    0.689    -17.1     1.24
b_lo*J1.0*tau6+h10        report   36.3 ( 8.00)     0     15.9 ( 8.00)    0.9901    1.59 Hz z 0.247 ( 8.00)    1.83 (3.38)    0.540    -18.6     1.40
b/1.9                     report   47.6 ( 6.75)     0     11.1 ( 8.00)    0.9901    4.03 Hz z 0.355 ( 8.00)    2.33 (3.38)    0.690     -0.5     0.86
b/1.9+h10                 report   46.3 ( 1.00)     0     11.4 ( 8.00)    0.9901    3.70 Hz z 0.352 ( 8.00)    1.83 (3.38)    0.540     -2.0     0.93
b/1.9*tau6                report   42.9 ( 7.75)     0      8.9 ( 8.00)    0.9901    4.02 Hz z 0.306 ( 8.00)    2.33 (3.38)    0.690     +0.2     0.88
b/1.9*tau6+h10            report   42.2 ( 6.75)     0      9.2 ( 8.00)    0.9900    3.70 Hz z 0.306 ( 8.00)    1.83 (3.38)    0.540     -1.6     0.95
b/1.9*J_hi                report   41.1 ( 8.00)     0     14.9 ( 8.00)    0.9900    2.28 Hz z 0.338 ( 8.00)    2.33 (3.38)    0.689    -10.7     1.10
b/1.9*J_hi+h10            report   38.0 ( 8.00)     0     14.6 ( 8.00)    0.9900    2.20 Hz z 0.296 ( 8.00)    1.83 (3.38)    0.540    -12.1     1.25
b/1.9*J_hi*tau6           report   38.0 ( 8.00)     0     12.5 ( 8.00)    0.9900    2.30 Hz z 0.309 ( 8.00)    2.33 (3.38)    0.689    -10.7     1.16
b/1.9*J_hi*tau6+h10       report   35.1 ( 8.00)     0     12.2 ( 8.00)    0.9900    2.22 Hz z 0.270 ( 8.00)    1.83 (3.38)    0.540    -12.1     1.35
b/1.9*J_hi2               report   40.7 ( 8.00)     0     17.8 ( 8.00)    0.9901    1.78 Hz z 0.308 ( 8.00)    2.33 (3.38)    0.689    -15.2     1.18
b/1.9*J_hi2+h10           report   37.5 ( 8.00)     0     17.2 ( 8.00)    0.9901    1.75 Hz z 0.270 ( 8.00)    1.83 (3.38)    0.540    -16.6     1.35
b/1.9*J_hi2*tau6          report   38.2 ( 8.00)     0     15.2 ( 8.00)    0.9901    1.80 Hz z 0.287 ( 8.00)    2.33 (3.38)    0.689    -15.1     1.25
b/1.9*J_hi2*tau6+h10      report   35.2 ( 8.00)     0     14.6 ( 8.00)    0.9900    1.76 Hz z 0.251 ( 8.00)    1.83 (3.38)    0.540    -16.6     1.44
b/1.9*J1.0                report   39.6 (10.00)     0     19.2 ( 8.00)    0.9902    1.43 Hz z 0.275 (10.00)    2.33 (3.38)    0.689    -17.0     1.17
b/1.9*J1.0+h10            report   37.3 (10.00)     0     18.5 ( 8.00)    0.9902    1.42 Hz z 0.249 (10.00)    1.83 (3.38)    0.540    -18.5     1.32
b/1.9*J1.0*tau6           report   37.5 (10.00)     0     16.7 ( 8.00)    0.9902    1.44 Hz z 0.261 (10.00)    2.33 (3.38)    0.689    -17.0     1.24
b/1.9*J1.0*tau6+h10       report   35.3 (10.00)     0     15.9 ( 8.00)    0.9902    1.43 Hz z 0.236 (10.00)    1.83 (3.38)    0.540    -18.5     1.40
b_q*J_hi*tau6             report   44.5 (26.90)     0     10.9 (26.90)    0.9904    2.90 Hz z 0.246 (17.50)    2.33 (3.38)    0.689     -8.7     1.13
b_q*J_hi*tau6+h10         report   40.9 (26.90)     0      9.8 (26.90)    0.9903    2.80 Hz z 0.224 (17.50)    1.83 (3.38)    0.540    -10.4     1.36
b_q*J_hi2                 report   39.2 (15.50)     0     14.0 (26.90)    0.9905    2.24 Hz z 0.206 (17.50)    2.33 (3.38)    0.689    -13.7     1.29
b_q*J_hi2+h10             report   35.9 (26.90)     0     11.8 (26.90)    0.9904    2.19 Hz z 0.181 (17.50)    1.83 (3.38)    0.540    -15.3     1.55
b_q*J_hi2*tau6            report   36.4 (15.50)     0     11.6 (26.90)    0.9904    2.24 Hz z 0.189 (17.50)    2.33 (3.38)    0.689    -13.7     1.41
b_q*J_hi2*tau6+h10        report   33.0 (26.90)     0      9.7 (26.90)    0.9904    2.20 Hz z 0.165 (17.50)    1.83 (3.38)    0.540    -15.3     1.71
b_q*J1.0*tau6             report   32.6 (15.50)     0     12.1 (26.90)    0.9905    2.00 Hz z 0.163 (17.50)    2.33 (3.38)    0.689    -16.0     1.53
b_q*J1.0*tau6+h10         report   30.1 (15.75)     0      9.8 (26.90)    0.9905    1.97 Hz z 0.140 (17.50)    1.83 (3.38)    0.540    -17.6     1.85
b_lo*J0.3                 report   41.6 ( 8.00)     0     12.2 ( 8.00)    0.9901    3.11 Hz z 0.345 ( 8.00)    2.33 (3.38)    0.689     -4.8     0.98
b_lo*J0.3+h10             report   39.3 ( 7.50)     0     12.2 ( 8.00)    0.9900    2.91 Hz z 0.316 ( 8.00)    1.83 (3.38)    0.540     -6.4     1.10
J1.3                      report   57.1 ( 1.00)     0     22.7 ( 8.00)    0.9898    1.04 Hz z 0.422 (11.90)    2.33 (3.38)    0.689    -20.5     0.69
b_lo*J1.3                 report   39.3 (10.00)     0     21.1 ( 8.00)    0.9904    1.28 Hz z 0.250 (10.00)    2.33 (3.38)    0.689    -19.4     1.01
b_q*J1.3                  report   29.8 (15.75)     2     15.3 (26.90)    0.9907    1.74 Hz z 0.145 (17.00)    2.33 (3.38)    0.689    -18.6     1.57
b_q*J1.3+h10              report   26.9 (15.75)    37     12.2 (26.90)    0.9906    1.73 Hz z 0.124 (17.50)    1.83 (3.38)    0.540    -20.1     1.86
tau10                     report   58.3 ( 1.00)     0      9.7 ( 7.50)    0.9892    4.01 Hz z 0.404 ( 8.00)    2.33 (3.38)    0.690     -2.1     0.80
b_lo*tau10                report   38.2 ( 8.00)     0      7.2 ( 8.00)    0.9900    3.98 Hz z 0.260 ( 8.00)    2.33 (3.38)    0.690     +0.6     0.89
light_b                   report    1.4 (26.90)   124      0.5 (26.90)    0.9974    4.37 Hz z 0.010 (26.90)    2.33 (3.38)    0.689     +8.5     1.37
b_q0                      report   56.2 (12.50)     0     12.2 (12.50)    0.9905    4.32 Hz z 0.353 (13.25)    2.33 (3.38)    0.689     -1.1     0.76
b_q0*J_hi                 report   41.7 (12.50)     0     13.2 (26.90)    0.9904    2.89 Hz z 0.270 (17.50)    2.33 (3.38)    0.689     -8.7     1.04
bq10*J1.0                 report   35.1 (15.50)     0     14.6 (26.90)    0.9906    2.00 Hz z 0.178 (17.50)    2.33 (3.38)    0.689    -16.0     1.41
bq10*J1.0+h10             report   32.6 (15.50)     0     11.9 (26.90)    0.9905    1.96 Hz z 0.154 (17.50)    1.83 (3.38)    0.540    -17.5     1.68
bq10*J1.0*tau6+h10        report   30.1 (15.75)     0      9.8 (26.90)    0.9905    1.97 Hz z 0.140 (17.50)    1.83 (3.38)    0.540    -17.6     1.85
