v293r5_design_pred -- rate loop on a MODEL-PREDICTED rate: shortlist x worlds x speeds.  Kp 1.2 notch Q1 DOB .8 Ki .3 flat unless named.

======================================================================================================================================================
WORLD mode (b .0006, J 1e-4) | hold NEED x1.0
  cfg                            v | T3 pkpk | T5 stiction rms e, pk rate, dwells, max|e| | T7 step t50 t90 ov pk-rate windup past tail | T8 HARD TURN mode-rms bursts max|e|hold ov rms-e damp
  R4-flown                       6 |   1.84  |  0.033    11.7   1  0.063                 |  0.47  0.56 +0.33   56.1 +0.0348  +3.88  0.004 |   5.08   4  0.264 +0.106  0.333  0.84
  R4-flown                       8 |   1.53  |  0.039     6.9   1  0.074                 |  0.49  0.57 +0.27   33.9 +0.0301  +1.82  0.004 |   3.62   2  0.217 +0.087  0.313  0.72
  R4-flown                      12 |   0.15  |  0.040     4.1   0  0.084                 |  0.49  0.55 +0.31   19.3 +0.0270  +0.97  0.005 |   2.58   2  0.238 +0.095  0.298  0.67
  R4-flown                      19 |   0.48  |  0.045     3.5   0  0.105                 |  0.54  0.60 +0.34    9.1 +0.0272  +0.48  0.004 |   2.22   1  0.206 +0.083  0.312  0.65
  R4-flown                      26 |   0.29  |  0.048     3.6   0  0.113                 |  0.55  0.61 +0.34    6.0 +0.0256  +0.31  0.003 |   2.48   0  0.169 +0.068  0.298  0.57
  R5 base (rc.03 Kv6e-4)         6 |   0.52  |  0.031    15.2   1  0.060                 |  0.46  0.55 +0.30   58.3 +0.0356  +3.45  0.003 |   7.19   2  0.060 +0.021  0.439  0.77
  R5 base (rc.03 Kv6e-4)         8 |   0.64  |  0.030    10.3   1  0.067                 |  0.47  0.55 +0.32   37.1 +0.0315  +2.15  0.004 |   4.89   2  0.020 +0.008  0.398  0.67
  R5 base (rc.03 Kv6e-4)        12 |   0.61  |  0.036     6.2   1  0.075                 |  0.48  0.54 +0.31   21.3 +0.0272  +0.97  0.004 |   6.40   3  0.141 +0.029  0.437  0.82
  R5 base (rc.03 Kv6e-4)        19 |   0.32  |  0.034     4.1   0  0.092                 |  0.52  0.57 +0.35   11.0 +0.0284  +0.50  0.001 |   5.57   0  0.104 +0.044  0.395  0.66
  R5 base (rc.03 Kv6e-4)        26 |   0.51  |  0.033     3.2   0  0.097                 |  0.52  0.57 +0.40    7.7 +0.0265  +0.36  0.007 |   4.81   0  0.097 +0.056  0.375  0.68
  R5 rc.01                       6 |   0.49  |  0.031    14.6   1  0.059                 |  0.46  0.55 +0.27   56.5 +0.0368  +3.19  0.002 |   6.33   2  0.061 +0.023  0.438  0.75
  R5 rc.01                       8 |   0.82  |  0.031     9.9   1  0.067                 |  0.47  0.55 +0.29   35.8 +0.0301  +1.97  0.012 |   4.33   2  0.022 +0.009  0.398  0.68
  R5 rc.01                      12 |   0.66  |  0.036     5.9   1  0.075                 |  0.47  0.54 +0.27   20.6 +0.0275  +0.85  0.003 |   5.03   3  0.151 +0.029  0.437  0.78
  R5 rc.01                      19 |   0.29  |  0.033     4.0   0  0.092                 |  0.52  0.57 +0.35   10.8 +0.0286  +0.49  0.003 |   5.22   0  0.093 +0.039  0.393  0.71
  R5 rc.01                      26 |   0.26  |  0.033     3.3   0  0.097                 |  0.52  0.57 +0.40    7.6 +0.0265  +0.36  0.006 |   4.82   0  0.077 +0.043  0.374  0.71
  R5 rc.01 Kv1e-3                6 |   0.70  |  0.031    12.8   1  0.057                 |  0.45  0.55 +0.19   52.5 +0.0380  +2.21  0.001 |   5.77   2  0.098 +0.024  0.444  0.73
  R5 rc.01 Kv1e-3                8 |   0.55  |  0.030     8.5   1  0.065                 |  0.46  0.55 +0.21   33.4 +0.0312  +1.40  0.005 |   3.94   2  0.034 +0.014  0.402  0.66
  R5 rc.01 Kv1e-3               12 |   0.33  |  0.036     5.3   1  0.073                 |  0.47  0.53 +0.18   19.3 +0.0279  +0.56  0.003 |   3.62   3  0.162 +0.023  0.438  0.85
  R5 rc.01 Kv1e-3               19 |   0.12  |  0.033     3.7   0  0.091                 |  0.51  0.57 +0.30   10.7 +0.0296  +0.43  0.004 |   3.94   0  0.066 +0.026  0.387  0.84
  R5 rc.01 Kv1e-3               26 |   0.18  |  0.032     3.2   0  0.097                 |  0.52  0.57 +0.38    7.5 +0.0270  +0.34  0.002 |   4.31   0  0.049 +0.020  0.368  0.87
  R5 pred.06 Kv6e-4              6 |   0.34  |  0.033    16.1   1  0.064                 |  0.48  0.56 +0.41   59.4 +0.0345  +4.77  0.003 |   5.48   3  0.064 +0.026  0.412  0.72
  R5 pred.06 Kv6e-4              8 |   0.61  |  0.034    10.8   1  0.073                 |  0.49  0.57 +0.40   36.4 +0.0291  +2.69  0.005 |   3.56   3  0.097 +0.039  0.381  0.62
  R5 pred.06 Kv6e-4             12 |   0.52  |  0.039     6.6   1  0.080                 |  0.49  0.55 +0.45   21.8 +0.0279  +1.40  0.002 |   5.92   4  0.286 +0.025  0.412  0.71
  R5 pred.06 Kv6e-4             19 |   1.05  |  0.035     4.2   0  0.096                 |  0.53  0.59 +0.39   10.5 +0.0280  +0.56  0.006 |   4.24   1  0.228 +0.091  0.379  0.55
  R5 pred.06 Kv6e-4             26 | 283.48  |  0.034     3.3   0  0.100                 |  0.53  0.58 +0.41    7.4 +0.0264  +0.36  0.008 |   4.72   0  0.365 +0.137  0.392  0.51
  R5 pred.06 Kv1e-3              6 |   0.60  |  0.034    14.8   1  0.064                 |  0.48  0.56 +0.38   57.7 +0.0329  +4.45  0.002 |   5.23   3  0.058 +0.023  0.398  0.70
  R5 pred.06 Kv1e-3              8 |   0.51  |  0.036     9.7   1  0.075                 |  0.50  0.57 +0.35   34.7 +0.0293  +2.32  0.011 |   3.59   2  0.090 +0.036  0.364  0.63
  R5 pred.06 Kv1e-3             12 |   0.47  |  0.041     6.2   1  0.081                 |  0.49  0.55 +0.43   21.4 +0.0278  +1.35  0.001 |   5.23   4  0.246 +0.016  0.397  0.71
  R5 pred.06 Kv1e-3             19 |   0.64  |  0.037     4.0   0  0.098                 |  0.53  0.59 +0.39   10.1 +0.0277  +0.56  0.006 |   4.08   1  0.175 +0.070  0.377  0.69
  R5 pred.06 Kv1e-3             26 | 178.89  |  0.035     3.3   0  0.102                 |  0.54  0.59 +0.40    7.2 +0.0261  +0.35  0.008 |   4.44   0  0.282 +0.123  0.375  0.56
  R5 pred.06 Kv1.5e-3            6 |   1.21  |  0.035    13.6   1  0.065                 |  0.48  0.56 +0.36   56.2 +0.0341  +4.17  0.002 |   5.01   3  0.062 +0.025  0.381  0.63
  R5 pred.06 Kv1.5e-3            8 |   0.64  |  0.039     8.7   1  0.077                 |  0.50  0.58 +0.30   33.1 +0.0280  +2.02  0.004 |   3.53   2  0.091 +0.036  0.349  0.68
  R5 pred.06 Kv1.5e-3           12 |   0.29  |  0.043     5.8   1  0.083                 |  0.49  0.55 +0.42   20.9 +0.0278  +1.31  0.004 |   4.28   4  0.147 +0.009  0.373  0.72
  R5 pred.06 Kv1.5e-3           19 |   0.22  |  0.038     3.8   0  0.100                 |  0.54  0.60 +0.31    9.7 +0.0273  +0.44  0.006 |   3.97   1  0.146 +0.058  0.367  0.73
  R5 pred.06 Kv1.5e-3           26 |   2.60  |  0.035     3.2   0  0.103                 |  0.54  0.59 +0.37    6.9 +0.0258  +0.33  0.007 |   4.38   0  0.297 +0.129  0.371  0.56
  R5 pred.06 Kv1e-3 F.012        6 |   0.72  |  0.030    15.2   1  0.060                 |  0.47  0.55 +0.43   58.6 +0.0337  +5.03  0.003 |   5.07   3  0.068 +0.027  0.393  0.69
  R5 pred.06 Kv1e-3 F.012        8 |   0.79  |  0.031    10.0   1  0.068                 |  0.48  0.56 +0.43   35.7 +0.0295  +2.86  0.006 |   3.37   2  0.105 +0.042  0.361  0.59
  R5 pred.06 Kv1e-3 F.012       12 |   0.48  |  0.035     6.4   1  0.075                 |  0.48  0.54 +0.50   21.8 +0.0269  +1.56  0.003 |   5.23   4  0.240 +0.026  0.388  0.68
  R5 pred.06 Kv1e-3 F.012       19 |   0.45  |  0.033     4.1   0  0.093                 |  0.52  0.57 +0.42   10.7 +0.0280  +0.60  0.006 |   4.00   1  0.209 +0.084  0.371  0.59
  R5 pred.06 Kv1e-3 F.012       26 | 462.03  |  0.033     3.1   0  0.098                 |  0.53  0.57 +0.49    7.5 +0.0261  +0.44  0.007 |   4.54   0  0.297 +0.121  0.375  0.51
  R5 pred.09 Kv1e-3              6 |   0.69  |  0.034    15.4   1  0.065                 |  0.48  0.56 +0.44   59.2 +0.0322  +5.10  0.001 |   5.15   3  0.092 +0.037  0.389  0.70
  R5 pred.09 Kv1e-3              8 |   0.48  |  0.037    10.1   1  0.076                 |  0.50  0.58 +0.39   35.4 +0.0285  +2.65  0.005 |   3.45   3  0.122 +0.049  0.358  0.62
  R5 pred.09 Kv1e-3             12 |   0.51  |  0.041     6.3   1  0.081                 |  0.49  0.55 +0.46   21.7 +0.0279  +1.45  0.003 |   5.45   4  0.219 +0.009  0.395  0.71
  R5 pred.09 Kv1e-3             19 |   0.57  |  0.036     4.1   0  0.098                 |  0.53  0.59 +0.39   10.3 +0.0278  +0.56  0.006 |   4.12   1  0.207 +0.083  0.376  0.60
  R5 pred.09 Kv1e-3             26 |  16.54  |  0.034     3.2   0  0.101                 |  0.54  0.59 +0.42    7.3 +0.0262  +0.38  0.009 |   4.52   0  0.331 +0.127  0.378  0.50
  R5 pred.06 Kv1e-3 bmode        6 |   1.39  |  0.032    13.7   1  0.067                 |  0.49  0.59 +0.31   50.0 +0.0334  +3.64  0.006 |   4.10   3  0.262 +0.105  0.353  0.78
  R5 pred.06 Kv1e-3 bmode        8 |   0.17  |  0.036     8.8   1  0.078                 |  0.51  0.61 +0.28   29.6 +0.0274  +1.87  0.005 |   2.95   2  0.253 +0.101  0.329  0.58
  R5 pred.06 Kv1e-3 bmode       12 |   0.80  |  0.041     4.9   0  0.090                 |  0.52  0.61 +0.27   16.0 +0.0281  +0.85  0.004 |   2.01   2  0.351 +0.141  0.301  0.48
  R5 pred.06 Kv1e-3 bmode       19 |   0.40  |  0.046     3.5   0  0.106                 |  0.56  0.64 +0.35    7.7 +0.0258  +0.50  0.006 |   1.69   0  0.297 +0.119  0.313  0.37
  R5 pred.06 Kv1e-3 bmode       26 |   0.52  |  0.036     3.6   0  0.109                 |  0.56  0.63 +0.45    5.7 +0.0254  +0.40  0.003 |   2.60   0  0.276 +0.110  0.301  0.29
  R5 pred.06 Kv1e-3 noDOB        6 |   0.65  |  0.037    12.5   1  0.068                 |  0.48  0.57 +0.43   55.9 +0.0325  +4.98  0.003 |   4.35   4  0.275 +0.110  0.306  0.51
  R5 pred.06 Kv1e-3 noDOB        8 |   1.23  |  0.045     7.4   1  0.083                 |  0.50  0.59 +0.31   32.0 +0.0284  +2.05  0.004 |   3.22   2  0.215 +0.086  0.291  0.49
  R5 pred.06 Kv1e-3 noDOB       12 |   0.83  |  0.044     4.6   0  0.091                 |  0.50  0.56 +0.44   19.8 +0.0267  +1.39  0.008 |   3.19   5  0.413 +0.165  0.317  0.37
  R5 pred.06 Kv1e-3 noDOB       19 |   0.50  |  0.047     3.5   0  0.108                 |  0.54  0.61 +0.35    9.1 +0.0267  +0.50  0.007 |   2.87   1  0.262 +0.118  0.324  0.47
  R5 pred.06 Kv1e-3 noDOB       26 |   0.21  |  0.035     3.5   0  0.112                 |  0.55  0.60 +0.46    6.4 +0.0262  +0.41  0.005 |   3.06   0  0.276 +0.111  0.304  0.33

======================================================================================================================================================
WORLD mode (b .0006, J 1e-4) | hold NEED x1.5
  cfg                            v | T3 pkpk | T5 stiction rms e, pk rate, dwells, max|e| | T7 step t50 t90 ov pk-rate windup past tail | T8 HARD TURN mode-rms bursts max|e|hold ov rms-e damp
  R4-flown                       6 |   1.82  |  0.070     9.9   1  0.093                 |  0.48  0.58 +0.07   48.0 +0.0348  +0.85  0.015 |   5.22   2  0.212 -0.049  0.419  0.68
  R4-flown                       8 |   1.38  |  0.076     5.7   1  0.098                 |  0.49  0.60 +0.01   29.0 +0.0301  +0.09  0.014 |   3.57   2  0.249 -0.080  0.418  0.57
  R4-flown                      12 |   0.23  |  0.065     3.5   0  0.084                 |  0.50  0.59 +0.00   16.1 +0.0270  +0.00  0.006 |   2.39   2  0.173 -0.039  0.411  0.49
  R4-flown                      19 |   0.35  |  0.054     3.5   0  0.105                 |  0.55  0.70 +0.08    7.7 +0.0272  +0.12  0.001 |   2.12   0  0.066 +0.004  0.393  0.51
  R4-flown                      26 |   0.07  |  0.056     3.6   0  0.113                 |  0.56  0.72 +0.10    4.9 +0.0256  +0.09  0.001 |   1.88   0  0.114 +0.003  0.405  0.35
  R5 base (rc.03 Kv6e-4)         6 |   1.03  |  0.037    13.1   1  0.060                 |  0.47  0.57 +0.08   50.3 +0.0356  +0.95  0.003 |   8.19   2  0.124 +0.035  0.483  0.54
  R5 base (rc.03 Kv6e-4)         8 |   0.51  |  0.037     8.7   1  0.067                 |  0.48  0.57 +0.09   32.0 +0.0315  +0.57  0.004 |   4.70   2  0.071 +0.028  0.451  0.55
  R5 base (rc.03 Kv6e-4)        12 |   0.84  |  0.043     5.1   1  0.075                 |  0.48  0.56 +0.03   17.8 +0.0272  +0.09  0.003 |   6.17   3  0.239 +0.041  0.503  0.64
  R5 base (rc.03 Kv6e-4)        19 |   0.18  |  0.039     3.4   0  0.092                 |  0.52  0.59 +0.09    9.3 +0.0284  +0.12  0.003 |   4.25   0  0.143 +0.049  0.459  0.61
  R5 base (rc.03 Kv6e-4)        26 |   0.10  |  0.037     3.3   0  0.097                 |  0.53  0.59 +0.21    6.3 +0.0265  +0.19  0.003 |   3.01   0  0.124 +0.036  0.443  0.56
  R5 rc.01                       6 |   0.67  |  0.037    12.5   1  0.060                 |  0.47  0.57 +0.06   48.9 +0.0368  +0.75  0.004 |   7.14   2  0.125 +0.034  0.483  0.56
  R5 rc.01                       8 |   0.49  |  0.037     8.4   1  0.067                 |  0.48  0.57 +0.07   31.0 +0.0301  +0.48  0.003 |   4.08   2  0.078 +0.031  0.450  0.55
  R5 rc.01                      12 |   0.77  |  0.043     4.9   0  0.075                 |  0.48  0.56 +0.02   17.3 +0.0275  +0.08  0.003 |   4.98   3  0.239 +0.042  0.503  0.65
  R5 rc.01                      19 |   0.19  |  0.039     3.5   0  0.092                 |  0.52  0.59 +0.10    9.1 +0.0286  +0.15  0.003 |   4.12   0  0.135 +0.049  0.461  0.58
  R5 rc.01                      26 |   0.11  |  0.037     3.4   0  0.097                 |  0.53  0.59 +0.17    6.2 +0.0265  +0.15  0.003 |   2.74   0  0.126 +0.038  0.442  0.58
  R5 rc.01 Kv1e-3                6 |   0.93  |  0.037    11.2   1  0.057                 |  0.46  0.57 +0.04   45.7 +0.0380  +0.44  0.004 |   5.88   2  0.164 +0.035  0.489  0.51
  R5 rc.01 Kv1e-3                8 |   0.27  |  0.037     7.4   1  0.065                 |  0.47  0.58 +0.03   29.0 +0.0312  +0.22  0.003 |   3.68   2  0.098 +0.028  0.454  0.54
  R5 rc.01 Kv1e-3               12 |   0.51  |  0.043     4.5   0  0.073                 |  0.47  0.57 +0.05   16.4 +0.0279  +0.17  0.004 |   3.29   2  0.247 +0.036  0.502  0.65
  R5 rc.01 Kv1e-3               19 |   0.19  |  0.043     3.6   0  0.091                 |  0.52  0.59 +0.09    9.1 +0.0296  +0.12  0.003 |   3.06   0  0.139 +0.050  0.459  0.60
  R5 rc.01 Kv1e-3               26 |   0.07  |  0.037     3.4   0  0.097                 |  0.53  0.59 +0.18    6.2 +0.0270  +0.16  0.003 |   2.24   0  0.128 +0.036  0.442  0.60
  R5 pred.06 Kv6e-4              6 |   0.91  |  0.049    13.1   1  0.064                 |  0.49  0.58 +0.13   50.6 +0.0345  +1.47  0.005 |   7.24   2  0.143 -0.006  0.458  0.62
  R5 pred.06 Kv6e-4              8 |   0.77  |  0.050     8.6   1  0.073                 |  0.50  0.59 +0.10   31.0 +0.0291  +0.67  0.004 |   3.64   2  0.119 -0.016  0.434  0.54
  R5 pred.06 Kv6e-4             12 |   0.34  |  0.052     5.2   1  0.080                 |  0.50  0.57 +0.09   17.9 +0.0279  +0.29  0.002 |   6.95   4  0.221 -0.000  0.477  0.66
  R5 pred.06 Kv6e-4             19 |   0.26  |  0.044     3.4   0  0.096                 |  0.54  0.61 +0.11    8.7 +0.0280  +0.15  0.001 |   5.04   0  0.133 +0.029  0.455  0.56
  R5 pred.06 Kv6e-4             26 |   0.14  |  0.039     3.3   0  0.100                 |  0.54  0.61 +0.16    6.0 +0.0264  +0.14  0.002 |   3.78   0  0.132 +0.027  0.440  0.50
  R5 pred.06 Kv1e-3              6 |   1.15  |  0.059    12.0   1  0.079                 |  0.49  0.59 +0.10   49.3 +0.0329  +1.16  0.010 |   6.35   2  0.203 -0.035  0.452  0.69
  R5 pred.06 Kv1e-3              8 |   1.09  |  0.060     7.7   1  0.077                 |  0.50  0.60 +0.05   29.6 +0.0293  +0.35  0.008 |   3.57   2  0.185 -0.046  0.429  0.56
  R5 pred.06 Kv1e-3             12 |   0.19  |  0.059     4.8   0  0.081                 |  0.50  0.57 +0.07   17.6 +0.0278  +0.24  0.004 |   6.19   4  0.278 -0.034  0.467  0.66
  R5 pred.06 Kv1e-3             19 |   0.24  |  0.046     3.4   0  0.098                 |  0.54  0.62 +0.06    8.4 +0.0277  +0.08  0.001 |   5.01   0  0.146 +0.012  0.448  0.55
  R5 pred.06 Kv1e-3             26 |   0.11  |  0.041     3.3   0  0.102                 |  0.54  0.61 +0.20    5.8 +0.0261  +0.18  0.001 |   3.81   0  0.168 +0.018  0.438  0.51
  R5 pred.06 Kv1.5e-3            6 |   2.05  |  0.070    10.9   1  0.096                 |  0.48  0.59 +0.08   48.0 +0.0341  +0.88  0.015 |   5.66   2  0.280 -0.068  0.448  0.66
  R5 pred.06 Kv1.5e-3            8 |   1.23  |  0.073     6.8   1  0.097                 |  0.50  0.61 +0.01   28.3 +0.0280  +0.04  0.012 |   3.49   2  0.261 -0.089  0.428  0.60
  R5 pred.06 Kv1.5e-3           12 |   0.58  |  0.068     4.4   0  0.089                 |  0.50  0.58 +0.06   17.2 +0.0278  +0.18  0.008 |   5.25   4  0.343 -0.065  0.458  0.66
  R5 pred.06 Kv1.5e-3           19 |   0.29  |  0.051     3.5   0  0.100                 |  0.54  0.63 +0.06    8.0 +0.0273  +0.08  0.002 |   4.57   0  0.180 -0.006  0.444  0.59
  R5 pred.06 Kv1.5e-3           26 |   0.13  |  0.043     3.4   0  0.103                 |  0.55  0.63 +0.10    5.6 +0.0258  +0.09  0.001 |   3.68   0  0.207 +0.009  0.435  0.51
  R5 pred.06 Kv1e-3 F.012        6 |   1.10  |  0.054    12.3   1  0.075                 |  0.48  0.57 +0.14   49.7 +0.0337  +1.60  0.005 |   6.53   2  0.196 -0.032  0.447  0.64
  R5 pred.06 Kv1e-3 F.012        8 |   0.86  |  0.054     8.0   1  0.072                 |  0.49  0.58 +0.11   30.2 +0.0295  +0.76  0.002 |   3.43   2  0.170 -0.043  0.422  0.52
  R5 pred.06 Kv1e-3 F.012       12 |   0.28  |  0.054     5.0   0  0.076                 |  0.48  0.56 +0.12   17.8 +0.0269  +0.38  0.003 |   6.36   4  0.263 -0.024  0.463  0.62
  R5 pred.06 Kv1e-3 F.012       19 |   0.18  |  0.042     3.4   0  0.093                 |  0.53  0.60 +0.13    8.9 +0.0280  +0.18  0.001 |   4.98   0  0.139 +0.014  0.446  0.52
  R5 pred.06 Kv1e-3 F.012       26 |   0.19  |  0.038     3.4   0  0.098                 |  0.53  0.60 +0.19    6.1 +0.0261  +0.17  0.003 |   3.49   0  0.160 +0.020  0.436  0.53
  R5 pred.09 Kv1e-3              6 |   1.45  |  0.062    12.3   1  0.084                 |  0.49  0.58 +0.13   50.2 +0.0322  +1.51  0.011 |   6.43   2  0.240 -0.048  0.447  0.65
  R5 pred.09 Kv1e-3              8 |   1.13  |  0.064     8.0   1  0.084                 |  0.51  0.60 +0.08   30.0 +0.0285  +0.52  0.010 |   3.50   2  0.204 -0.068  0.425  0.56
  R5 pred.09 Kv1e-3             12 |   0.25  |  0.059     4.9   0  0.081                 |  0.50  0.57 +0.09   17.8 +0.0279  +0.30  0.004 |   6.16   4  0.272 -0.030  0.463  0.68
  R5 pred.09 Kv1e-3             19 |   0.21  |  0.046     3.5   0  0.098                 |  0.54  0.62 +0.09    8.5 +0.0278  +0.13  0.001 |   4.98   0  0.143 +0.010  0.447  0.54
  R5 pred.09 Kv1e-3             26 |   0.13  |  0.041     3.4   0  0.101                 |  0.54  0.61 +0.20    5.9 +0.0262  +0.18  0.001 |   3.53   0  0.164 +0.017  0.437  0.53
  R5 pred.06 Kv1e-3 bmode        6 |   2.35  |  0.063    10.5   1  0.087                 |  0.50  0.63 +0.02   43.0 +0.0334  +0.24  0.012 |   4.19   2  0.171 -0.009  0.400  0.71
  R5 pred.06 Kv1e-3 bmode        8 |   1.21  |  0.066     6.8   1  0.088                 |  0.52  0.67 -0.01   25.5 +0.0274  -0.05  0.011 |   2.92   2  0.183 -0.020  0.380  0.73
  R5 pred.06 Kv1e-3 bmode       12 |   1.11  |  0.074     3.7   0  0.099                 |  0.53  0.83 -0.01   13.4 +0.0281  -0.02  0.012 |   1.83   2  0.259 -0.028  0.369  0.73
  R5 pred.06 Kv1e-3 bmode       19 |   0.31  |  0.060     3.5   0  0.106                 |  0.57  0.81 +0.13    6.4 +0.0258  +0.18  0.005 |   1.77   0  0.168 -0.002  0.361  0.64
  R5 pred.06 Kv1e-3 bmode       26 |   0.11  |  0.055     3.6   0  0.109                 |  0.57  0.73 +0.26    4.6 +0.0254  +0.23  0.004 |   1.64   0  0.111 +0.002  0.359  0.59
  R5 pred.06 Kv1e-3 noDOB        6 |   1.93  |  0.094     9.4   1  0.129                 |  0.49  0.60 +0.09   47.3 +0.0325  +1.05  0.024 |   4.54   3  0.430 -0.106  0.441  0.37
  R5 pred.06 Kv1e-3 noDOB        8 |   0.97  |  0.100     5.4   1  0.134                 |  0.51  0.63 -0.01   27.2 +0.0284  -0.07  0.022 |   3.06   3  0.432 -0.136  0.447  0.53
  R5 pred.06 Kv1e-3 noDOB       12 |   0.33  |  0.078     3.5   0  0.095                 |  0.51  0.59 +0.04   16.1 +0.0267  +0.14  0.011 |   2.87   3  0.396 -0.051  0.432  0.42
  R5 pred.06 Kv1e-3 noDOB       19 |   0.31  |  0.058     3.5   0  0.108                 |  0.55  0.66 +0.05    7.5 +0.0267  +0.08  0.001 |   2.45   0  0.132 +0.001  0.401  0.51
  R5 pred.06 Kv1e-3 noDOB       26 |   0.07  |  0.058     3.6   0  0.112                 |  0.55  0.69 +0.13    5.2 +0.0262  +0.12  0.001 |   2.53   0  0.125 -0.002  0.403  0.49

======================================================================================================================================================
WORLD ident (b F1, J 1e-4) | hold NEED x1.0
  cfg                            v | T3 pkpk | T5 stiction rms e, pk rate, dwells, max|e| | T7 step t50 t90 ov pk-rate windup past tail | T8 HARD TURN mode-rms bursts max|e|hold ov rms-e damp
  R4-flown                       6 |   0.96  |  0.040     9.7   1  0.068                 |  0.53  0.72 +0.08   34.4 +0.0348  +0.93  0.006 |   2.39   2  0.247 +0.099  0.506  0.83
  R4-flown                       8 |   0.94  |  0.045     5.7   0  0.078                 |  0.54  0.75 +0.09   20.5 +0.0301  +0.57  0.008 |   1.62   2  0.194 +0.077  0.470  0.82
  R4-flown                      12 |   0.04  |  0.048     3.6   0  0.091                 |  0.61  1.20 +0.21    7.5 +0.0270  +0.65  0.015 |   0.57   1  0.379 +0.151  0.505  0.85
  R4-flown                      19 |   0.92  |  0.049     3.6   0  0.108                 |  0.67  1.46 +0.48    3.6 +0.0272  +0.69  0.045 |   0.41   0  0.453 +0.181  0.442  0.84
  R4-flown                      26 |   0.42  |  0.052     3.6   0  0.116                 |  0.70  1.68 -0.00    1.9 +0.0256  -0.00  0.000 |   0.30   0  0.371 +0.148  0.408  0.85
  R5 base (rc.03 Kv6e-4)         6 |   1.22  |  0.032    11.6   1  0.062                 |  0.52  0.67 +0.17   37.3 +0.0356  +2.00  0.002 |   2.58   2  0.134 +0.054  0.486  0.38
  R5 base (rc.03 Kv6e-4)         8 |   1.27  |  0.032     7.6   1  0.069                 |  0.52  0.66 +0.20   23.2 +0.0315  +1.36  0.006 |   1.82   2  0.147 +0.059  0.437  0.09
  R5 base (rc.03 Kv6e-4)        12 |   0.19  |  0.038     3.6   0  0.078                 |  0.57  0.78 +0.22    8.7 +0.0290  +0.69  0.002 |   0.61   1  0.136 +0.054  0.510  0.03
  R5 base (rc.03 Kv6e-4)        19 |   0.38  |  0.040     3.6   0  0.094                 |  0.62  0.81 +0.37    4.0 +0.0284  +0.53  0.001 |   0.43   0  0.208 +0.083  0.437  0.05
  R5 base (rc.03 Kv6e-4)        26 |   0.08  |  0.040     3.6   0  0.099                 |  0.62  0.80 +0.47    3.6 +0.0277  +0.42  0.001 |   0.38   0  0.207 +0.083  0.421  0.06
  R5 rc.01                       6 |   1.15  |  0.032    11.6   1  0.062                 |  0.52  0.67 +0.17   36.7 +0.0368  +1.99  0.002 |   2.48   2  0.136 +0.054  0.487  0.38
  R5 rc.01                       8 |   1.25  |  0.032     7.6   1  0.069                 |  0.52  0.67 +0.20   22.7 +0.0301  +1.35  0.006 |   1.72   2  0.148 +0.059  0.437  0.09
  R5 rc.01                      12 |   0.20  |  0.038     3.6   0  0.078                 |  0.57  0.78 +0.22    8.6 +0.0275  +0.69  0.002 |   0.60   1  0.136 +0.054  0.510  0.03
  R5 rc.01                      19 |   0.36  |  0.040     3.6   0  0.094                 |  0.62  0.81 +0.38    3.9 +0.0286  +0.53  0.001 |   0.42   0  0.208 +0.083  0.437  0.05
  R5 rc.01                      26 |   0.04  |  0.040     3.6   0  0.099                 |  0.62  0.81 +0.47    3.6 +0.0277  +0.42  0.001 |   0.36   0  0.207 +0.083  0.421  0.06
  R5 rc.01 Kv1e-3                6 |   0.89  |  0.032    11.0   1  0.060                 |  0.51  0.67 +0.14   36.9 +0.0380  +1.68  0.003 |   2.50   2  0.102 +0.041  0.494  0.59
  R5 rc.01 Kv1e-3                8 |   1.08  |  0.032     7.2   1  0.066                 |  0.51  0.66 +0.18   22.6 +0.0312  +1.22  0.005 |   1.71   2  0.118 +0.047  0.441  0.25
  R5 rc.01 Kv1e-3               12 |   0.20  |  0.038     3.6   0  0.076                 |  0.56  0.78 +0.20    8.7 +0.0279  +0.64  0.002 |   0.62   1  0.128 +0.051  0.510  0.04
  R5 rc.01 Kv1e-3               19 |   0.38  |  0.040     3.6   0  0.093                 |  0.61  0.82 +0.37    3.9 +0.0296  +0.53  0.001 |   0.42   0  0.203 +0.081  0.437  0.05
  R5 rc.01 Kv1e-3               26 |   0.04  |  0.040     3.6   0  0.098                 |  0.62  0.81 +0.47    3.6 +0.0282  +0.42  0.001 |   0.37   0  0.206 +0.082  0.421  0.06
  R5 pred.06 Kv6e-4              6 |   0.79  |  0.036    11.7   1  0.067                 |  0.54  0.71 +0.15   34.7 +0.0345  +1.78  0.003 |   2.35   2  0.142 +0.057  0.498  0.46
  R5 pred.06 Kv6e-4              8 |   0.99  |  0.037     7.6   1  0.076                 |  0.55  0.71 +0.17   21.1 +0.0291  +1.15  0.003 |   1.69   2  0.150 +0.060  0.450  0.17
  R5 pred.06 Kv6e-4             12 |   0.29  |  0.043     3.6   0  0.083                 |  0.60  0.83 +0.20    8.1 +0.0279  +0.63  0.003 |   0.61   1  0.135 +0.054  0.521  0.04
  R5 pred.06 Kv6e-4             19 |   0.29  |  0.043     3.6   0  0.098                 |  0.64  0.86 +0.37    3.7 +0.0280  +0.53  0.002 |   0.45   0  0.199 +0.080  0.448  0.05
  R5 pred.06 Kv6e-4             26 |   0.03  |  0.043     3.6   0  0.102                 |  0.64  0.84 +0.48    3.6 +0.0264  +0.43  0.002 |   0.37   0  0.207 +0.083  0.424  0.06
  R5 pred.06 Kv1e-3              6 |   0.69  |  0.038    11.0   1  0.068                 |  0.54  0.72 +0.11   33.8 +0.0329  +1.32  0.004 |   2.35   2  0.108 +0.043  0.512  0.72
  R5 pred.06 Kv1e-3              8 |   0.61  |  0.040     7.1   1  0.077                 |  0.55  0.74 +0.13   20.1 +0.0293  +0.87  0.003 |   1.67   2  0.121 +0.048  0.463  0.52
  R5 pred.06 Kv1e-3             12 |   0.33  |  0.046     3.6   0  0.085                 |  0.60  0.88 +0.18    7.9 +0.0278  +0.56  0.003 |   0.63   1  0.125 +0.050  0.527  0.06
  R5 pred.06 Kv1e-3             19 |   0.10  |  0.046     3.6   0  0.100                 |  0.65  0.91 +0.35    3.6 +0.0277  +0.50  0.002 |   0.46   0  0.193 +0.077  0.454  0.05
  R5 pred.06 Kv1e-3             26 |   0.03  |  0.045     3.6   0  0.103                 |  0.65  0.87 +0.47    3.6 +0.0272  +0.42  0.002 |   0.37   0  0.204 +0.082  0.426  0.07
  R5 pred.06 Kv1.5e-3            6 |   0.98  |  0.041    10.3   1  0.069                 |  0.54  0.74 +0.08   33.0 +0.0341  +0.93  0.003 |   2.46   2  0.100 +0.033  0.525  0.74
  R5 pred.06 Kv1.5e-3            8 |   0.28  |  0.044     6.5   1  0.080                 |  0.56  0.78 +0.10   19.2 +0.0280  +0.67  0.004 |   1.67   2  0.092 +0.037  0.480  0.79
  R5 pred.06 Kv1.5e-3           12 |   0.29  |  0.049     3.6   0  0.088                 |  0.61  1.10 +0.16    7.6 +0.0278  +0.51  0.004 |   0.65   1  0.116 +0.046  0.533  0.18
  R5 pred.06 Kv1.5e-3           19 |   0.13  |  0.049     3.6   0  0.103                 |  0.66  1.04 +0.33    3.6 +0.0273  +0.47  0.003 |   0.46   0  0.186 +0.074  0.460  0.07
  R5 pred.06 Kv1.5e-3           26 |   0.02  |  0.047     3.6   0  0.105                 |  0.66  0.92 +0.45    3.6 +0.0268  +0.40  0.002 |   0.37   0  0.201 +0.081  0.429  0.08
  R5 pred.06 Kv1e-3 F.012        6 |   1.04  |  0.034    11.1   1  0.063                 |  0.53  0.69 +0.15   34.7 +0.0337  +1.70  0.004 |   2.23   2  0.116 +0.046  0.503  0.61
  R5 pred.06 Kv1e-3 F.012        8 |   1.15  |  0.035     7.2   1  0.070                 |  0.54  0.69 +0.17   21.0 +0.0295  +1.15  0.004 |   1.55   2  0.136 +0.054  0.452  0.27
  R5 pred.06 Kv1e-3 F.012       12 |   0.21  |  0.040     3.6   0  0.079                 |  0.58  0.81 +0.22    8.3 +0.0269  +0.68  0.002 |   0.58   1  0.133 +0.053  0.518  0.03
  R5 pred.06 Kv1e-3 F.012       19 |   0.26  |  0.042     3.6   0  0.095                 |  0.63  0.84 +0.38    3.8 +0.0280  +0.54  0.002 |   0.40   0  0.204 +0.082  0.442  0.05
  R5 pred.06 Kv1e-3 F.012       26 |   0.04  |  0.042     3.6   0  0.100                 |  0.63  0.82 +0.48    3.6 +0.0272  +0.43  0.001 |   0.36   0  0.208 +0.083  0.423  0.06
  R5 pred.09 Kv1e-3              6 |   0.90  |  0.039    11.1   1  0.069                 |  0.54  0.72 +0.11   33.8 +0.0322  +1.30  0.005 |   2.37   2  0.107 +0.043  0.512  0.71
  R5 pred.09 Kv1e-3              8 |   0.63  |  0.041     7.1   1  0.079                 |  0.56  0.74 +0.13   20.1 +0.0285  +0.86  0.004 |   1.66   2  0.120 +0.048  0.464  0.50
  R5 pred.09 Kv1e-3             12 |   0.33  |  0.045     3.6   0  0.085                 |  0.60  0.87 +0.19    8.0 +0.0279  +0.58  0.003 |   0.63   1  0.123 +0.049  0.525  0.05
  R5 pred.09 Kv1e-3             19 |   0.09  |  0.046     3.6   0  0.100                 |  0.65  0.90 +0.35    3.6 +0.0278  +0.50  0.002 |   0.46   0  0.195 +0.078  0.453  0.05
  R5 pred.09 Kv1e-3             26 |   0.03  |  0.044     3.6   0  0.103                 |  0.64  0.86 +0.47    3.6 +0.0273  +0.42  0.002 |   0.37   0  0.204 +0.082  0.425  0.07
  R5 pred.06 Kv1e-3 bmode        6 |   0.32  |  0.037    11.5   1  0.072                 |  0.56  0.78 +0.18   29.8 +0.0334  +2.10  0.005 |   1.90   2  0.348 +0.139  0.509  0.46
  R5 pred.06 Kv1e-3 bmode        8 |   0.50  |  0.041     7.2   1  0.082                 |  0.58  0.81 +0.18   17.5 +0.0274  +1.18  0.006 |   1.40   2  0.351 +0.140  0.470  0.44
  R5 pred.06 Kv1e-3 bmode       12 |   0.20  |  0.049     3.6   0  0.096                 |  0.68  1.03 +0.22    6.0 +0.0303  +0.68  0.004 |   0.47   2  0.470 +0.188  0.536  0.29
  R5 pred.06 Kv1e-3 bmode       19 |   0.58  |  0.050     3.6   0  0.109                 |  0.71  1.00 +0.43    3.6 +0.0267  +0.61  0.004 |   0.40   0  0.532 +0.213  0.464  0.21
  R5 pred.06 Kv1e-3 bmode       26 |   0.43  |  0.048     3.6   0  0.111                 |  0.70  0.93 +0.55    3.6 +0.0254  +0.50  0.003 |   0.31   0  0.453 +0.181  0.422  0.23
  R5 pred.06 Kv1e-3 noDOB        6 |   0.16  |  0.046     9.4   1  0.075                 |  0.55  0.79 +0.07   31.6 +0.0325  +0.80  0.009 |   2.25   2  0.170 +0.068  0.532  0.90
  R5 pred.06 Kv1e-3 noDOB        8 |   0.08  |  0.054     5.5   0  0.089                 |  0.57  1.00 +0.09   18.2 +0.0284  +0.62  0.011 |   1.58   2  0.138 +0.055  0.491  0.94
  R5 pred.06 Kv1e-3 noDOB       12 |   1.03  |  0.054     3.6   0  0.099                 |  0.63  1.31 +0.20    7.0 +0.0267  +0.62  0.018 |   0.53   2  0.299 +0.120  0.524  0.96
  R5 pred.06 Kv1e-3 noDOB       19 |   0.61  |  0.051     3.6   0  0.111                 |  0.68  1.19 +0.40    3.6 +0.0279  +0.57  0.007 |   0.41   0  0.395 +0.158  0.426  1.00
  R5 pred.06 Kv1e-3 noDOB       26 |   0.15  |  0.053     3.6   0  0.114                 |  0.68  1.07 +0.45    3.6 +0.0262  +0.40  0.004 |   0.27   0  0.329 +0.132  0.397  1.00

======================================================================================================================================================
WORLD ident (b F1, J 1e-4) | hold NEED x1.5
  cfg                            v | T3 pkpk | T5 stiction rms e, pk rate, dwells, max|e| | T7 step t50 t90 ov pk-rate windup past tail | T8 HARD TURN mode-rms bursts max|e|hold ov rms-e damp
  R4-flown                       6 |   1.52  |  0.075     7.8   1  0.097                 |  0.54  1.98 -0.03   31.0 +0.0348  -0.34  0.008 |   2.60   2  0.375 -0.011  0.553  0.69
  R4-flown                       8 |   0.60  |  0.080     4.5   0  0.101                 |  0.56  2.21 -0.03   18.4 +0.0301  -0.20  0.008 |   1.75   2  0.369 -0.036  0.535  0.67
  R4-flown                      12 |   0.90  |  0.071     2.2   0  0.093                 |  0.64  1.76 +0.04    6.8 +0.0270  +0.14  0.004 |   0.57   1  0.328 +0.050  0.582  0.59
  R4-flown                      19 |   0.57  |  0.058     3.6   0  0.109                 |  0.71  2.08 -0.00    2.9 +0.0272  -0.00  0.002 |   0.32   0  0.188 +0.075  0.469  0.59
  R4-flown                      26 |   0.01  |  0.060     3.6   0  0.116                 |  0.75  2.19 -0.00    1.7 +0.0256  -0.00  0.002 |   0.27   0  0.091 +0.037  0.479  0.52
  R5 base (rc.03 Kv6e-4)         6 |   0.45  |  0.038    10.0   1  0.063                 |  0.53  0.75 +0.08   33.7 +0.0356  +0.95  0.004 |   2.29   2  0.129 +0.052  0.533  0.48
  R5 base (rc.03 Kv6e-4)         8 |   0.84  |  0.038     6.4   1  0.069                 |  0.53  0.75 +0.12   20.9 +0.0315  +0.81  0.003 |   1.50   2  0.124 +0.049  0.486  0.50
  R5 base (rc.03 Kv6e-4)        12 |   0.37  |  0.043     3.6   0  0.078                 |  0.59  1.04 +0.21    7.9 +0.0290  +0.66  0.019 |   0.58   1  0.170 +0.057  0.576  0.41
  R5 base (rc.03 Kv6e-4)        19 |   0.10  |  0.045     3.6   0  0.094                 |  0.64  1.09 +0.36    3.6 +0.0284  +0.51  0.029 |   0.42   0  0.156 +0.062  0.509  0.48
  R5 base (rc.03 Kv6e-4)        26 |   0.05  |  0.045     3.6   0  0.099                 |  0.64  1.18 +0.47    3.6 +0.0277  +0.42  0.034 |   0.34   0  0.136 +0.055  0.485  0.47
  R5 rc.01                       6 |   0.45  |  0.038    10.0   1  0.063                 |  0.53  0.76 +0.08   33.3 +0.0368  +0.96  0.004 |   2.23   2  0.131 +0.052  0.533  0.48
  R5 rc.01                       8 |   0.80  |  0.038     6.5   1  0.069                 |  0.53  0.75 +0.12   20.5 +0.0301  +0.81  0.003 |   1.45   2  0.125 +0.050  0.487  0.51
  R5 rc.01                      12 |   0.36  |  0.043     3.6   0  0.078                 |  0.59  1.04 +0.21    7.8 +0.0275  +0.66  0.019 |   0.57   1  0.172 +0.057  0.576  0.42
  R5 rc.01                      19 |   0.10  |  0.045     3.6   0  0.094                 |  0.64  1.08 +0.36    3.6 +0.0286  +0.51  0.029 |   0.41   0  0.156 +0.062  0.509  0.48
  R5 rc.01                      26 |   0.05  |  0.045     3.6   0  0.099                 |  0.64  1.18 +0.45    3.6 +0.0277  +0.41  0.034 |   0.34   0  0.136 +0.055  0.485  0.47
  R5 rc.01 Kv1e-3                6 |   0.91  |  0.038     9.6   1  0.061                 |  0.52  0.76 +0.08   33.7 +0.0380  +0.92  0.004 |   2.36   2  0.157 +0.046  0.542  0.39
  R5 rc.01 Kv1e-3                8 |   0.75  |  0.038     6.2   1  0.067                 |  0.52  0.76 +0.11   20.5 +0.0312  +0.75  0.003 |   1.50   2  0.106 +0.042  0.494  0.45
  R5 rc.01 Kv1e-3               12 |   0.39  |  0.043     3.6   0  0.077                 |  0.58  1.10 +0.21    7.9 +0.0279  +0.65  0.019 |   0.56   1  0.179 +0.052  0.573  0.41
  R5 rc.01 Kv1e-3               19 |   0.11  |  0.045     3.6   0  0.093                 |  0.63  1.13 +0.35    3.6 +0.0296  +0.50  0.029 |   0.40   0  0.152 +0.061  0.508  0.48
  R5 rc.01 Kv1e-3               26 |   0.05  |  0.045     3.6   0  0.098                 |  0.64  1.19 +0.45    3.6 +0.0282  +0.40  0.034 |   0.32   0  0.135 +0.054  0.485  0.47
  R5 pred.06 Kv6e-4              6 |   1.03  |  0.052     9.7   1  0.068                 |  0.55  0.86 +0.02   31.2 +0.0345  +0.28  0.002 |   2.34   2  0.232 +0.012  0.537  0.40
  R5 pred.06 Kv6e-4              8 |   0.88  |  0.052     6.2   1  0.076                 |  0.56  0.90 +0.05   18.9 +0.0291  +0.35  0.002 |   1.56   2  0.154 +0.003  0.495  0.43
  R5 pred.06 Kv6e-4             12 |   0.20  |  0.055     2.8   0  0.084                 |  0.62  1.62 -0.03    7.3 +0.0279  -0.08  0.005 |   0.56   1  0.261 +0.014  0.574  0.40
  R5 pred.06 Kv6e-4             19 |   0.06  |  0.051     3.6   0  0.098                 |  0.66  1.43 -0.00    3.3 +0.0280  -0.00  0.001 |   0.41   0  0.101 +0.041  0.510  0.46
  R5 pred.06 Kv6e-4             26 |   0.05  |  0.049     3.6   0  0.102                 |  0.66  1.34 +0.44    3.6 +0.0264  +0.40  0.033 |   0.34   0  0.106 +0.042  0.486  0.46
  R5 pred.06 Kv1e-3              6 |   0.77  |  0.062     9.0   1  0.081                 |  0.55  1.21 -0.01   30.5 +0.0329  -0.17  0.005 |   2.49   2  0.322 -0.018  0.546  0.33
  R5 pred.06 Kv1e-3              8 |   0.73  |  0.063     5.7   1  0.080                 |  0.57  1.26 +0.00   18.1 +0.0293  +0.02  0.005 |   1.62   2  0.247 -0.031  0.507  0.38
  R5 pred.06 Kv1e-3             12 |   0.30  |  0.063     2.7   0  0.086                 |  0.62  2.46 -0.06    7.1 +0.0278  -0.19  0.012 |   0.58   0  0.320 -0.011  0.571  0.39
  R5 pred.06 Kv1e-3             19 |   0.04  |  0.055     3.6   0  0.100                 |  0.67  1.65 -0.03    3.2 +0.0277  -0.04  0.005 |   0.41   0  0.115 +0.026  0.510  0.45
  R5 pred.06 Kv1e-3             26 |   0.06  |  0.051     3.6   0  0.103                 |  0.67  1.44 -0.00    2.1 +0.0272  -0.00  0.001 |   0.33   0  0.083 +0.033  0.486  0.47
  R5 pred.06 Kv1.5e-3            6 |   1.68  |  0.075     8.3   1  0.100                 |  0.55  1.89 -0.05   29.7 +0.0341  -0.59  0.009 |   2.48   2  0.415 -0.050  0.553  0.31
  R5 pred.06 Kv1.5e-3            8 |   1.19  |  0.076     5.2   0  0.101                 |  0.57  1.76 -0.04   17.3 +0.0280  -0.28  0.009 |   1.69   2  0.343 -0.068  0.519  0.39
  R5 pred.06 Kv1.5e-3           12 |   0.29  |  0.074     2.5   0  0.093                 |  0.63   nan -0.11    6.9 +0.0278  -0.33  0.020 |   0.58   0  0.386 -0.043  0.571  0.43
  R5 pred.06 Kv1.5e-3           19 |   0.45  |  0.061     3.6   0  0.103                 |  0.69  2.37 -0.06    3.0 +0.0273  -0.08  0.011 |   0.40   0  0.162 +0.009  0.511  0.45
  R5 pred.06 Kv1.5e-3           26 |   0.01  |  0.054     3.6   0  0.105                 |  0.68  1.62 -0.02    2.0 +0.0268  -0.02  0.005 |   0.33   0  0.078 +0.023  0.487  0.47
  R5 pred.06 Kv1e-3 F.012        6 |   0.73  |  0.058     9.1   1  0.077                 |  0.54  0.86 +0.02   31.1 +0.0337  +0.20  0.001 |   2.46   2  0.312 -0.015  0.541  0.34
  R5 pred.06 Kv1e-3 F.012        8 |   0.70  |  0.056     5.8   1  0.074                 |  0.55  0.91 +0.06   18.8 +0.0295  +0.37  0.001 |   1.58   2  0.232 -0.025  0.499  0.41
  R5 pred.06 Kv1e-3 F.012       12 |   0.32  |  0.058     2.7   0  0.080                 |  0.60  1.64 -0.03    7.4 +0.0269  -0.09  0.005 |   0.57   1  0.307 -0.007  0.567  0.39
  R5 pred.06 Kv1e-3 F.012       19 |   0.05  |  0.051     3.6   0  0.095                 |  0.65  1.40 +0.36    3.6 +0.0280  +0.51  0.011 |   0.39   0  0.105 +0.030  0.506  0.45
  R5 pred.06 Kv1e-3 F.012       26 |   0.05  |  0.048     3.6   0  0.100                 |  0.65  1.31 +0.46    3.6 +0.0272  +0.41  0.033 |   0.33   0  0.088 +0.035  0.484  0.47
  R5 pred.09 Kv1e-3              6 |   1.23  |  0.066     9.0   1  0.087                 |  0.56  1.30 -0.03   30.3 +0.0322  -0.34  0.006 |   2.50   2  0.349 -0.031  0.545  0.31
  R5 pred.09 Kv1e-3              8 |   0.88  |  0.067     5.7   1  0.086                 |  0.57  1.33 -0.01   18.0 +0.0285  -0.06  0.007 |   1.63   2  0.277 -0.046  0.508  0.37
  R5 pred.09 Kv1e-3             12 |   0.28  |  0.063     2.7   0  0.086                 |  0.62  2.41 -0.06    7.2 +0.0279  -0.19  0.011 |   0.60   0  0.322 -0.015  0.569  0.40
  R5 pred.09 Kv1e-3             19 |   0.03  |  0.054     3.6   0  0.100                 |  0.67  1.63 -0.02    3.2 +0.0278  -0.03  0.005 |   0.40   0  0.114 +0.025  0.508  0.45
  R5 pred.09 Kv1e-3             26 |   0.06  |  0.051     3.6   0  0.103                 |  0.67  1.42 -0.00    2.1 +0.0273  -0.00  0.000 |   0.33   0  0.086 +0.034  0.485  0.47
  R5 pred.06 Kv1e-3 bmode        6 |   2.43  |  0.066     9.2   1  0.090                 |  0.58  1.04 -0.02   27.0 +0.0334  -0.21  0.009 |   1.99   2  0.256 +0.001  0.516  0.61
  R5 pred.06 Kv1e-3 bmode        8 |   1.46  |  0.069     5.7   0  0.091                 |  0.60  1.36 -0.00   15.8 +0.0274  -0.01  0.008 |   1.25   2  0.172 -0.001  0.476  0.65
  R5 pred.06 Kv1e-3 bmode       12 |   0.95  |  0.080     3.6   0  0.104                 |  0.72  1.96 +0.05    5.4 +0.0303  +0.16  0.008 |   0.41   1  0.259 -0.002  0.524  0.57
  R5 pred.06 Kv1e-3 bmode       19 |   0.60  |  0.064     3.6   0  0.109                 |  0.75  1.75 +0.27    3.6 +0.0267  +0.38  0.004 |   0.33   0  0.174 +0.070  0.456  0.51
  R5 pred.06 Kv1e-3 bmode       26 |   0.37  |  0.057     3.6   0  0.111                 |  0.73  1.70 +0.40    3.6 +0.0254  +0.35  0.003 |   0.32   0  0.171 +0.068  0.430  0.43
  R5 pred.06 Kv1e-3 noDOB        6 |   1.98  |  0.100     7.2   1  0.134                 |  0.57  4.59 -0.08   28.4 +0.0325  -0.88  0.017 |   2.43   2  0.553 -0.080  0.586  0.67
  R5 pred.06 Kv1e-3 noDOB        8 |   0.74  |  0.106     4.2   0  0.140                 |  0.59  5.59 -0.08   16.3 +0.0284  -0.51  0.022 |   1.59   2  0.523 -0.107  0.570  0.68
  R5 pred.06 Kv1e-3 noDOB       12 |   1.28  |  0.086     2.1   0  0.102                 |  0.67  2.27 +0.00    6.3 +0.0267  +0.01  0.000 |   0.56   1  0.438 +0.002  0.607  0.61
  R5 pred.06 Kv1e-3 noDOB       19 |   0.02  |  0.062     3.6   0  0.111                 |  0.72  1.36 +0.22    3.6 +0.0279  +0.32  0.007 |   0.36   0  0.106 +0.042  0.484  0.54
  R5 pred.06 Kv1e-3 noDOB       26 |   0.03  |  0.062     3.6   0  0.115                 |  0.72  1.17 +0.24    3.6 +0.0262  +0.21  0.004 |   0.30   0  0.065 +0.016  0.475  0.58

======================================================================================================================================================
WORLD ident, delays x1.5 | hold NEED x1.0
  cfg                            v | T3 pkpk | T5 stiction rms e, pk rate, dwells, max|e| | T7 step t50 t90 ov pk-rate windup past tail | T8 HARD TURN mode-rms bursts max|e|hold ov rms-e damp
  R4-flown                       6 |   0.84  |  0.040     9.9   1  0.070                 |  0.56  0.73 +0.08   36.0 +0.0408  +0.97  0.006 |   2.67   2  0.282 +0.113  0.520  0.83
  R4-flown                       8 |   0.83  |  0.046     5.8   0  0.080                 |  0.57  0.75 +0.09   21.6 +0.0337  +0.60  0.008 |   1.80   2  0.230 +0.092  0.483  0.82
  R4-flown                      12 |   0.20  |  0.049     3.6   0  0.094                 |  0.63  1.16 +0.21    7.8 +0.0309  +0.67  0.015 |   0.61   2  0.430 +0.172  0.519  0.84
  R4-flown                      19 |   1.00  |  0.050     3.6   0  0.111                 |  0.70  1.15 +0.50    3.6 +0.0296  +0.72  0.047 |   0.46   0  0.524 +0.209  0.473  0.85
  R4-flown                      26 |   0.45  |  0.053     3.6   0  0.118                 |  0.72  1.67 -0.00    2.0 +0.0273  -0.00  0.000 |   0.31   0  0.425 +0.170  0.432  0.86
  R5 base (rc.03 Kv6e-4)         6 |   1.35  |  0.032    12.1   1  0.065                 |  0.54  0.67 +0.21   40.3 +0.0421  +2.45  0.008 |   2.87   2  0.147 +0.059  0.489  0.29
  R5 base (rc.03 Kv6e-4)         8 |   1.42  |  0.032     7.9   1  0.072                 |  0.55  0.66 +0.25   25.2 +0.0356  +1.67  0.013 |   2.10   2  0.168 +0.067  0.441  0.13
  R5 base (rc.03 Kv6e-4)        12 |   0.58  |  0.038     3.7   0  0.081                 |  0.59  0.77 +0.24    9.4 +0.0334  +0.75  0.002 |   0.72   2  0.143 +0.057  0.511  0.04
  R5 base (rc.03 Kv6e-4)        19 |   0.34  |  0.041     3.6   0  0.097                 |  0.64  0.80 +0.40    4.3 +0.0314  +0.57  0.001 |   0.43   0  0.237 +0.095  0.444  0.03
  R5 base (rc.03 Kv6e-4)        26 |   0.18  |  0.041     3.6   0  0.102                 |  0.65  0.80 +0.52    3.5 +0.0299  +0.46  0.001 |   0.30   0  0.248 +0.099  0.417  0.04
  R5 rc.01                       6 |   1.35  |  0.032    12.1   1  0.065                 |  0.54  0.67 +0.21   39.6 +0.0432  +2.43  0.008 |   2.76   2  0.148 +0.059  0.490  0.28
  R5 rc.01                       8 |   1.43  |  0.032     8.0   1  0.072                 |  0.55  0.67 +0.25   24.7 +0.0342  +1.65  0.014 |   2.00   2  0.167 +0.067  0.441  0.12
  R5 rc.01                      12 |   0.57  |  0.038     3.7   0  0.081                 |  0.59  0.77 +0.24    9.2 +0.0313  +0.75  0.003 |   0.70   2  0.143 +0.057  0.511  0.04
  R5 rc.01                      19 |   0.34  |  0.041     3.6   0  0.096                 |  0.64  0.81 +0.40    4.2 +0.0316  +0.57  0.001 |   0.41   0  0.233 +0.093  0.444  0.03
  R5 rc.01                      26 |   0.18  |  0.041     3.6   0  0.102                 |  0.65  0.80 +0.52    3.5 +0.0299  +0.46  0.001 |   0.29   0  0.249 +0.099  0.417  0.04
  R5 rc.01 Kv1e-3                6 |   1.02  |  0.032    11.5   1  0.062                 |  0.53  0.66 +0.17   39.7 +0.0452  +2.02  0.001 |   2.97   2  0.108 +0.043  0.495  0.45
  R5 rc.01 Kv1e-3                8 |   1.17  |  0.032     7.5   1  0.069                 |  0.53  0.66 +0.22   24.7 +0.0358  +1.44  0.007 |   2.06   2  0.136 +0.055  0.444  0.18
  R5 rc.01 Kv1e-3               12 |   0.42  |  0.038     3.5   0  0.079                 |  0.58  0.77 +0.22    9.4 +0.0314  +0.70  0.002 |   0.71   2  0.129 +0.052  0.511  0.04
  R5 rc.01 Kv1e-3               19 |   0.35  |  0.040     3.6   0  0.096                 |  0.63  0.81 +0.40    4.3 +0.0327  +0.56  0.001 |   0.42   0  0.226 +0.091  0.444  0.03
  R5 rc.01 Kv1e-3               26 |   0.17  |  0.041     3.6   0  0.101                 |  0.64  0.80 +0.51    3.5 +0.0305  +0.46  0.001 |   0.31   0  0.246 +0.098  0.416  0.04
  R5 pred.06 Kv6e-4              6 |   0.88  |  0.036    12.2   1  0.070                 |  0.56  0.71 +0.19   36.4 +0.0397  +2.22  0.004 |   2.41   2  0.163 +0.065  0.504  0.34
  R5 pred.06 Kv6e-4              8 |   0.19  |  0.037     8.0   1  0.078                 |  0.58  0.72 +0.20   22.2 +0.0323  +1.37  0.004 |   1.79   2  0.178 +0.071  0.458  0.14
  R5 pred.06 Kv6e-4             12 |   0.49  |  0.043     3.6   0  0.086                 |  0.62  0.82 +0.22    8.5 +0.0325  +0.69  0.002 |   0.66   2  0.145 +0.058  0.525  0.05
  R5 pred.06 Kv6e-4             19 |   0.42  |  0.044     3.6   0  0.101                 |  0.66  0.85 +0.39    3.9 +0.0306  +0.55  0.002 |   0.41   0  0.235 +0.094  0.452  0.04
  R5 pred.06 Kv6e-4             26 |   0.17  |  0.044     3.6   0  0.105                 |  0.66  0.83 +0.50    3.5 +0.0285  +0.44  0.002 |   0.29   0  0.244 +0.098  0.421  0.03
  R5 pred.06 Kv1e-3              6 |   0.54  |  0.039    11.4   1  0.071                 |  0.56  0.73 +0.14   35.3 +0.0382  +1.60  0.003 |   2.45   2  0.127 +0.051  0.518  0.60
  R5 pred.06 Kv1e-3              8 |   0.63  |  0.041     7.3   1  0.080                 |  0.58  0.74 +0.16   21.1 +0.0324  +1.06  0.005 |   1.82   2  0.151 +0.060  0.471  0.31
  R5 pred.06 Kv1e-3             12 |   0.40  |  0.046     3.5   0  0.088                 |  0.63  0.86 +0.19    8.2 +0.0324  +0.59  0.003 |   0.64   2  0.133 +0.053  0.534  0.07
  R5 pred.06 Kv1e-3             19 |   0.32  |  0.047     3.6   0  0.103                 |  0.67  0.88 +0.38    3.7 +0.0301  +0.54  0.002 |   0.40   0  0.224 +0.090  0.457  0.05
  R5 pred.06 Kv1e-3             26 |   0.17  |  0.045     3.6   0  0.106                 |  0.67  0.85 +0.49    3.5 +0.0291  +0.44  0.002 |   0.30   0  0.242 +0.097  0.424  0.04
  R5 pred.06 Kv1.5e-3            6 |   0.71  |  0.042    10.6   1  0.072                 |  0.56  0.75 +0.10   34.2 +0.0392  +1.12  0.004 |   2.58   2  0.091 +0.036  0.535  0.77
  R5 pred.06 Kv1.5e-3            8 |   0.56  |  0.045     6.7   1  0.083                 |  0.58  0.78 +0.11   20.0 +0.0310  +0.72  0.003 |   1.76   2  0.118 +0.047  0.490  0.76
  R5 pred.06 Kv1.5e-3           12 |   0.21  |  0.050     3.6   0  0.091                 |  0.63  0.93 +0.17    7.8 +0.0324  +0.52  0.004 |   0.67   2  0.119 +0.048  0.541  0.06
  R5 pred.06 Kv1.5e-3           19 |   0.12  |  0.050     3.6   0  0.106                 |  0.68  0.94 +0.36    3.5 +0.0297  +0.51  0.003 |   0.45   0  0.216 +0.086  0.467  0.06
  R5 pred.06 Kv1.5e-3           26 |   0.02  |  0.047     3.6   0  0.108                 |  0.68  0.88 +0.49    3.5 +0.0286  +0.44  0.002 |   0.31   0  0.239 +0.096  0.428  0.05
  R5 pred.06 Kv1e-3 F.012        6 |   1.02  |  0.035    11.6   1  0.066                 |  0.55  0.70 +0.18   36.2 +0.0389  +2.13  0.004 |   2.35   2  0.137 +0.055  0.510  0.46
  R5 pred.06 Kv1e-3 F.012        8 |   1.15  |  0.035     7.5   1  0.073                 |  0.56  0.70 +0.21   21.9 +0.0327  +1.39  0.007 |   1.68   2  0.167 +0.067  0.462  0.24
  R5 pred.06 Kv1e-3 F.012       12 |   0.49  |  0.041     3.6   0  0.082                 |  0.61  0.80 +0.23    8.6 +0.0304  +0.71  0.002 |   0.64   2  0.141 +0.056  0.524  0.06
  R5 pred.06 Kv1e-3 F.012       19 |   0.39  |  0.043     3.6   0  0.098                 |  0.65  0.83 +0.39    4.0 +0.0306  +0.56  0.002 |   0.40   0  0.237 +0.095  0.451  0.03
  R5 pred.06 Kv1e-3 F.012       26 |   0.17  |  0.043     3.6   0  0.103                 |  0.65  0.82 +0.50    3.5 +0.0293  +0.45  0.001 |   0.28   0  0.247 +0.099  0.421  0.04
  R5 pred.09 Kv1e-3              6 |   0.72  |  0.039    11.5   1  0.072                 |  0.57  0.73 +0.14   35.0 +0.0372  +1.65  0.003 |   2.38   2  0.129 +0.052  0.519  0.59
  R5 pred.09 Kv1e-3              8 |   0.65  |  0.042     7.4   1  0.082                 |  0.58  0.75 +0.16   20.8 +0.0315  +1.05  0.006 |   1.74   2  0.151 +0.060  0.473  0.32
  R5 pred.09 Kv1e-3             12 |   0.41  |  0.046     3.6   0  0.088                 |  0.62  0.85 +0.20    8.2 +0.0325  +0.61  0.003 |   0.66   2  0.131 +0.053  0.532  0.07
  R5 pred.09 Kv1e-3             19 |   0.32  |  0.046     3.6   0  0.103                 |  0.67  0.87 +0.38    3.8 +0.0302  +0.54  0.002 |   0.40   0  0.228 +0.091  0.456  0.04
  R5 pred.09 Kv1e-3             26 |   0.17  |  0.045     3.6   0  0.106                 |  0.67  0.84 +0.49    3.5 +0.0292  +0.44  0.002 |   0.30   0  0.242 +0.097  0.423  0.04
  R5 pred.06 Kv1e-3 bmode        6 |   0.85  |  0.038    11.8   1  0.074                 |  0.59  0.80 +0.20   31.0 +0.0381  +2.38  0.006 |   2.05   3  0.390 +0.156  0.524  0.44
  R5 pred.06 Kv1e-3 bmode        8 |   0.57  |  0.041     7.4   1  0.084                 |  0.60  0.82 +0.20   18.3 +0.0301  +1.37  0.005 |   1.58   2  0.400 +0.160  0.488  0.42
  R5 pred.06 Kv1e-3 bmode       12 |   0.19  |  0.050     3.6   0  0.099                 |  0.70  1.03 +0.23    6.1 +0.0346  +0.73  0.004 |   0.49   2  0.529 +0.212  0.557  0.28
  R5 pred.06 Kv1e-3 bmode       19 |   0.70  |  0.051     3.6   0  0.112                 |  0.74  0.99 +0.45    3.6 +0.0285  +0.64  0.005 |   0.45   0  0.602 +0.241  0.494  0.21
  R5 pred.06 Kv1e-3 bmode       26 |   0.45  |  0.049     3.6   0  0.114                 |  0.72  0.93 +0.60    3.6 +0.0269  +0.53  0.004 |   0.31   0  0.502 +0.201  0.449  0.26
  R5 pred.06 Kv1e-3 noDOB        6 |   0.14  |  0.048     9.5   1  0.078                 |  0.58  0.81 +0.07   32.2 +0.0375  +0.86  0.009 |   2.33   2  0.206 +0.082  0.551  0.94
  R5 pred.06 Kv1e-3 noDOB        8 |   0.07  |  0.055     5.6   0  0.091                 |  0.60  1.00 +0.10   18.6 +0.0311  +0.65  0.012 |   1.62   2  0.181 +0.072  0.511  0.97
  R5 pred.06 Kv1e-3 noDOB       12 |   0.75  |  0.055     3.6   0  0.102                 |  0.66  1.31 +0.21    7.1 +0.0309  +0.65  0.019 |   0.55   2  0.350 +0.140  0.540  0.98
  R5 pred.06 Kv1e-3 noDOB       19 |   0.79  |  0.052     3.6   0  0.114                 |  0.71  1.16 +0.41    3.6 +0.0299  +0.59  0.007 |   0.44   0  0.461 +0.184  0.450  0.99
  R5 pred.06 Kv1e-3 noDOB       26 |   0.14  |  0.054     3.6   0  0.117                 |  0.70  1.07 +0.47    3.5 +0.0278  +0.42  0.004 |   0.27   0  0.380 +0.152  0.415  1.00

======================================================================================================================================================
WORLD ident, delays x1.5 | hold NEED x1.5
  cfg                            v | T3 pkpk | T5 stiction rms e, pk rate, dwells, max|e| | T7 step t50 t90 ov pk-rate windup past tail | T8 HARD TURN mode-rms bursts max|e|hold ov rms-e damp
  R4-flown                       6 |   1.85  |  0.075     8.0   1  0.097                 |  0.57  1.92 -0.03   32.3 +0.0408  -0.33  0.008 |   2.94   2  0.363 -0.010  0.565  0.72
  R4-flown                       8 |   1.03  |  0.081     4.6   0  0.101                 |  0.58  2.51 -0.03   19.4 +0.0337  -0.18  0.007 |   1.94   2  0.353 -0.035  0.547  0.65
  R4-flown                      12 |   0.94  |  0.071     2.3   0  0.096                 |  0.66  1.72 +0.05    7.1 +0.0309  +0.15  0.004 |   0.60   1  0.311 +0.056  0.594  0.59
  R4-flown                      19 |   0.60  |  0.058     3.6   0  0.111                 |  0.73  2.05 -0.00    3.0 +0.0296  -0.00  0.002 |   0.36   0  0.236 +0.094  0.483  0.68
  R4-flown                      26 |   0.01  |  0.061     3.6   0  0.119                 |  0.76  2.16 -0.00    1.8 +0.0273  -0.00  0.002 |   0.31   0  0.124 +0.049  0.492  0.66
  R5 base (rc.03 Kv6e-4)         6 |   0.64  |  0.038    10.3   1  0.065                 |  0.55  0.73 +0.09   36.2 +0.0421  +1.04  0.004 |   2.63   2  0.134 +0.054  0.534  0.50
  R5 base (rc.03 Kv6e-4)         8 |   0.90  |  0.038     6.6   1  0.072                 |  0.56  0.72 +0.12   22.6 +0.0356  +0.83  0.004 |   1.76   2  0.139 +0.055  0.488  0.55
  R5 base (rc.03 Kv6e-4)        12 |   0.35  |  0.045     3.6   0  0.081                 |  0.61  0.92 +0.22    8.4 +0.0334  +0.69  0.019 |   0.67   1  0.137 +0.055  0.580  0.43
  R5 base (rc.03 Kv6e-4)        19 |   0.10  |  0.045     3.6   0  0.097                 |  0.65  0.93 +0.31    3.8 +0.0314  +0.44  0.003 |   0.43   0  0.165 +0.066  0.512  0.53
  R5 base (rc.03 Kv6e-4)        26 |   0.05  |  0.046     3.6   0  0.102                 |  0.66  0.94 +0.40    3.6 +0.0299  +0.36  0.003 |   0.38   0  0.153 +0.061  0.492  0.50
  R5 rc.01                       6 |   0.61  |  0.038    10.3   1  0.065                 |  0.55  0.74 +0.09   35.7 +0.0432  +1.04  0.004 |   2.52   2  0.137 +0.055  0.534  0.51
  R5 rc.01                       8 |   0.92  |  0.038     6.7   1  0.072                 |  0.55  0.73 +0.13   22.1 +0.0342  +0.86  0.004 |   1.68   2  0.140 +0.056  0.488  0.56
  R5 rc.01                      12 |   0.35  |  0.045     3.6   0  0.081                 |  0.61  0.92 +0.22    8.3 +0.0313  +0.69  0.019 |   0.65   1  0.139 +0.055  0.580  0.43
  R5 rc.01                      19 |   0.10  |  0.045     3.6   0  0.097                 |  0.66  0.93 +0.31    3.8 +0.0316  +0.45  0.003 |   0.42   0  0.165 +0.066  0.512  0.52
  R5 rc.01                      26 |   0.05  |  0.046     3.6   0  0.102                 |  0.66  0.94 +0.40    3.6 +0.0299  +0.36  0.003 |   0.37   0  0.153 +0.061  0.492  0.50
  R5 rc.01 Kv1e-3                6 |   0.88  |  0.038     9.9   1  0.063                 |  0.54  0.74 +0.08   35.9 +0.0452  +0.97  0.004 |   2.89   2  0.128 +0.044  0.545  0.42
  R5 rc.01 Kv1e-3                8 |   0.40  |  0.038     6.4   1  0.069                 |  0.54  0.74 +0.11   22.2 +0.0358  +0.76  0.003 |   1.75   2  0.107 +0.043  0.495  0.48
  R5 rc.01 Kv1e-3               12 |   0.37  |  0.045     3.6   0  0.079                 |  0.60  0.95 +0.21    8.5 +0.0314  +0.67  0.019 |   0.65   1  0.146 +0.051  0.578  0.44
  R5 rc.01 Kv1e-3               19 |   0.11  |  0.045     3.6   0  0.096                 |  0.65  0.95 +0.37    3.8 +0.0327  +0.53  0.030 |   0.43   0  0.161 +0.064  0.514  0.51
  R5 rc.01 Kv1e-3               26 |   0.05  |  0.046     3.6   0  0.101                 |  0.66  0.96 +0.47    3.6 +0.0305  +0.42  0.034 |   0.37   0  0.151 +0.060  0.492  0.49
  R5 pred.06 Kv6e-4              6 |   1.03  |  0.052    10.0   1  0.070                 |  0.58  0.81 +0.03   32.6 +0.0397  +0.33  0.002 |   2.46   2  0.205 +0.014  0.542  0.40
  R5 pred.06 Kv6e-4              8 |   0.77  |  0.052     6.5   1  0.079                 |  0.59  0.83 +0.06   19.7 +0.0323  +0.38  0.002 |   1.59   2  0.125 +0.010  0.498  0.47
  R5 pred.06 Kv6e-4             12 |   0.19  |  0.055     3.6   0  0.087                 |  0.64  1.20 +0.12    7.6 +0.0325  +0.36  0.001 |   0.60   1  0.232 +0.013  0.581  0.44
  R5 pred.06 Kv6e-4             19 |   0.26  |  0.051     3.6   0  0.101                 |  0.68  1.13 +0.29    3.6 +0.0306  +0.41  0.002 |   0.41   0  0.112 +0.045  0.517  0.49
  R5 pred.06 Kv6e-4             26 |   0.03  |  0.049     3.6   0  0.105                 |  0.68  1.07 +0.39    3.6 +0.0285  +0.35  0.002 |   0.37   0  0.121 +0.049  0.494  0.49
  R5 pred.06 Kv1e-3              6 |   0.83  |  0.062     9.3   1  0.081                 |  0.58  0.97 -0.01   31.7 +0.0382  -0.16  0.005 |   2.75   2  0.299 -0.019  0.553  0.33
  R5 pred.06 Kv1e-3              8 |   0.84  |  0.063     5.9   1  0.081                 |  0.59  1.16 +0.01   18.8 +0.0324  +0.04  0.005 |   1.73   2  0.220 -0.028  0.511  0.42
  R5 pred.06 Kv1e-3             12 |   0.27  |  0.064     2.8   0  0.089                 |  0.65  1.34 +0.08    7.3 +0.0324  +0.25  0.002 |   0.61   1  0.294 -0.012  0.579  0.47
  R5 pred.06 Kv1e-3             19 |   0.33  |  0.055     3.6   0  0.103                 |  0.69  1.23 +0.26    3.6 +0.0301  +0.37  0.001 |   0.42   0  0.086 +0.029  0.518  0.48
  R5 pred.06 Kv1e-3             26 |   0.04  |  0.052     3.6   0  0.106                 |  0.69  1.10 +0.36    3.6 +0.0291  +0.32  0.002 |   0.37   0  0.099 +0.040  0.494  0.49
  R5 pred.06 Kv1.5e-3            6 |   1.58  |  0.074     8.5   1  0.100                 |  0.58  1.77 -0.05   30.8 +0.0392  -0.59  0.009 |   2.73   2  0.397 -0.049  0.562  0.29
  R5 pred.06 Kv1.5e-3            8 |   1.28  |  0.077     5.3   0  0.101                 |  0.60  1.61 -0.04   18.0 +0.0310  -0.27  0.009 |   1.79   2  0.320 -0.071  0.526  0.43
  R5 pred.06 Kv1.5e-3           12 |   0.35  |  0.075     2.6   0  0.093                 |  0.66  1.48 +0.03    7.1 +0.0324  +0.11  0.005 |   0.64   0  0.363 -0.043  0.580  0.46
  R5 pred.06 Kv1.5e-3           19 |   0.47  |  0.061     3.6   0  0.106                 |  0.71  2.33 -0.06    3.1 +0.0297  -0.08  0.011 |   0.41   0  0.134 +0.011  0.519  0.47
  R5 pred.06 Kv1.5e-3           26 |   0.06  |  0.055     3.6   0  0.108                 |  0.70  1.60 -0.02    2.1 +0.0286  -0.02  0.005 |   0.36   0  0.068 +0.027  0.495  0.48
  R5 pred.06 Kv1e-3 F.012        6 |   0.80  |  0.058     9.4   1  0.077                 |  0.57  0.82 +0.02   32.4 +0.0389  +0.21  0.001 |   2.79   2  0.289 -0.016  0.549  0.33
  R5 pred.06 Kv1e-3 F.012        8 |   0.89  |  0.057     6.0   1  0.074                 |  0.57  0.83 +0.06   19.5 +0.0327  +0.41  0.001 |   1.77   2  0.205 -0.024  0.505  0.41
  R5 pred.06 Kv1e-3 F.012       12 |   0.28  |  0.058     3.6   0  0.083                 |  0.63  1.18 +0.13    7.7 +0.0304  +0.40  0.004 |   0.58   1  0.280 -0.007  0.574  0.47
  R5 pred.06 Kv1e-3 F.012       19 |   0.33  |  0.051     3.6   0  0.098                 |  0.67  1.12 +0.31    3.6 +0.0306  +0.44  0.002 |   0.41   0  0.083 +0.033  0.514  0.48
  R5 pred.06 Kv1e-3 F.012       26 |   0.04  |  0.049     3.6   0  0.103                 |  0.67  1.07 +0.39    3.6 +0.0293  +0.35  0.002 |   0.36   0  0.105 +0.042  0.492  0.49
  R5 pred.09 Kv1e-3              6 |   1.28  |  0.066     9.2   1  0.087                 |  0.58  1.05 -0.03   31.3 +0.0372  -0.34  0.007 |   2.71   2  0.328 -0.031  0.553  0.31
  R5 pred.09 Kv1e-3              8 |   1.01  |  0.067     5.9   1  0.086                 |  0.60  1.23 -0.01   18.5 +0.0315  -0.04  0.007 |   1.73   2  0.252 -0.040  0.512  0.39
  R5 pred.09 Kv1e-3             12 |   0.24  |  0.063     3.6   0  0.089                 |  0.64  1.31 +0.08    7.4 +0.0325  +0.24  0.002 |   0.61   1  0.296 -0.015  0.577  0.49
  R5 pred.09 Kv1e-3             19 |   0.32  |  0.055     3.6   0  0.103                 |  0.69  1.20 +0.27    3.6 +0.0302  +0.38  0.001 |   0.42   0  0.084 +0.029  0.516  0.48
  R5 pred.09 Kv1e-3             26 |   0.04  |  0.051     3.6   0  0.106                 |  0.69  1.09 +0.38    3.6 +0.0292  +0.34  0.002 |   0.37   0  0.100 +0.040  0.493  0.49
  R5 pred.06 Kv1e-3 bmode        6 |   2.41  |  0.067     9.4   1  0.090                 |  0.60  1.01 -0.01   28.0 +0.0381  -0.11  0.009 |   2.17   2  0.242 +0.009  0.527  0.61
  R5 pred.06 Kv1e-3 bmode        8 |   1.54  |  0.069     5.8   0  0.091                 |  0.62  1.27 +0.01   16.4 +0.0301  +0.04  0.009 |   1.35   2  0.142 +0.013  0.487  0.66
  R5 pred.06 Kv1e-3 bmode       12 |   0.92  |  0.080     3.6   0  0.105                 |  0.74  1.86 +0.06    5.5 +0.0346  +0.18  0.008 |   0.43   1  0.235 +0.016  0.535  0.59
  R5 pred.06 Kv1e-3 bmode       19 |   0.64  |  0.065     3.6   0  0.112                 |  0.77  1.61 +0.28    3.6 +0.0285  +0.40  0.004 |   0.36   0  0.224 +0.090  0.474  0.52
  R5 pred.06 Kv1e-3 bmode       26 |   0.38  |  0.058     3.6   0  0.114                 |  0.75  1.37 +0.42    3.6 +0.0269  +0.38  0.003 |   0.32   0  0.216 +0.086  0.450  0.45
  R5 pred.06 Kv1e-3 noDOB        6 |   1.64  |  0.101     7.2   1  0.135                 |  0.59  4.50 -0.07   28.9 +0.0375  -0.86  0.017 |   2.53   2  0.545 -0.079  0.599  0.67
  R5 pred.06 Kv1e-3 noDOB        8 |   0.74  |  0.107     4.2   0  0.140                 |  0.62  4.92 -0.05   16.7 +0.0311  -0.33  0.021 |   1.74   2  0.511 -0.106  0.582  0.68
  R5 pred.06 Kv1e-3 noDOB       12 |   1.29  |  0.086     2.1   0  0.104                 |  0.70  2.20 +0.01    6.4 +0.0309  +0.02  0.000 |   0.55   1  0.424 +0.003  0.621  0.65
  R5 pred.06 Kv1e-3 noDOB       19 |   0.44  |  0.063     3.6   0  0.114                 |  0.75  1.34 +0.23    3.6 +0.0299  +0.33  0.007 |   0.39   0  0.142 +0.057  0.496  0.54
  R5 pred.06 Kv1e-3 noDOB       26 |   0.03  |  0.062     3.6   0  0.118                 |  0.74  1.17 +0.26    3.6 +0.0278  +0.23  0.005 |   0.31   0  0.069 +0.027  0.487  0.62

======================================================================================================================================================
WORLD mode, delays x1.5 | hold NEED x1.0
  cfg                            v | T3 pkpk | T5 stiction rms e, pk rate, dwells, max|e| | T7 step t50 t90 ov pk-rate windup past tail | T8 HARD TURN mode-rms bursts max|e|hold ov rms-e damp
  R4-flown                       6 |   2.18  |  0.034    12.9   1  0.066                 |  0.49  0.57 +0.40   61.1 +0.0408  +4.70  0.004 |   6.38   4  0.304 +0.122  0.348  0.82
  R4-flown                       8 |   1.37  |  0.040     7.7   1  0.077                 |  0.51  0.59 +0.34   37.1 +0.0337  +2.31  0.006 |   4.72   2  0.255 +0.102  0.327  0.72
  R4-flown                      12 |   0.78  |  0.041     4.6   0  0.087                 |  0.52  0.58 +0.38   21.2 +0.0309  +1.18  0.006 |   3.65   3  0.290 +0.116  0.325  0.72
  R4-flown                      19 |   0.61  |  0.045     3.5   0  0.108                 |  0.57  0.63 +0.39    9.9 +0.0296  +0.56  0.006 |   2.91   1  0.299 +0.120  0.338  0.73
  R4-flown                      26 |   0.09  |  0.050     3.6   0  0.116                 |  0.58  0.64 +0.51    6.5 +0.0273  +0.45  0.002 |   2.62   0  0.184 +0.074  0.300  0.54
  R5 base (rc.03 Kv6e-4)         6 |   0.57  |  0.031    17.7   1  0.063                 |  0.49  0.56 +0.46   66.6 +0.0421  +5.38  0.004 |  10.56   2  0.056 +0.022  0.441  0.70
  R5 base (rc.03 Kv6e-4)         8 |   0.43  |  0.031    12.0   1  0.070                 |  0.50  0.56 +0.50   42.4 +0.0356  +3.36  0.007 |   7.10   2  0.040 +0.016  0.402  0.55
  R5 base (rc.03 Kv6e-4)        12 |   0.49  |  0.036     7.3   1  0.078                 |  0.50  0.56 +0.53   24.4 +0.0310  +1.68  0.003 |   9.01   5  0.182 +0.027  0.436  0.71
  R5 base (rc.03 Kv6e-4)        19 | 206.13  |  0.034     4.8   0  0.095                 |  0.55  0.59 +0.58   12.4 +0.0314  +0.82  0.008 |   8.03   2  0.391 +0.156  0.438  0.43
  R5 base (rc.03 Kv6e-4)        26 | 970.79  |  0.034     3.6   0  0.100                 |  0.55  0.60 +0.66    8.6 +0.0288  +0.59  0.006 |  53.51  12  2.997 +1.199 20.012  0.60
  R5 rc.01                       6 |   0.38  |  0.031    16.9   1  0.062                 |  0.48  0.56 +0.42   64.3 +0.0432  +4.88  0.005 |   8.66   2  0.057 +0.023  0.441  0.70
  R5 rc.01                       8 |   0.65  |  0.031    11.5   1  0.070                 |  0.50  0.57 +0.45   41.0 +0.0342  +3.04  0.004 |   6.05   2  0.043 +0.017  0.402  0.57
  R5 rc.01                      12 |   0.47  |  0.036     7.0   1  0.078                 |  0.50  0.56 +0.48   23.7 +0.0313  +1.52  0.005 |   7.76   4  0.106 +0.028  0.438  0.73
  R5 rc.01                      19 |   3.57  |  0.034     4.7   0  0.095                 |  0.55  0.59 +0.54   12.2 +0.0316  +0.77  0.007 |   5.29   2  0.341 +0.136  0.417  0.51
  R5 rc.01                      26 | 961.23  |  0.034     3.6   0  0.100                 |  0.55  0.60 +0.65    8.5 +0.0289  +0.58  0.007 |  48.19  12  2.741 +1.096 20.633  0.59
  R5 rc.01 Kv1e-3                6 |   0.54  |  0.031    15.5   1  0.060                 |  0.47  0.55 +0.31   60.8 +0.0452  +3.63  0.003 |   9.15   2  0.073 +0.022  0.446  0.70
  R5 rc.01 Kv1e-3                8 |   0.57  |  0.031    10.4   1  0.068                 |  0.48  0.55 +0.34   39.3 +0.0358  +2.28  0.005 |   6.57   2  0.016 +0.006  0.403  0.67
  R5 rc.01 Kv1e-3               12 |   0.57  |  0.036     6.5   1  0.076                 |  0.49  0.55 +0.38   23.1 +0.0314  +1.20  0.005 |   6.74   3  0.134 +0.026  0.439  0.78
  R5 rc.01 Kv1e-3               19 |   0.42  |  0.034     4.5   0  0.094                 |  0.54  0.59 +0.51   12.3 +0.0327  +0.72  0.007 |   5.07   1  0.170 +0.068  0.396  0.63
  R5 rc.01 Kv1e-3               26 |   4.00  |  0.034     3.5   0  0.100                 |  0.55  0.59 +0.63    8.6 +0.0294  +0.56  0.007 |   4.18   0  0.428 +0.171  0.411  0.48
  R5 pred.06 Kv6e-4              6 |   0.33  |  0.033    17.6   1  0.067                 |  0.51  0.58 +0.53   64.1 +0.0397  +6.21  0.003 |   5.39   5  0.146 +0.059  0.417  0.61
  R5 pred.06 Kv6e-4              8 |   0.57  |  0.035    11.8   1  0.076                 |  0.52  0.59 +0.53   39.2 +0.0323  +3.52  0.004 |   3.61   6  0.192 +0.077  0.392  0.67
  R5 pred.06 Kv6e-4             12 | 862.36  |  0.039     7.3   1  0.083                 |  0.52  0.57 +0.61   23.5 +0.0325  +1.92  0.005 |  21.61  17  0.886 +0.282  2.069  0.45
  R5 pred.06 Kv6e-4             19 | 931.78  |  0.036     4.7   0  0.099                 |  0.56  0.61 +0.58   11.4 +0.0306  +0.83  0.007 |  32.86  11  1.907 +0.763 11.480  0.51
  R5 pred.06 Kv6e-4             26 | 986.91  |  0.035     3.6   0  0.103                 |  0.56  0.61 +0.64    8.1 +0.0285  +0.57  0.008 |  37.82  10  1.749 +0.458 22.534  0.46
  R5 pred.06 Kv1e-3              6 |   0.52  |  0.034    16.0   1  0.067                 |  0.50  0.58 +0.48   62.0 +0.0382  +5.61  0.002 |   5.41   4  0.117 +0.047  0.406  0.72
  R5 pred.06 Kv1e-3              8 |   0.32  |  0.037    10.5   1  0.078                 |  0.52  0.60 +0.44   37.2 +0.0324  +2.97  0.005 |   3.78   3  0.154 +0.062  0.380  0.64
  R5 pred.06 Kv1e-3             12 | 488.79  |  0.041     6.7   1  0.084                 |  0.52  0.58 +0.57   22.8 +0.0324  +1.80  0.003 |   5.62   4  0.364 +0.065  0.410  0.54
  R5 pred.06 Kv1e-3             19 | 1013.65  |  0.037     4.5   0  0.101                 |  0.56  0.62 +0.50   10.9 +0.0301  +0.71  0.006 |   4.71   3  0.198 +0.022  0.387  0.62
  R5 pred.06 Kv1e-3             26 | 949.41  |  0.035     3.5   0  0.105                 |  0.57  0.61 +0.60    7.8 +0.0282  +0.53  0.011 |  41.30  10  1.486 +0.416 20.001  0.44
  R5 pred.06 Kv1.5e-3            6 |   0.95  |  0.036    14.4   1  0.068                 |  0.50  0.58 +0.43   59.9 +0.0392  +5.05  0.002 |   5.39   3  0.107 +0.043  0.391  0.70
  R5 pred.06 Kv1.5e-3            8 |   0.47  |  0.040     9.2   1  0.079                 |  0.52  0.60 +0.36   35.3 +0.0310  +2.44  0.017 |   3.79   2  0.137 +0.055  0.362  0.63
  R5 pred.06 Kv1.5e-3           12 | 300.29  |  0.044     6.2   1  0.086                 |  0.52  0.58 +0.54   22.1 +0.0324  +1.68  0.003 |   4.67   4  0.316 +0.055  0.386  0.55
  R5 pred.06 Kv1.5e-3           19 | 984.19  |  0.039     4.2   0  0.103                 |  0.57  0.62 +0.46   10.4 +0.0297  +0.66  0.006 |   4.14   3  0.082 +0.020  0.378  0.58
  R5 pred.06 Kv1.5e-3           26 | 926.41  |  0.036     3.3   0  0.106                 |  0.57  0.62 +0.53    7.5 +0.0277  +0.48  0.008 |   3.43   0  0.215 +0.086  0.367  0.57
  R5 pred.06 Kv1e-3 F.012        6 |   1.05  |  0.030    16.4   1  0.063                 |  0.49  0.57 +0.53   62.9 +0.0389  +6.21  0.005 |   5.19   4  0.127 +0.051  0.400  0.69
  R5 pred.06 Kv1e-3 F.012        8 |   1.14  |  0.031    10.8   1  0.071                 |  0.51  0.58 +0.53   38.2 +0.0327  +3.53  0.005 |   3.59   4  0.169 +0.068  0.374  0.57
  R5 pred.06 Kv1e-3 F.012       12 | 567.04  |  0.036     6.9   1  0.078                 |  0.51  0.56 +0.65   23.4 +0.0304  +2.04  0.006 |   5.20   5  0.383 +0.088  0.413  0.46
  R5 pred.06 Kv1e-3 F.012       19 | 1013.72  |  0.034     4.5   0  0.096                 |  0.55  0.60 +0.60   11.6 +0.0306  +0.85  0.007 |   4.47   3  0.249 +0.044  0.380  0.57
  R5 pred.06 Kv1e-3 F.012       26 | 967.86  |  0.034     3.5   0  0.101                 |  0.56  0.60 +0.63    8.2 +0.0283  +0.56  0.007 |  44.49  10  0.907 +0.279 15.339  0.42
  R5 pred.09 Kv1e-3              6 |   0.42  |  0.035    16.5   1  0.068                 |  0.51  0.58 +0.53   62.7 +0.0372  +6.22  0.002 |   5.15   4  0.161 +0.064  0.399  0.70
  R5 pred.09 Kv1e-3              8 |   0.61  |  0.038    10.8   1  0.079                 |  0.53  0.60 +0.49   37.3 +0.0315  +3.26  0.004 |   3.58   5  0.200 +0.080  0.377  0.68
  R5 pred.09 Kv1e-3             12 | 827.58  |  0.041     6.9   1  0.084                 |  0.52  0.58 +0.61   23.1 +0.0325  +1.90  0.004 |   9.58  18  0.454 +0.162  0.564  0.35
  R5 pred.09 Kv1e-3             19 | 1025.01  |  0.037     4.5   0  0.101                 |  0.56  0.61 +0.52   11.0 +0.0302  +0.74  0.006 |   4.54   3  0.250 +0.040  0.385  0.57
  R5 pred.09 Kv1e-3             26 | 963.67  |  0.035     3.5   0  0.104                 |  0.56  0.61 +0.60    7.9 +0.0283  +0.54  0.008 |  37.15   9  1.086 +0.313 15.609  0.45
  R5 pred.06 Kv1e-3 bmode        6 |   1.31  |  0.032    13.9   1  0.070                 |  0.52  0.61 +0.35   53.5 +0.0381  +4.04  0.007 |   4.75   4  0.297 +0.119  0.365  0.79
  R5 pred.06 Kv1e-3 bmode        8 |   0.18  |  0.037     9.1   1  0.081                 |  0.54  0.62 +0.31   31.9 +0.0301  +2.09  0.007 |   3.52   2  0.284 +0.114  0.343  0.59
  R5 pred.06 Kv1e-3 bmode       12 |   0.79  |  0.042     5.1   1  0.093                 |  0.55  0.63 +0.31   17.2 +0.0325  +0.96  0.006 |   2.47   2  0.391 +0.156  0.320  0.49
  R5 pred.06 Kv1e-3 bmode       19 |   0.46  |  0.047     3.7   0  0.109                 |  0.59  0.66 +0.43    8.3 +0.0277  +0.61  0.005 |   2.10   1  0.391 +0.157  0.339  0.40
  R5 pred.06 Kv1e-3 bmode       26 |   0.33  |  0.036     3.5   0  0.112                 |  0.59  0.65 +0.53    6.2 +0.0269  +0.47  0.006 |   2.56   0  0.261 +0.104  0.311  0.28
  R5 pred.06 Kv1e-3 noDOB        6 |   1.26  |  0.038    12.5   1  0.071                 |  0.51  0.59 +0.45   57.8 +0.0375  +5.23  0.003 |   4.61   4  0.311 +0.125  0.327  0.61
  R5 pred.06 Kv1e-3 noDOB        8 |   0.98  |  0.047     7.4   1  0.086                 |  0.53  0.61 +0.32   33.2 +0.0311  +2.16  0.004 |   3.52   2  0.237 +0.095  0.309  0.51
  R5 pred.06 Kv1e-3 noDOB       12 |   1.22  |  0.045     4.7   0  0.094                 |  0.53  0.59 +0.48   20.3 +0.0309  +1.51  0.009 |   3.89   5  0.528 +0.193  0.338  0.47
  R5 pred.06 Kv1e-3 noDOB       19 | 1081.08  |  0.038     3.6   0  0.111                 |  0.57  0.63 +0.42    9.6 +0.0290  +0.60  0.004 |   4.39   6  0.957 +0.383  0.502  0.71
  R5 pred.06 Kv1e-3 noDOB       26 |   0.24  |  0.036     3.5   0  0.115                 |  0.57  0.63 +0.47    6.8 +0.0278  +0.42  0.005 |   2.71   0  0.060 +0.024  0.305  0.40

======================================================================================================================================================
WORLD mode, delays x1.5 | hold NEED x1.5
  cfg                            v | T3 pkpk | T5 stiction rms e, pk rate, dwells, max|e| | T7 step t50 t90 ov pk-rate windup past tail | T8 HARD TURN mode-rms bursts max|e|hold ov rms-e damp
  R4-flown                       6 |   1.83  |  0.070    10.9   1  0.094                 |  0.50  0.60 +0.13   51.9 +0.0408  +1.47  0.015 |   6.66   2  0.220 -0.033  0.429  0.69
  R4-flown                       8 |   1.42  |  0.077     6.3   1  0.098                 |  0.52  0.61 +0.07   31.6 +0.0337  +0.46  0.014 |   4.92   2  0.248 -0.072  0.427  0.59
  R4-flown                      12 |   0.51  |  0.066     3.6   0  0.087                 |  0.52  0.60 +0.06   17.4 +0.0309  +0.18  0.007 |   3.26   2  0.178 -0.035  0.421  0.51
  R4-flown                      19 |   0.34  |  0.054     3.5   0  0.108                 |  0.57  0.66 +0.14    8.2 +0.0296  +0.19  0.001 |   2.82   1  0.059 +0.007  0.402  0.55
  R4-flown                      26 |   0.16  |  0.058     3.6   0  0.116                 |  0.59  0.71 +0.15    5.2 +0.0273  +0.14  0.001 |   2.21   0  0.080 +0.003  0.413  0.44
  R5 base (rc.03 Kv6e-4)         6 |   1.38  |  0.037    15.0   1  0.063                 |  0.49  0.58 +0.20   57.0 +0.0421  +2.36  0.004 |  13.26   2  0.083 +0.033  0.485  0.52
  R5 base (rc.03 Kv6e-4)         8 |   1.09  |  0.037    10.1   1  0.070                 |  0.51  0.58 +0.22   36.2 +0.0356  +1.45  0.005 |   7.41   2  0.072 +0.029  0.453  0.50
  R5 base (rc.03 Kv6e-4)        12 |   0.59  |  0.043     5.8   1  0.078                 |  0.51  0.57 +0.19   20.1 +0.0310  +0.59  0.005 |   9.33   5  0.209 +0.030  0.506  0.58
  R5 base (rc.03 Kv6e-4)        19 |   0.55  |  0.040     3.8   0  0.095                 |  0.55  0.61 +0.24   10.2 +0.0314  +0.35  0.006 |   5.62   0  0.117 +0.047  0.464  0.48
  R5 base (rc.03 Kv6e-4)        26 |   0.24  |  0.038     3.2   0  0.100                 |  0.56  0.61 +0.27    6.9 +0.0288  +0.24  0.003 |   4.06   0  0.154 +0.033  0.448  0.48
  R5 rc.01                       6 |   1.20  |  0.037    14.4   1  0.062                 |  0.49  0.58 +0.17   55.1 +0.0432  +1.99  0.005 |  10.78   2  0.086 +0.034  0.485  0.56
  R5 rc.01                       8 |   0.68  |  0.037     9.6   1  0.070                 |  0.50  0.58 +0.18   35.0 +0.0342  +1.21  0.005 |   6.06   2  0.072 +0.029  0.453  0.52
  R5 rc.01                      12 |   0.73  |  0.043     5.7   1  0.078                 |  0.51  0.57 +0.15   19.6 +0.0313  +0.47  0.004 |   7.98   3  0.202 +0.035  0.504  0.58
  R5 rc.01                      19 |   0.38  |  0.039     3.7   0  0.095                 |  0.55  0.61 +0.21   10.1 +0.0316  +0.29  0.004 |   5.21   0  0.123 +0.049  0.465  0.48
  R5 rc.01                      26 |   0.12  |  0.038     3.2   0  0.100                 |  0.56  0.61 +0.22    6.8 +0.0289  +0.20  0.003 |   3.89   0  0.163 +0.037  0.448  0.48
  R5 rc.01 Kv1e-3                6 |   1.18  |  0.037    13.5   1  0.060                 |  0.48  0.57 +0.10   52.4 +0.0452  +1.21  0.004 |   9.27   2  0.136 +0.034  0.492  0.50
  R5 rc.01 Kv1e-3                8 |   0.70  |  0.037     8.9   1  0.068                 |  0.49  0.57 +0.11   33.8 +0.0358  +0.74  0.003 |   6.37   2  0.068 +0.027  0.456  0.52
  R5 rc.01 Kv1e-3               12 |   0.61  |  0.043     5.4   1  0.076                 |  0.50  0.57 +0.09   19.2 +0.0314  +0.29  0.005 |   6.27   3  0.211 +0.040  0.503  0.59
  R5 rc.01 Kv1e-3               19 |   0.16  |  0.040     3.6   0  0.094                 |  0.54  0.60 +0.20   10.2 +0.0327  +0.28  0.004 |   4.86   0  0.123 +0.049  0.464  0.52
  R5 rc.01 Kv1e-3               26 |   0.22  |  0.038     3.2   0  0.100                 |  0.55  0.61 +0.23    6.9 +0.0294  +0.21  0.004 |   3.43   0  0.098 +0.037  0.447  0.53
  R5 pred.06 Kv6e-4              6 |   0.96  |  0.050    14.2   1  0.067                 |  0.51  0.60 +0.21   54.2 +0.0397  +2.46  0.005 |   7.81   2  0.180 +0.000  0.463  0.63
  R5 pred.06 Kv6e-4              8 |   0.78  |  0.050     9.3   1  0.076                 |  0.53  0.61 +0.18   33.1 +0.0323  +1.24  0.005 |   3.65   3  0.129 -0.015  0.441  0.55
  R5 pred.06 Kv6e-4             12 |   8.74  |  0.053     5.6   1  0.083                 |  0.52  0.59 +0.20   19.1 +0.0325  +0.62  0.002 |   6.13   4  0.304 +0.003  0.480  0.61
  R5 pred.06 Kv6e-4             19 |   4.07  |  0.043     3.6   0  0.099                 |  0.56  0.63 +0.18    9.2 +0.0306  +0.26  0.002 |  25.49   9  0.503 +0.187  0.623  0.44
  R5 pred.06 Kv6e-4             26 |   0.54  |  0.040     3.3   0  0.103                 |  0.57  0.63 +0.20    6.4 +0.0285  +0.18  0.005 |   4.55   0  0.106 +0.022  0.447  0.49
  R5 pred.06 Kv1e-3              6 |   1.44  |  0.059    12.8   1  0.079                 |  0.51  0.60 +0.17   52.5 +0.0382  +1.95  0.009 |   7.02   2  0.224 -0.034  0.459  0.64
  R5 pred.06 Kv1e-3              8 |   1.00  |  0.060     8.3   1  0.078                 |  0.53  0.62 +0.12   31.5 +0.0324  +0.79  0.010 |   3.89   2  0.182 -0.049  0.436  0.55
  R5 pred.06 Kv1e-3             12 |   0.20  |  0.060     5.2   1  0.084                 |  0.53  0.60 +0.16   18.5 +0.0324  +0.51  0.004 |   5.62   4  0.360 -0.024  0.473  0.55
  R5 pred.06 Kv1e-3             19 |   0.64  |  0.047     3.4   0  0.101                 |  0.57  0.64 +0.17    8.9 +0.0301  +0.24  0.002 |   4.53   1  0.296 +0.037  0.452  0.55
  R5 pred.06 Kv1e-3             26 |   0.31  |  0.042     3.3   0  0.105                 |  0.57  0.63 +0.21    6.2 +0.0282  +0.19  0.002 |   4.16   0  0.107 +0.014  0.444  0.50
  R5 pred.06 Kv1.5e-3            6 |   1.87  |  0.070    11.5   1  0.097                 |  0.51  0.61 +0.13   50.9 +0.0392  +1.49  0.013 |   6.26   2  0.290 -0.068  0.456  0.64
  R5 pred.06 Kv1.5e-3            8 |   1.36  |  0.073     7.2   1  0.098                 |  0.53  0.63 +0.06   30.0 +0.0310  +0.37  0.013 |   3.89   2  0.261 -0.081  0.435  0.61
  R5 pred.06 Kv1.5e-3           12 |   0.55  |  0.069     4.7   0  0.089                 |  0.53  0.60 +0.14   18.0 +0.0324  +0.42  0.008 |   4.95   4  0.394 -0.057  0.466  0.55
  R5 pred.06 Kv1.5e-3           19 |   0.35  |  0.051     3.4   0  0.103                 |  0.57  0.65 +0.13    8.4 +0.0297  +0.18  0.002 |   4.37   2  0.223 +0.003  0.456  0.54
  R5 pred.06 Kv1.5e-3           26 |   0.16  |  0.044     3.4   0  0.106                 |  0.57  0.64 +0.22    5.9 +0.0277  +0.19  0.002 |   4.02   0  0.113 +0.008  0.442  0.52
  R5 pred.06 Kv1e-3 F.012        6 |   1.34  |  0.055    13.2   1  0.075                 |  0.50  0.59 +0.21   52.9 +0.0389  +2.40  0.006 |   7.17   2  0.219 -0.030  0.454  0.63
  R5 pred.06 Kv1e-3 F.012        8 |   0.97  |  0.054     8.5   1  0.072                 |  0.51  0.60 +0.18   32.1 +0.0327  +1.20  0.003 |   3.66   3  0.172 -0.042  0.430  0.54
  R5 pred.06 Kv1e-3 F.012       12 |   0.26  |  0.054     5.3   1  0.079                 |  0.51  0.58 +0.21   18.8 +0.0304  +0.67  0.004 |   5.81   4  0.342 -0.015  0.467  0.51
  R5 pred.06 Kv1e-3 F.012       19 |   0.75  |  0.043     3.5   0  0.096                 |  0.55  0.62 +0.18    9.4 +0.0306  +0.26  0.005 |   4.44   1  0.309 +0.056  0.454  0.55
  R5 pred.06 Kv1e-3 F.012       26 |   0.20  |  0.038     3.4   0  0.101                 |  0.56  0.62 +0.27    6.5 +0.0283  +0.24  0.008 |   4.21   0  0.108 +0.016  0.442  0.49
  R5 pred.09 Kv1e-3              6 |   1.77  |  0.062    13.1   1  0.084                 |  0.51  0.60 +0.19   52.9 +0.0372  +2.25  0.010 |   6.69   2  0.270 -0.045  0.454  0.63
  R5 pred.09 Kv1e-3              8 |   1.28  |  0.064     8.4   1  0.084                 |  0.53  0.62 +0.14   31.4 +0.0315  +0.91  0.012 |   3.43   3  0.228 -0.050  0.436  0.55
  R5 pred.09 Kv1e-3             12 |   3.77  |  0.059     5.2   1  0.084                 |  0.53  0.59 +0.18   18.7 +0.0325  +0.57  0.005 |   5.75   4  0.390 -0.026  0.470  0.53
  R5 pred.09 Kv1e-3             19 |   1.28  |  0.047     3.4   0  0.101                 |  0.57  0.63 +0.16    9.0 +0.0302  +0.23  0.002 |   4.54   1  0.346 +0.072  0.459  0.53
  R5 pred.09 Kv1e-3             26 |   0.36  |  0.042     3.2   0  0.104                 |  0.57  0.63 +0.21    6.3 +0.0283  +0.19  0.002 |   4.23   0  0.109 +0.019  0.443  0.51
  R5 pred.06 Kv1e-3 bmode        6 |   2.40  |  0.063    10.9   1  0.087                 |  0.53  0.64 +0.05   45.6 +0.0381  +0.59  0.013 |   5.05   2  0.185 +0.007  0.411  0.70
  R5 pred.06 Kv1e-3 bmode        8 |   1.45  |  0.066     7.0   1  0.088                 |  0.55  0.67 +0.02   27.3 +0.0301  +0.11  0.012 |   3.49   2  0.193 -0.005  0.390  0.73
  R5 pred.06 Kv1e-3 bmode       12 |   1.16  |  0.074     3.9   0  0.100                 |  0.56  0.78 +0.01   14.3 +0.0325  +0.02  0.012 |   2.21   2  0.269 -0.009  0.382  0.73
  R5 pred.06 Kv1e-3 bmode       19 |   0.31  |  0.061     3.5   0  0.109                 |  0.60  0.77 +0.19    6.8 +0.0277  +0.27  0.006 |   1.98   0  0.175 +0.016  0.369  0.65
  R5 pred.06 Kv1e-3 bmode       26 |   0.11  |  0.055     3.6   0  0.112                 |  0.60  0.74 +0.28    4.9 +0.0269  +0.25  0.004 |   1.75   0  0.123 +0.020  0.369  0.59
  R5 pred.06 Kv1e-3 noDOB        6 |   1.84  |  0.094     9.6   1  0.129                 |  0.52  0.62 +0.11   48.7 +0.0375  +1.23  0.023 |   5.03   3  0.436 -0.093  0.450  0.47
  R5 pred.06 Kv1e-3 noDOB        8 |   0.86  |  0.101     5.5   1  0.135                 |  0.54  0.65 +0.00   28.2 +0.0311  +0.00  0.023 |   3.43   3  0.432 -0.124  0.456  0.53
  R5 pred.06 Kv1e-3 noDOB       12 |   0.53  |  0.079     3.5   0  0.095                 |  0.54  0.62 +0.08   16.5 +0.0309  +0.25  0.012 |   3.41   3  0.463 -0.044  0.445  0.40
  R5 pred.06 Kv1e-3 noDOB       19 |   0.35  |  0.058     3.6   0  0.111                 |  0.58  0.67 +0.08    7.8 +0.0290  +0.12  0.001 |   2.51   1  0.114 -0.002  0.410  0.56
  R5 pred.06 Kv1e-3 noDOB       26 |   0.14  |  0.059     3.6   0  0.115                 |  0.58  0.67 +0.20    5.4 +0.0278  +0.18  0.001 |   2.62   0  0.115 -0.002  0.412  0.54

======================================================================================================================================================
WORLD mode, J x1.5 | hold NEED x1.0
  cfg                            v | T3 pkpk | T5 stiction rms e, pk rate, dwells, max|e| | T7 step t50 t90 ov pk-rate windup past tail | T8 HARD TURN mode-rms bursts max|e|hold ov rms-e damp
  R4-flown                       6 |   1.07  |  0.033    12.7   1  0.065                 |  0.50  0.58 +0.43   54.9 +0.0378  +5.04  0.002 |   4.33   4  0.289 +0.116  0.345  0.81
  R4-flown                       8 |   2.15  |  0.039     7.5   1  0.076                 |  0.51  0.59 +0.36   32.5 +0.0319  +2.42  0.006 |   3.09   2  0.234 +0.094  0.322  0.69
  R4-flown                      12 |   0.61  |  0.039     4.3   0  0.086                 |  0.51  0.58 +0.38   18.4 +0.0288  +1.20  0.009 |   2.20   3  0.275 +0.110  0.321  0.71
  R4-flown                      19 |   0.57  |  0.044     3.3   0  0.106                 |  0.56  0.63 +0.37    8.5 +0.0284  +0.53  0.012 |   1.94   0  0.399 +0.164  0.330  0.76
  R4-flown                      26 |   0.22  |  0.039     2.4   0  0.114                 |  0.57  0.64 +0.37    5.6 +0.0264  +0.33  0.007 |   2.03   0  0.055 +0.022  0.299  0.65
  R5 base (rc.03 Kv6e-4)         6 |   0.24  |  0.031    16.3   1  0.062                 |  0.49  0.57 +0.44   58.6 +0.0388  +5.16  0.006 |   5.41   3  0.074 +0.024  0.440  0.74
  R5 base (rc.03 Kv6e-4)         8 |   0.67  |  0.030    11.0   1  0.069                 |  0.50  0.57 +0.47   36.6 +0.0315  +3.17  0.005 |   3.46   3  0.077 +0.031  0.404  0.58
  R5 base (rc.03 Kv6e-4)        12 |   0.86  |  0.036     6.4   1  0.076                 |  0.50  0.56 +0.45   20.7 +0.0290  +1.42  0.006 |   4.24   4  0.290 +0.030  0.440  0.82
  R5 base (rc.03 Kv6e-4)        19 |   0.35  |  0.036     4.2   0  0.093                 |  0.54  0.59 +0.47   10.3 +0.0299  +0.67  0.005 |   3.78   1  0.218 +0.026  0.390  0.79
  R5 base (rc.03 Kv6e-4)        26 | 329.20  |  0.034     3.2   0  0.098                 |  0.54  0.59 +0.54    7.3 +0.0277  +0.49  0.005 |   3.27   0  0.254 +0.102  0.376  0.58
  R5 rc.01                       6 |   0.26  |  0.031    15.8   1  0.061                 |  0.49  0.57 +0.42   57.0 +0.0368  +4.85  0.005 |   5.02   3  0.067 +0.025  0.440  0.74
  R5 rc.01                       8 |   0.65  |  0.030    10.7   1  0.069                 |  0.50  0.57 +0.44   35.5 +0.0322  +2.98  0.005 |   3.27   3  0.077 +0.031  0.404  0.59
  R5 rc.01                      12 |   0.70  |  0.036     6.2   1  0.076                 |  0.49  0.56 +0.42   20.0 +0.0292  +1.31  0.003 |   3.67   4  0.276 +0.032  0.441  0.80
  R5 rc.01                      19 |   0.31  |  0.036     4.1   0  0.093                 |  0.54  0.59 +0.46   10.1 +0.0301  +0.65  0.008 |   3.52   1  0.214 +0.025  0.388  0.83
  R5 rc.01                      26 | 137.72  |  0.034     3.1   0  0.098                 |  0.54  0.59 +0.49    7.2 +0.0277  +0.44  0.006 |   3.38   0  0.271 +0.108  0.386  0.64
  R5 rc.01 Kv1e-3                6 |   0.52  |  0.031    14.0   1  0.059                 |  0.47  0.56 +0.32   54.5 +0.0380  +3.74  0.004 |   5.43   2  0.068 +0.021  0.444  0.76
  R5 rc.01 Kv1e-3                8 |   0.53  |  0.030     9.3   1  0.066                 |  0.48  0.57 +0.34   34.0 +0.0335  +2.27  0.006 |   3.62   2  0.018 +0.007  0.402  0.60
  R5 rc.01 Kv1e-3               12 |   0.46  |  0.036     5.5   1  0.074                 |  0.49  0.55 +0.32   19.2 +0.0295  +1.00  0.006 |   2.95   4  0.169 +0.026  0.439  0.85
  R5 rc.01 Kv1e-3               19 |   0.24  |  0.036     3.8   0  0.092                 |  0.53  0.59 +0.38   10.0 +0.0296  +0.54  0.007 |   3.48   0  0.124 +0.049  0.393  0.81
  R5 rc.01 Kv1e-3               26 |   0.72  |  0.034     3.0   0  0.098                 |  0.54  0.59 +0.45    7.1 +0.0282  +0.40  0.006 |   3.54   0  0.303 +0.121  0.379  0.60
  R5 pred.06 Kv6e-4              6 |   0.58  |  0.033    17.3   1  0.066                 |  0.50  0.59 +0.54   57.3 +0.0345  +6.29  0.006 |   3.79   6  0.180 +0.072  0.416  0.57
  R5 pred.06 Kv6e-4              8 |   0.45  |  0.034    11.5   1  0.075                 |  0.52  0.60 +0.53   34.7 +0.0291  +3.57  0.003 |   2.81   6  0.234 +0.094  0.392  0.61
  R5 pred.06 Kv6e-4             12 | 877.03  |  0.039     6.8   1  0.081                 |  0.51  0.57 +0.57   20.7 +0.0279  +1.80  0.007 |   6.13  17  0.553 +0.221  0.973  0.38
  R5 pred.06 Kv6e-4             19 | 1070.98  |  0.039     4.3   0  0.097                 |  0.55  0.61 +0.49    9.9 +0.0280  +0.70  0.008 |   3.67   3  0.296 +0.063  0.399  0.57
  R5 pred.06 Kv6e-4             26 | 953.09  |  0.036     3.2   0  0.101                 |  0.55  0.60 +0.54    7.0 +0.0275  +0.49  0.006 |   3.05   0  0.228 +0.091  0.362  0.55
  R5 pred.06 Kv1e-3              6 |   0.37  |  0.034    15.9   1  0.066                 |  0.50  0.59 +0.50   55.5 +0.0356  +5.80  0.002 |   3.86   4  0.127 +0.051  0.403  0.72
  R5 pred.06 Kv1e-3              8 |   0.36  |  0.037    10.4   1  0.077                 |  0.52  0.60 +0.46   32.9 +0.0293  +3.10  0.005 |   2.84   5  0.166 +0.067  0.377  0.62
  R5 pred.06 Kv1e-3             12 | 428.36  |  0.041     6.4   1  0.083                 |  0.51  0.58 +0.55   20.2 +0.0278  +1.72  0.003 |   3.10   8  0.465 +0.114  0.426  0.45
  R5 pred.06 Kv1e-3             19 | 1055.70  |  0.040     4.1   0  0.099                 |  0.55  0.62 +0.47    9.5 +0.0289  +0.67  0.005 |   3.31   2  0.226 +0.032  0.383  0.64
  R5 pred.06 Kv1e-3             26 | 882.65  |  0.036     3.1   0  0.103                 |  0.56  0.61 +0.49    6.8 +0.0272  +0.44  0.007 |   3.17   0  0.172 +0.069  0.366  0.67
  R5 pred.06 Kv1.5e-3            6 |   0.96  |  0.035    14.7   1  0.067                 |  0.50  0.59 +0.46   53.8 +0.0341  +5.35  0.002 |   3.87   3  0.105 +0.042  0.386  0.72
  R5 pred.06 Kv1.5e-3            8 |   0.84  |  0.039     9.4   1  0.079                 |  0.52  0.61 +0.39   31.2 +0.0295  +2.64  0.004 |   2.79   3  0.132 +0.053  0.356  0.66
  R5 pred.06 Kv1.5e-3           12 | 274.82  |  0.043     6.0   1  0.085                 |  0.51  0.58 +0.52   19.6 +0.0278  +1.64  0.004 |   3.04   7  0.425 +0.098  0.404  0.50
  R5 pred.06 Kv1.5e-3           19 | 1020.34  |  0.043     3.9   0  0.101                 |  0.56  0.62 +0.41    9.0 +0.0285  +0.58  0.006 |   3.20   3  0.168 +0.045  0.384  0.56
  R5 pred.06 Kv1.5e-3           26 | 663.12  |  0.037     3.0   0  0.104                 |  0.56  0.61 +0.45    6.5 +0.0268  +0.41  0.007 |   3.03   0  0.160 +0.024  0.355  0.73
  R5 pred.06 Kv1e-3 F.012        6 |   0.87  |  0.030    16.3   1  0.062                 |  0.49  0.58 +0.55   56.8 +0.0363  +6.45  0.008 |   3.61   4  0.137 +0.055  0.397  0.65
  R5 pred.06 Kv1e-3 F.012        8 |   1.29  |  0.031    10.7   1  0.070                 |  0.50  0.58 +0.55   34.2 +0.0295  +3.69  0.005 |   2.64   5  0.182 +0.073  0.371  0.62
  R5 pred.06 Kv1e-3 F.012       12 | 430.02  |  0.036     6.6   1  0.077                 |  0.50  0.56 +0.62   20.8 +0.0269  +1.95  0.006 |   2.91  14  0.485 +0.143  0.446  0.41
  R5 pred.06 Kv1e-3 F.012       19 | 1054.25  |  0.037     4.2   0  0.094                 |  0.54  0.60 +0.54   10.1 +0.0293  +0.77  0.007 |   3.37   2  0.241 +0.032  0.378  0.62
  R5 pred.06 Kv1e-3 F.012       26 | 820.54  |  0.035     3.2   0  0.099                 |  0.55  0.60 +0.56    7.1 +0.0272  +0.50  0.006 |   3.03   0  0.195 +0.078  0.363  0.55
  R5 pred.09 Kv1e-3              6 |   0.64  |  0.034    16.5   1  0.067                 |  0.50  0.59 +0.55   56.4 +0.0347  +6.40  0.003 |   3.85   4  0.158 +0.063  0.394  0.68
  R5 pred.09 Kv1e-3              8 |   0.61  |  0.037    10.8   1  0.078                 |  0.52  0.61 +0.51   33.2 +0.0285  +3.40  0.003 |   2.90   5  0.201 +0.080  0.372  0.68
  R5 pred.09 Kv1e-3             12 | 728.96  |  0.041     6.5   1  0.083                 |  0.51  0.58 +0.58   20.5 +0.0279  +1.81  0.003 |   3.26  15  0.517 +0.162  0.466  0.39
  R5 pred.09 Kv1e-3             19 | 1065.95  |  0.041     4.2   0  0.099                 |  0.55  0.61 +0.48    9.6 +0.0290  +0.68  0.006 |   3.33   3  0.277 +0.054  0.382  0.62
  R5 pred.09 Kv1e-3             26 | 918.60  |  0.036     3.2   0  0.102                 |  0.55  0.61 +0.50    6.9 +0.0273  +0.44  0.006 |   3.02   0  0.212 +0.085  0.362  0.56
  R5 pred.06 Kv1e-3 bmode        6 |   0.81  |  0.032    15.0   1  0.069                 |  0.52  0.62 +0.42   48.2 +0.0334  +4.92  0.005 |   3.34   4  0.282 +0.113  0.362  0.76
  R5 pred.06 Kv1e-3 bmode        8 |   0.86  |  0.036     9.7   1  0.080                 |  0.54  0.64 +0.37   28.2 +0.0288  +2.45  0.007 |   2.49   2  0.257 +0.103  0.337  0.62
  R5 pred.06 Kv1e-3 bmode       12 |   0.51  |  0.041     5.4   1  0.092                 |  0.55  0.63 +0.35   15.2 +0.0303  +1.09  0.007 |   1.84   2  0.374 +0.150  0.314  0.52
  R5 pred.06 Kv1e-3 bmode       19 |   0.59  |  0.041     3.6   0  0.108                 |  0.59  0.67 +0.37    7.3 +0.0267  +0.52  0.012 |   1.90   1  0.500 +0.201  0.359  0.42
  R5 pred.06 Kv1e-3 bmode       26 |   0.26  |  0.034     2.8   0  0.110                 |  0.58  0.65 +0.48    5.5 +0.0254  +0.43  0.010 |   1.95   0  0.145 +0.058  0.297  0.20
  R5 pred.06 Kv1e-3 noDOB        6 |   0.69  |  0.037    13.4   1  0.071                 |  0.51  0.60 +0.50   52.4 +0.0350  +5.84  0.003 |   3.30   4  0.285 +0.114  0.325  0.60
  R5 pred.06 Kv1e-3 noDOB        8 |   0.87  |  0.045     7.9   1  0.085                 |  0.53  0.62 +0.37   29.7 +0.0284  +2.46  0.008 |   2.57   3  0.189 +0.075  0.301  0.51
  R5 pred.06 Kv1e-3 noDOB       12 |   0.14  |  0.044     4.9   0  0.093                 |  0.52  0.59 +0.52   18.4 +0.0287  +1.62  0.013 |   3.20   5  0.391 +0.137  0.326  0.43
  R5 pred.06 Kv1e-3 noDOB       19 | 1121.25  |  0.041     3.4   0  0.109                 |  0.56  0.63 +0.40    8.4 +0.0279  +0.58  0.008 |   4.62  15  1.448 +0.579  0.874  0.71
  R5 pred.06 Kv1e-3 noDOB       26 |   0.26  |  0.038     2.5   0  0.113                 |  0.56  0.63 +0.42    5.9 +0.0262  +0.37  0.007 |   2.40   0  0.114 +0.059  0.307  0.30

======================================================================================================================================================
WORLD mode, J x1.5 | hold NEED x1.5
  cfg                            v | T3 pkpk | T5 stiction rms e, pk rate, dwells, max|e| | T7 step t50 t90 ov pk-rate windup past tail | T8 HARD TURN mode-rms bursts max|e|hold ov rms-e damp
  R4-flown                       6 |   1.59  |  0.070    10.4   1  0.093                 |  0.50  0.60 +0.16   47.8 +0.0378  +1.83  0.015 |   4.40   2  0.230 -0.034  0.423  0.71
  R4-flown                       8 |   1.48  |  0.076     6.1   1  0.098                 |  0.52  0.62 +0.09   28.4 +0.0319  +0.60  0.017 |   3.13   2  0.254 -0.072  0.421  0.62
  R4-flown                      12 |   0.58  |  0.065     3.4   0  0.086                 |  0.52  0.61 +0.05   15.5 +0.0288  +0.17  0.008 |   2.25   2  0.191 -0.034  0.418  0.62
  R4-flown                      19 |   0.39  |  0.053     2.5   0  0.106                 |  0.57  0.67 +0.09    7.1 +0.0284  +0.13  0.001 |   1.92   0  0.060 -0.005  0.397  0.56
  R4-flown                      26 |   0.23  |  0.057     2.4   0  0.114                 |  0.58  0.72 +0.13    4.6 +0.0264  +0.12  0.001 |   2.38   0  0.088 -0.003  0.408  0.46
  R5 base (rc.03 Kv6e-4)         6 |   0.79  |  0.037    13.9   1  0.062                 |  0.49  0.59 +0.21   51.5 +0.0388  +2.41  0.005 |   7.21   2  0.088 +0.035  0.482  0.56
  R5 base (rc.03 Kv6e-4)         8 |   0.21  |  0.037     9.3   1  0.069                 |  0.50  0.59 +0.21   32.0 +0.0315  +1.43  0.003 |   3.64   2  0.068 +0.027  0.452  0.54
  R5 base (rc.03 Kv6e-4)        12 |   0.89  |  0.043     5.3   1  0.076                 |  0.50  0.58 +0.15   17.5 +0.0290  +0.48  0.005 |   5.79   4  0.212 +0.032  0.503  0.66
  R5 base (rc.03 Kv6e-4)        19 |   0.20  |  0.042     3.4   0  0.093                 |  0.54  0.61 +0.15    8.7 +0.0299  +0.21  0.003 |   4.62   0  0.165 +0.038  0.460  0.55
  R5 base (rc.03 Kv6e-4)        26 |   0.16  |  0.039     2.5   0  0.098                 |  0.55  0.61 +0.18    6.0 +0.0277  +0.16  0.006 |   4.48   0  0.099 +0.040  0.448  0.51
  R5 rc.01                       6 |   0.77  |  0.037    13.5   1  0.061                 |  0.49  0.59 +0.19   50.2 +0.0368  +2.17  0.005 |   6.53   2  0.090 +0.036  0.482  0.56
  R5 rc.01                       8 |   0.23  |  0.036     9.0   1  0.069                 |  0.50  0.59 +0.19   31.1 +0.0322  +1.28  0.005 |   3.41   2  0.065 +0.026  0.452  0.52
  R5 rc.01                      12 |   0.87  |  0.043     5.1   1  0.076                 |  0.50  0.58 +0.13   17.1 +0.0292  +0.40  0.005 |   4.95   4  0.235 +0.030  0.505  0.66
  R5 rc.01                      19 |   0.21  |  0.041     3.3   0  0.093                 |  0.54  0.61 +0.16    8.6 +0.0301  +0.22  0.004 |   4.37   0  0.109 +0.041  0.463  0.56
  R5 rc.01                      26 |   0.20  |  0.039     2.5   0  0.098                 |  0.55  0.61 +0.17    5.9 +0.0277  +0.16  0.006 |   4.13   0  0.097 +0.039  0.446  0.56
  R5 rc.01 Kv1e-3                6 |   1.31  |  0.037    12.1   1  0.059                 |  0.48  0.58 +0.13   48.4 +0.0380  +1.47  0.004 |   6.29   2  0.134 +0.032  0.488  0.55
  R5 rc.01 Kv1e-3                8 |   0.18  |  0.036     8.0   1  0.066                 |  0.49  0.58 +0.12   30.0 +0.0335  +0.83  0.002 |   3.52   2  0.069 +0.025  0.454  0.54
  R5 rc.01 Kv1e-3               12 |   0.61  |  0.043     4.6   0  0.074                 |  0.49  0.57 +0.06   16.5 +0.0295  +0.20  0.005 |   3.39   3  0.228 +0.040  0.501  0.66
  R5 rc.01 Kv1e-3               19 |   0.24  |  0.041     3.1   0  0.092                 |  0.54  0.61 +0.13    8.5 +0.0296  +0.19  0.003 |   4.18   0  0.107 +0.043  0.462  0.55
  R5 rc.01 Kv1e-3               26 |   0.15  |  0.039     2.4   0  0.098                 |  0.54  0.61 +0.16    5.9 +0.0282  +0.15  0.003 |   3.93   0  0.129 +0.042  0.446  0.53
  R5 pred.06 Kv6e-4              6 |   1.07  |  0.050    14.0   1  0.066                 |  0.51  0.61 +0.23   49.6 +0.0345  +2.72  0.006 |   5.23   4  0.208 +0.007  0.460  0.65
  R5 pred.06 Kv6e-4              8 |   0.67  |  0.050     9.2   1  0.075                 |  0.53  0.62 +0.21   29.9 +0.0291  +1.40  0.009 |   3.01   4  0.176 +0.002  0.441  0.59
  R5 pred.06 Kv6e-4             12 |   0.90  |  0.052     5.4   1  0.081                 |  0.52  0.59 +0.20   17.2 +0.0279  +0.63  0.005 |   4.54   4  0.439 +0.001  0.483  0.53
  R5 pred.06 Kv6e-4             19 |   0.30  |  0.046     3.4   0  0.097                 |  0.56  0.63 +0.15    8.2 +0.0280  +0.22  0.004 |   3.66   1  0.298 +0.067  0.457  0.56
  R5 pred.06 Kv6e-4             26 |   0.14  |  0.041     2.5   0  0.101                 |  0.56  0.62 +0.17    5.7 +0.0275  +0.15  0.005 |   4.20   0  0.226 +0.039  0.444  0.53
  R5 pred.06 Kv1e-3              6 |   0.87  |  0.059    12.8   1  0.078                 |  0.51  0.61 +0.19   48.1 +0.0356  +2.27  0.010 |   5.02   2  0.237 -0.031  0.454  0.67
  R5 pred.06 Kv1e-3              8 |   0.82  |  0.060     8.3   1  0.077                 |  0.53  0.63 +0.15   28.4 +0.0293  +0.99  0.012 |   2.78   4  0.208 -0.035  0.435  0.59
  R5 pred.06 Kv1e-3             12 |   0.94  |  0.059     5.0   1  0.083                 |  0.52  0.60 +0.17   16.8 +0.0278  +0.54  0.007 |   4.17   4  0.418 -0.023  0.472  0.56
  R5 pred.06 Kv1e-3             19 |   0.25  |  0.050     3.2   0  0.099                 |  0.56  0.64 +0.12    7.9 +0.0289  +0.17  0.004 |   3.39   0  0.231 +0.033  0.448  0.55
  R5 pred.06 Kv1e-3             26 |   0.15  |  0.043     2.4   0  0.103                 |  0.56  0.63 +0.13    5.5 +0.0272  +0.12  0.004 |   4.15   0  0.245 +0.042  0.441  0.51
  R5 pred.06 Kv1.5e-3            6 |   1.82  |  0.070    11.7   1  0.096                 |  0.51  0.61 +0.16   46.7 +0.0341  +1.85  0.015 |   4.52   2  0.296 -0.068  0.451  0.64
  R5 pred.06 Kv1.5e-3            8 |   0.97  |  0.073     7.4   1  0.097                 |  0.53  0.64 +0.09   27.0 +0.0295  +0.59  0.016 |   2.72   3  0.270 -0.073  0.432  0.63
  R5 pred.06 Kv1.5e-3           12 |   0.89  |  0.069     4.6   0  0.090                 |  0.52  0.60 +0.15   16.3 +0.0278  +0.46  0.010 |   3.29   4  0.393 -0.067  0.461  0.59
  R5 pred.06 Kv1.5e-3           19 |   0.25  |  0.055     3.0   0  0.101                 |  0.56  0.65 +0.07    7.5 +0.0285  +0.10  0.005 |   3.20   0  0.198 +0.008  0.449  0.58
  R5 pred.06 Kv1.5e-3           26 |   0.14  |  0.045     2.3   0  0.104                 |  0.56  0.64 +0.13    5.3 +0.0268  +0.12  0.005 |   3.96   0  0.221 +0.021  0.441  0.50
  R5 pred.06 Kv1e-3 F.012        6 |   0.89  |  0.055    13.2   1  0.075                 |  0.50  0.60 +0.24   49.0 +0.0363  +2.77  0.006 |   5.07   3  0.233 -0.027  0.449  0.65
  R5 pred.06 Kv1e-3 F.012        8 |   0.78  |  0.054     8.5   1  0.072                 |  0.51  0.61 +0.21   29.3 +0.0295  +1.43  0.007 |   2.77   4  0.199 -0.029  0.429  0.54
  R5 pred.06 Kv1e-3 F.012       12 |   0.27  |  0.054     5.1   1  0.077                 |  0.50  0.58 +0.23   17.2 +0.0269  +0.72  0.003 |   4.33   4  0.411 -0.019  0.469  0.51
  R5 pred.06 Kv1e-3 F.012       19 |   0.24  |  0.045     3.3   0  0.094                 |  0.55  0.62 +0.18    8.4 +0.0293  +0.26  0.005 |   3.37   0  0.247 +0.047  0.443  0.56
  R5 pred.06 Kv1e-3 F.012       26 |   0.19  |  0.040     2.5   0  0.099                 |  0.55  0.62 +0.19    5.8 +0.0272  +0.17  0.005 |   4.09   0  0.211 +0.028  0.441  0.49
  R5 pred.09 Kv1e-3              6 |   1.07  |  0.062    13.2   1  0.084                 |  0.51  0.61 +0.22   48.6 +0.0347  +2.58  0.012 |   4.88   4  0.284 -0.035  0.450  0.66
  R5 pred.09 Kv1e-3              8 |   0.99  |  0.064     8.5   1  0.083                 |  0.53  0.63 +0.17   28.5 +0.0285  +1.12  0.015 |   2.81   4  0.259 -0.034  0.434  0.57
  R5 pred.09 Kv1e-3             12 |   6.72  |  0.059     5.1   1  0.083                 |  0.52  0.59 +0.19   17.0 +0.0279  +0.61  0.007 |   4.20   4  0.407 -0.028  0.470  0.54
  R5 pred.09 Kv1e-3             19 |   0.41  |  0.049     3.3   0  0.099                 |  0.56  0.63 +0.14    8.0 +0.0290  +0.20  0.004 |   3.38   0  0.241 +0.036  0.446  0.55
  R5 pred.09 Kv1e-3             26 |   0.23  |  0.043     2.4   0  0.102                 |  0.56  0.63 +0.14    5.6 +0.0273  +0.13  0.005 |   4.21   0  0.265 +0.049  0.441  0.53
  R5 pred.06 Kv1e-3 bmode        6 |   1.86  |  0.063    11.6   1  0.087                 |  0.53  0.65 +0.10   42.0 +0.0334  +1.21  0.014 |   3.51   2  0.193 +0.007  0.406  0.72
  R5 pred.06 Kv1e-3 bmode        8 |   1.03  |  0.066     7.4   1  0.088                 |  0.55  0.67 +0.04   24.5 +0.0288  +0.30  0.012 |   2.60   2  0.198 -0.006  0.385  0.72
  R5 pred.06 Kv1e-3 bmode       12 |   1.06  |  0.074     4.0   0  0.099                 |  0.55  0.68 -0.00   12.7 +0.0303  -0.01  0.013 |   1.79   2  0.269 -0.008  0.378  0.72
  R5 pred.06 Kv1e-3 bmode       19 |   0.44  |  0.060     2.7   0  0.108                 |  0.60  0.73 +0.15    6.0 +0.0267  +0.22  0.009 |   1.46   0  0.159 -0.001  0.359  0.62
  R5 pred.06 Kv1e-3 bmode       26 |   0.23  |  0.054     2.4   0  0.110                 |  0.59  0.69 +0.21    4.4 +0.0254  +0.18  0.005 |   2.41   0  0.129 +0.020  0.362  0.55
  R5 pred.06 Kv1e-3 noDOB        6 |   2.40  |  0.094    10.1   1  0.129                 |  0.52  0.63 +0.15   45.2 +0.0350  +1.75  0.023 |   3.62   3  0.436 -0.102  0.443  0.46
  R5 pred.06 Kv1e-3 noDOB        8 |   1.20  |  0.101     5.9   1  0.134                 |  0.54  0.66 +0.04   25.6 +0.0284  +0.26  0.023 |   2.53   4  0.432 -0.130  0.448  0.52
  R5 pred.06 Kv1e-3 noDOB       12 |   0.27  |  0.078     3.5   0  0.095                 |  0.53  0.62 +0.11   15.2 +0.0287  +0.33  0.014 |   2.60   4  0.526 -0.022  0.444  0.35
  R5 pred.06 Kv1e-3 noDOB       19 |   0.53  |  0.058     2.6   0  0.109                 |  0.57  0.67 +0.07    7.0 +0.0279  +0.09  0.001 |   2.20   1  0.144 -0.010  0.408  0.46
  R5 pred.06 Kv1e-3 noDOB       26 |   0.09  |  0.049     2.4   0  0.113                 |  0.57  0.66 +0.09    4.8 +0.0262  +0.08  0.001 |   2.76   0  0.132 +0.005  0.407  0.46